#      X                       Y                  Type
1.411591392132564238e+00 4.525926651791443156e-01 1.000000000000000000e+00
1.241149516168323919e+00 5.977247433009199584e-01 1.000000000000000000e+00
1.986077524552420925e+00 5.114607494663088172e-01 1.000000000000000000e+00
1.696772879209150986e+00 3.311784161951016880e-01 0.000000000000000000e+00
1.424167101466759622e+00 1.046159070130382451e-01 1.000000000000000000e+00
1.062209009632310464e+00 5.969443985848464918e-01 1.000000000000000000e+00
1.969425420770737123e+00 5.411225594797668403e-01 1.000000000000000000e+00
1.204190889131414810e+00 1.569215960743705063e-01 0.000000000000000000e+00
1.787026438215131297e+00 7.646291217756494563e-01 0.000000000000000000e+00
1.384760198425125877e+00 1.767816337336344246e-01 1.000000000000000000e+00
1.481653863545297378e+00 7.107226122023890813e-01 1.000000000000000000e+00
1.467536117783824867e+00 8.884343547760504833e-01 1.000000000000000000e+00
1.394628874015548359e+00 8.108417567497587797e-01 1.000000000000000000e+00
1.149567500095460826e+00 8.589882252075767832e-01 0.000000000000000000e+00
1.475640481214494093e+00 1.860855608404096140e-01 0.000000000000000000e+00
1.706745731483880091e+00 5.837019113415525817e-01 1.000000000000000000e+00
1.490117241177803642e+00 3.810327957239223462e-01 1.000000000000000000e+00
1.123137971690312931e+00 2.178074857715749379e-01 0.000000000000000000e+00
1.137184656863460930e+00 9.990513446879188963e-01 0.000000000000000000e+00
1.744507795088967139e+00 5.010575954843962121e-01 0.000000000000000000e+00
1.193907635634256392e+00 5.903847170637921415e-01 1.000000000000000000e+00
1.356940941711896720e+00 1.543990830245350887e-01 1.000000000000000000e+00
1.822877572226887732e+00 7.440764102945601755e-01 0.000000000000000000e+00
1.756835320394243727e+00 8.992444277251381290e-01 0.000000000000000000e+00
1.291140716033735147e+00 1.882312759865177876e-01 0.000000000000000000e+00
1.554714927209199349e+00 9.925177430453168137e-01 0.000000000000000000e+00
1.281267058136787762e+00 4.032116463954252827e-01 1.000000000000000000e+00
1.642887983256123174e+00 2.517290684639711396e-01 0.000000000000000000e+00
1.901155602664905464e+00 1.425890932118933918e-01 0.000000000000000000e+00
1.285316812854162993e+00 4.927189589257807700e-02 1.000000000000000000e+00
1.220503930966074346e+00 9.712773511379270142e-01 0.000000000000000000e+00
1.864962266094830401e+00 8.950510718550150902e-01 0.000000000000000000e+00
1.848383308996200292e+00 5.779056692307017462e-01 1.000000000000000000e+00
1.201714931964782185e+00 5.006312163447529384e-01 1.000000000000000000e+00
1.882009889702846550e+00 8.325666795841455414e-01 0.000000000000000000e+00
1.374898881870698419e+00 9.825272161364329015e-01 1.000000000000000000e+00
1.276334408171041712e+00 6.471511222911663364e-02 1.000000000000000000e+00
1.774462577122036144e+00 3.687330319262253076e-01 0.000000000000000000e+00
1.925016984688156629e+00 9.280885505658948986e-01 0.000000000000000000e+00
1.141150518605139386e+00 3.739845152625211888e-01 0.000000000000000000e+00
1.804008137837235681e+00 6.234383819758195777e-01 1.000000000000000000e+00
1.550500663458912021e+00 6.106580345029992696e-01 1.000000000000000000e+00
1.134015225634153801e+00 5.378931232263661766e-02 0.000000000000000000e+00
1.911547977569965084e+00 1.997538410997233838e-01 0.000000000000000000e+00
1.322065192939042344e+00 2.420445792500045545e-01 0.000000000000000000e+00
1.128893847471258205e+00 4.614393551944335758e-01 1.000000000000000000e+00
1.343313168855966744e+00 6.420702096543123849e-01 1.000000000000000000e+00
1.561823857465599819e+00 7.466425822351666630e-01 1.000000000000000000e+00
1.804965723168338476e+00 4.403948462775607586e-01 0.000000000000000000e+00
1.939866009084198373e+00 1.242884571547989703e-01 0.000000000000000000e+00
1.083196200470732062e+00 2.608458016844168448e-01 0.000000000000000000e+00
1.221981219647474415e+00 5.868322673147285951e-01 1.000000000000000000e+00
1.120707990090614725e+00 9.005045201291164148e-01 0.000000000000000000e+00
1.104586096192174738e+00 3.565970154038538009e-01 0.000000000000000000e+00
1.693091780806609936e+00 3.121249058678027266e-01 0.000000000000000000e+00
1.154649285365555667e+00 5.014186695473122901e-01 1.000000000000000000e+00
1.850887267351273735e+00 9.456464600924089359e-01 0.000000000000000000e+00
1.786120773390278194e+00 7.570984892773442443e-01 0.000000000000000000e+00
1.669326569610277478e+00 8.738511388326869467e-01 0.000000000000000000e+00
1.418655718114531616e+00 1.257727231048941796e-01 1.000000000000000000e+00
1.220961164141624256e+00 3.087346665252073130e-01 0.000000000000000000e+00
1.073137763075061146e+00 4.990870563750449129e-01 1.000000000000000000e+00
1.525888466582311143e+00 8.496557479369537536e-01 0.000000000000000000e+00
1.464716249734401732e+00 8.262106995523762487e-01 1.000000000000000000e+00
1.261065855154057669e+00 8.333120096389294851e-01 1.000000000000000000e+00
1.858809874525539030e+00 9.443501031321616113e-01 0.000000000000000000e+00
1.535163987243441053e+00 7.585357712639003713e-01 1.000000000000000000e+00
1.487623187796185853e+00 5.892346879000390780e-01 1.000000000000000000e+00
1.492917137119216253e+00 2.232663385464677130e-01 0.000000000000000000e+00
1.235848701441776054e+00 4.410064302516883972e-01 1.000000000000000000e+00
1.137509522313406629e+00 7.321345849229025093e-01 1.000000000000000000e+00
1.155796953901044422e+00 5.366664905543355735e-01 1.000000000000000000e+00
1.285892719839436538e+00 6.388898447826729665e-01 1.000000000000000000e+00
1.422739551895261467e+00 7.729454496847002476e-01 1.000000000000000000e+00
1.660395036260818191e+00 8.519633543684490551e-01 0.000000000000000000e+00
1.625296949852398587e+00 2.739639865911770444e-01 0.000000000000000000e+00
1.202611314696323763e+00 9.511813137586637712e-01 0.000000000000000000e+00
1.668699424377352969e+00 3.392354259342902356e-01 0.000000000000000000e+00
1.604008221964932757e+00 8.499211643015275319e-01 0.000000000000000000e+00
1.226143915979632126e+00 8.335986741267916722e-01 0.000000000000000000e+00
1.183287268992653463e+00 9.632394593229673951e-01 0.000000000000000000e+00
1.519099345903570430e+00 6.307946384213748425e-01 1.000000000000000000e+00
1.721851142465691265e+00 2.518471682198953898e-01 0.000000000000000000e+00
1.272128497096526978e+00 8.163623029782567375e-01 1.000000000000000000e+00
1.682696117280512382e+00 4.046212980110573953e-01 0.000000000000000000e+00
1.599978745838449568e+00 5.060854580419428261e-01 1.000000000000000000e+00
1.423022365385945953e+00 3.752913539759049621e-01 1.000000000000000000e+00
1.190222642054330038e+00 2.646572502636991286e-01 0.000000000000000000e+00
1.823114080239110812e+00 4.081636878615735320e-02 0.000000000000000000e+00
1.242652493026970673e+00 4.219854819196469098e-01 1.000000000000000000e+00
1.008033175183422170e+00 9.864221662961094594e-01 0.000000000000000000e+00
1.553682335545019111e+00 3.809803953474077964e-02 0.000000000000000000e+00
1.791778930500090850e+00 2.093391247398412869e-02 0.000000000000000000e+00
1.925861463253507377e+00 4.413894502992310453e-02 0.000000000000000000e+00
1.169044974245030843e+00 6.932501275237513694e-01 1.000000000000000000e+00
1.377794891990257176e+00 6.352130451671504918e-01 1.000000000000000000e+00
1.943477670594174089e+00 6.877192503526464717e-01 1.000000000000000000e+00
1.752062279550819834e+00 6.879377455691558785e-01 0.000000000000000000e+00
1.370947314621126178e+00 5.088423058304056834e-01 1.000000000000000000e+00
1.897867363299623689e+00 5.781437993382857465e-01 1.000000000000000000e+00
1.403637895973565364e+00 9.293209201817439480e-01 1.000000000000000000e+00
1.689821181097401537e+00 3.212297300663199406e-01 0.000000000000000000e+00
1.944878161240193970e+00 7.783671354142037702e-01 0.000000000000000000e+00
1.479240804363641804e+00 4.124527050067545719e-01 1.000000000000000000e+00
1.133102639085680874e+00 4.731623623698507641e-01 1.000000000000000000e+00
1.511617508117092612e+00 7.695516250614909959e-01 1.000000000000000000e+00
1.347392780644118382e+00 7.799078797675574881e-01 1.000000000000000000e+00
1.772312053932431075e+00 5.800258099108250853e-01 0.000000000000000000e+00
1.787321127973720891e+00 9.999582577529150251e-01 0.000000000000000000e+00
1.970924214594813151e+00 3.878135199556753676e-01 1.000000000000000000e+00
1.874722513028918680e+00 5.956075192558329956e-01 1.000000000000000000e+00
1.906340542219985945e+00 7.734946540009035587e-02 0.000000000000000000e+00
1.301897906806602112e+00 1.421187335475033731e-01 0.000000000000000000e+00
1.410822366570414488e+00 8.919206729361371933e-01 1.000000000000000000e+00
1.716493703915877855e+00 1.569267012884822954e-02 0.000000000000000000e+00
1.892138412297232009e+00 5.939413479892798886e-01 1.000000000000000000e+00
1.544142697608106740e+00 6.797336712187174168e-02 0.000000000000000000e+00
1.604368603168309981e+00 7.978068671991307426e-01 0.000000000000000000e+00
1.276323750624176689e+00 4.524470486712088846e-01 1.000000000000000000e+00
1.237669153766891128e+00 7.925083030132611395e-01 1.000000000000000000e+00
1.715670724933867630e+00 4.130297512027744089e-01 0.000000000000000000e+00
1.991051366986137161e+00 5.344079501304165314e-01 1.000000000000000000e+00
1.802792127940446409e+00 6.927619459575637961e-01 0.000000000000000000e+00
1.980978877839716601e+00 2.924655792618915395e-01 0.000000000000000000e+00
1.726706908038054822e+00 6.211551477220209616e-01 1.000000000000000000e+00
1.689048482472992330e+00 4.018632144607160450e-01 0.000000000000000000e+00
1.589485283112003877e+00 2.912454568117422982e-01 0.000000000000000000e+00
1.310976362445910537e+00 5.793531854875636489e-01 1.000000000000000000e+00
1.259545876323326041e+00 6.785280383829883633e-01 1.000000000000000000e+00
1.454677403048310058e+00 3.672247887715588410e-01 1.000000000000000000e+00
1.589466987875312487e+00 4.499991589645568890e-02 0.000000000000000000e+00
1.174154517042897972e+00 1.619552893492479662e-01 0.000000000000000000e+00
1.030288930899000199e+00 1.255374956365973294e-01 0.000000000000000000e+00
1.319223368536555974e+00 2.573885564858678920e-01 1.000000000000000000e+00
1.413557673511130153e+00 3.469461584610847860e-01 1.000000000000000000e+00
1.288383294519871214e+00 1.670693005035309708e-01 0.000000000000000000e+00
1.697868054920526282e+00 4.966999207852610398e-01 0.000000000000000000e+00
1.612781997077917140e+00 7.559674648255144680e-01 0.000000000000000000e+00
1.654383258252769995e+00 3.384188616386429871e-01 0.000000000000000000e+00
1.966258489084823147e+00 9.331926074746645927e-01 0.000000000000000000e+00
1.078893643088593812e+00 7.902097345111396276e-01 0.000000000000000000e+00
1.714880878204362524e+00 6.704535660169486100e-03 0.000000000000000000e+00
1.785650792978150658e+00 3.398942320422800867e-01 0.000000000000000000e+00
1.024201143852514040e+00 2.515930745721540740e-01 0.000000000000000000e+00
1.670293521538712689e+00 5.269994300584928126e-01 1.000000000000000000e+00
1.024271984543624114e+00 6.169428722264966858e-01 1.000000000000000000e+00
1.367730183203934580e+00 2.637688949116904213e-01 1.000000000000000000e+00
1.104954887665292595e+00 5.389670706410787382e-01 1.000000000000000000e+00
1.378289202457907647e+00 1.966807933803240704e-01 0.000000000000000000e+00
1.609667823866902214e+00 1.256786989503058116e-01 0.000000000000000000e+00
1.996386945250775202e+00 3.574530624754512775e-02 0.000000000000000000e+00
1.987703597814297840e+00 1.191646165248316791e-02 1.000000000000000000e+00
1.845200035479930945e+00 6.676210297374828295e-01 0.000000000000000000e+00
1.724901960609556140e+00 2.308306826505619469e-01 0.000000000000000000e+00
1.419855019408323482e+00 3.173915766518201620e-01 1.000000000000000000e+00
1.186899928771057322e+00 9.522569438499897121e-01 0.000000000000000000e+00
1.446407400984556668e+00 4.731376394653841189e-02 1.000000000000000000e+00
1.020974726731338711e+00 1.179297051840113575e-01 0.000000000000000000e+00
1.188343923164316474e+00 3.028500166309039399e-01 0.000000000000000000e+00
1.229378387573535125e+00 5.473713075802126848e-01 1.000000000000000000e+00
1.915563793500323797e+00 2.798718129398012344e-01 0.000000000000000000e+00
1.754174080884838727e+00 6.969277813181734560e-01 0.000000000000000000e+00
1.323273384445602829e+00 2.983294884300918826e-01 1.000000000000000000e+00
1.253175992894111745e+00 1.792647926063629660e-01 0.000000000000000000e+00
1.138023875954537800e+00 3.822022697145438519e-01 0.000000000000000000e+00
1.212573775198098502e+00 3.429535812626109959e-01 0.000000000000000000e+00
1.766008817314886237e+00 3.270377994043748293e-01 0.000000000000000000e+00
1.752272321250732290e+00 6.376666740263362554e-01 0.000000000000000000e+00
1.947144719639953836e+00 5.178773870721220529e-02 0.000000000000000000e+00
1.781299462557856650e+00 7.925219619203812682e-01 0.000000000000000000e+00
1.236923212971116515e+00 6.972391629764308485e-01 1.000000000000000000e+00
1.191845229912954718e+00 3.444680437612580581e-01 0.000000000000000000e+00
1.571764128143370076e+00 8.633410913369033990e-01 0.000000000000000000e+00
1.694092423714047335e+00 7.428321988016441946e-01 0.000000000000000000e+00
1.294437908372351176e+00 2.113465797767445364e-01 0.000000000000000000e+00
1.171070849902417166e+00 5.262720282698839513e-01 1.000000000000000000e+00
1.237309039839462388e+00 7.624181698492337178e-01 1.000000000000000000e+00
1.621328356467399257e+00 6.899991230779513041e-01 1.000000000000000000e+00
1.867542473375217504e+00 2.428864443967676534e-01 0.000000000000000000e+00
1.850421708623436912e+00 5.591938730632129984e-01 1.000000000000000000e+00
1.628272279535670553e+00 7.403832326642734163e-01 0.000000000000000000e+00
1.991118151559212013e+00 7.668079824518558851e-03 1.000000000000000000e+00
1.544282225821427268e+00 4.828172048392477267e-01 1.000000000000000000e+00
1.539759587141200647e+00 5.600865977273157270e-01 1.000000000000000000e+00
1.081591680565466396e+00 1.680829545606484787e-01 0.000000000000000000e+00
1.605531097250468164e+00 6.181808267149836444e-01 1.000000000000000000e+00
1.879750179824902334e+00 3.922056095973825984e-01 0.000000000000000000e+00
1.130250528186009129e+00 6.900006438548959009e-01 1.000000000000000000e+00
1.661530827017499323e+00 4.750925102598492211e-01 0.000000000000000000e+00
1.618709098417791203e+00 5.864707734838127129e-01 1.000000000000000000e+00
1.825562612848212307e+00 8.114073285251734990e-01 0.000000000000000000e+00
1.751041151536158136e+00 7.886028696963054418e-02 0.000000000000000000e+00
1.981753431732216741e+00 2.660301498014745469e-01 0.000000000000000000e+00
1.055058678328903099e+00 2.509213209982975590e-01 0.000000000000000000e+00
1.236854210152719125e+00 1.667491710173274466e-02 1.000000000000000000e+00
1.262756469036500295e+00 2.000860247992941598e-01 0.000000000000000000e+00
1.627990199775390279e+00 2.167347888345647622e-01 0.000000000000000000e+00
1.071825047035856127e+00 5.976183462799818935e-01 1.000000000000000000e+00
1.929988887229905803e+00 3.229686728102797444e-01 0.000000000000000000e+00
1.843941582605538532e+00 6.856511526162637482e-01 0.000000000000000000e+00
1.004889618334249946e+00 2.071952757419480706e-01 0.000000000000000000e+00
1.055189158543079264e+00 7.101222901567391110e-01 0.000000000000000000e+00
1.172018094045400138e+00 3.929607453674582862e-01 0.000000000000000000e+00
1.620321886595437189e+00 8.359151113389932108e-01 0.000000000000000000e+00
1.013759207110629390e+00 6.156484765725094288e-01 1.000000000000000000e+00
1.700608296163437227e+00 6.852509245744978772e-01 0.000000000000000000e+00
1.551518452366221545e+00 7.890390946016071494e-01 1.000000000000000000e+00
1.164056910583086246e+00 5.893199215700751781e-01 1.000000000000000000e+00
1.851694906425855658e+00 3.570452571312090484e-01 0.000000000000000000e+00
1.525664632519772468e+00 3.560118629393536072e-01 1.000000000000000000e+00
1.491952574858787184e+00 2.942036638324011522e-01 0.000000000000000000e+00
1.495036009615606121e+00 3.609423367460696808e-01 1.000000000000000000e+00
1.738312147873001035e+00 1.329431485572695193e-01 0.000000000000000000e+00
1.493651166550796550e+00 6.685895817484009962e-01 1.000000000000000000e+00
1.151464608163002890e+00 7.568732593555438370e-02 0.000000000000000000e+00
1.718359971024373767e+00 7.182111612918141708e-01 0.000000000000000000e+00
1.616104917196930391e+00 2.816602471738859359e-01 0.000000000000000000e+00
1.990403539515060549e+00 3.957679055229937903e-01 1.000000000000000000e+00
1.878606074790736269e+00 2.618349110354574183e-01 0.000000000000000000e+00
1.308291222893492867e+00 5.002130033882004057e-01 1.000000000000000000e+00
1.921722695525962532e+00 5.422890699130287206e-01 1.000000000000000000e+00
1.722154964132035282e+00 2.471998579368041016e-01 0.000000000000000000e+00
1.692953145668373516e+00 4.889194837088597367e-01 0.000000000000000000e+00
1.061952507534979828e+00 5.134839208963619672e-01 1.000000000000000000e+00
1.341164092268463115e+00 7.497189700808009061e-01 1.000000000000000000e+00
1.861626546765140944e+00 1.625493939324844650e-01 0.000000000000000000e+00
1.462769067250017763e+00 5.687088273339067079e-01 1.000000000000000000e+00
1.000195616991029546e+00 1.380355518944580417e-01 0.000000000000000000e+00
1.716163531416313059e+00 3.551929632437347273e-01 0.000000000000000000e+00
1.582892435560309341e+00 3.194213123060608561e-01 0.000000000000000000e+00
1.419204479864167867e+00 9.185140874458624927e-01 1.000000000000000000e+00
1.168807649026704532e+00 2.393143502832205671e-01 0.000000000000000000e+00
1.544460406292424981e+00 4.581643728000184268e-02 0.000000000000000000e+00
1.489211020635722971e+00 8.049863641354768617e-01 1.000000000000000000e+00
1.366428737207747712e+00 8.824739090265859565e-01 1.000000000000000000e+00
1.480342068823907287e+00 6.551280234743396269e-01 1.000000000000000000e+00
1.300398938074868171e+00 4.952510813749309015e-01 1.000000000000000000e+00
1.801489153315746883e+00 7.881563720017173980e-01 0.000000000000000000e+00
1.820003871643987026e+00 1.593862621086887810e-01 0.000000000000000000e+00
1.433589834653859807e+00 8.268941792550438263e-01 1.000000000000000000e+00
1.919244156639329457e+00 4.485591681236895667e-01 1.000000000000000000e+00
1.739539581264418322e+00 1.382528955962714079e-01 0.000000000000000000e+00
1.618779312259597702e+00 9.509146511421581183e-01 0.000000000000000000e+00
1.029694875856826508e+00 5.902142025754208987e-02 0.000000000000000000e+00
1.399740481018533655e+00 2.076092635397034369e-01 0.000000000000000000e+00
1.601764230962037683e+00 3.314837074664200856e-01 0.000000000000000000e+00
1.647645691593714989e+00 4.393971414403674558e-04 0.000000000000000000e+00
1.835773149106196378e+00 1.745950919661887202e-01 0.000000000000000000e+00
1.147185004585184798e+00 6.930038063095477208e-01 1.000000000000000000e+00
1.801480630248428305e+00 5.805103702283631595e-02 0.000000000000000000e+00
1.632226904298877512e+00 6.733861227786692716e-01 1.000000000000000000e+00
1.860021513201941978e+00 8.255737217320494592e-01 0.000000000000000000e+00
1.535787177466264142e+00 6.912981262308447450e-01 1.000000000000000000e+00
1.978184325342953631e+00 9.128948172639392844e-01 0.000000000000000000e+00
1.312649581418316114e+00 8.711726106986927842e-02 1.000000000000000000e+00
1.467035242482614299e+00 7.901897769945772643e-01 1.000000000000000000e+00
1.981356244780205111e+00 6.908053497419522904e-01 1.000000000000000000e+00
1.253146571822105981e+00 6.567979033426628588e-01 1.000000000000000000e+00
1.792374451366674837e+00 1.658515319871737281e-01 0.000000000000000000e+00
1.392836281826695721e+00 8.674815761153675808e-02 1.000000000000000000e+00
1.437454059948735985e+00 3.980609986976532122e-01 1.000000000000000000e+00
1.266723872262802697e+00 4.014823949838722816e-01 1.000000000000000000e+00
1.666345337531810245e+00 6.277330794827018501e-02 0.000000000000000000e+00
1.231297186342118266e+00 7.048072545194153937e-01 1.000000000000000000e+00
1.337984759196840567e+00 7.838098228208854046e-01 1.000000000000000000e+00
1.114034179065588770e+00 3.687117719630994550e-01 0.000000000000000000e+00
1.676348976906687049e+00 5.851398125955677987e-01 1.000000000000000000e+00
1.163757902701668012e+00 3.064075525966618585e-01 0.000000000000000000e+00
1.356855319179913533e+00 8.389935097901015659e-01 1.000000000000000000e+00
1.863139169117874694e+00 6.989961748536570596e-01 0.000000000000000000e+00
1.436525399264973135e+00 3.197337383924004905e-01 1.000000000000000000e+00
1.158806637078211521e+00 9.049023886500968672e-01 0.000000000000000000e+00
1.423890761168846941e+00 1.838170939786037961e-01 0.000000000000000000e+00
1.768537244153820742e+00 8.987739586095905286e-01 0.000000000000000000e+00
1.857071481618516540e+00 3.111377398274710604e-01 0.000000000000000000e+00
1.589213371325709723e+00 9.400309810286100465e-01 0.000000000000000000e+00
1.878083661315027353e+00 3.902633533872859051e-01 0.000000000000000000e+00
1.153078324538186816e+00 2.537049876899548639e-01 0.000000000000000000e+00
1.801063078567060272e+00 8.933122485689993786e-01 0.000000000000000000e+00
1.157443557994715100e+00 9.174276854093146305e-01 0.000000000000000000e+00
1.630118049234107858e+00 1.933832666237551567e-01 0.000000000000000000e+00
1.975064031124611486e+00 1.541168180059154791e-01 0.000000000000000000e+00
1.676923668147380697e+00 5.911364628939338450e-01 1.000000000000000000e+00
1.053557339167284113e+00 8.939771345651407186e-01 0.000000000000000000e+00
1.284150570560089299e+00 9.095514929206557353e-01 0.000000000000000000e+00
1.268410945765194864e+00 1.147022969684547977e-01 0.000000000000000000e+00
1.198619920079098566e+00 2.140873216178219574e-01 0.000000000000000000e+00
1.378412015369391952e+00 1.396962202961593569e-01 1.000000000000000000e+00
1.667972954407423991e+00 1.626829866365747668e-01 0.000000000000000000e+00
1.863526233365195406e+00 6.475278392859077359e-01 1.000000000000000000e+00
1.076612262642236306e+00 9.142481863037430490e-01 0.000000000000000000e+00
1.984047038438443433e+00 8.038662355828750661e-01 1.000000000000000000e+00
1.590550174557533669e+00 9.580793341812591235e-01 0.000000000000000000e+00
1.474495411931718847e+00 9.027930435925409780e-01 0.000000000000000000e+00
1.461069492245664625e+00 9.625423991944648261e-02 1.000000000000000000e+00
1.473317972947013166e+00 8.306042096090754390e-01 1.000000000000000000e+00
1.919376481889266017e+00 4.357561570257024730e-01 0.000000000000000000e+00
1.658911177443631368e+00 1.013931092412242441e-01 0.000000000000000000e+00
1.442223111153673631e+00 8.647714144190291607e-01 1.000000000000000000e+00
1.522923413059594555e+00 9.786764867776565069e-02 0.000000000000000000e+00
1.462895555514293289e+00 9.808618477519817080e-01 0.000000000000000000e+00
1.200376909313839668e+00 7.091409190367067295e-01 1.000000000000000000e+00
1.555998612152131200e+00 9.635468553270530867e-01 0.000000000000000000e+00
1.896100119393380190e+00 3.475884658823785722e-01 0.000000000000000000e+00
1.007323270431184969e+00 1.304009990213206294e-01 0.000000000000000000e+00
1.860844015940093410e+00 9.313807116529561059e-01 0.000000000000000000e+00
1.162357426798324767e+00 6.687892901107173049e-01 1.000000000000000000e+00
1.573141215678797833e+00 3.119180276562790732e-01 0.000000000000000000e+00
1.874142476364482945e+00 2.745929843954271199e-01 0.000000000000000000e+00
1.171555731957325541e+00 5.044482198087369973e-01 1.000000000000000000e+00
1.626071813081723549e+00 8.981627308948936239e-02 0.000000000000000000e+00
1.812703817654063077e+00 8.293852209786349849e-01 0.000000000000000000e+00
1.378059435630199836e+00 1.736853148408638026e-01 1.000000000000000000e+00
1.793484394961130324e+00 4.633299535793780066e-01 0.000000000000000000e+00
1.145822574864754806e+00 1.574662005600084846e-01 0.000000000000000000e+00
1.196085606974015336e+00 5.501419370687542498e-01 1.000000000000000000e+00
1.063554328430325713e+00 6.503452225811399146e-01 1.000000000000000000e+00
1.614594056656089904e+00 2.497637346456940133e-01 0.000000000000000000e+00
1.811881844994603252e+00 6.689710577356027255e-01 0.000000000000000000e+00
1.382074582749857283e+00 7.041500624217497117e-01 1.000000000000000000e+00
1.719515207824489078e+00 7.634449399894706056e-01 0.000000000000000000e+00
1.464462255872408747e+00 2.749273687974279623e-01 0.000000000000000000e+00
1.521959356408078889e+00 1.887598739473563825e-01 0.000000000000000000e+00
1.909921094689972509e+00 1.551761468838902536e-01 0.000000000000000000e+00
1.047186885040435111e+00 6.705420696420369975e-01 0.000000000000000000e+00
1.352197906192880383e+00 6.044955761917610859e-01 1.000000000000000000e+00
1.766321469550311996e+00 4.424793471853367688e-01 0.000000000000000000e+00
1.830071192744852082e+00 7.935092751087924334e-01 0.000000000000000000e+00
1.231842423481779081e+00 6.477080775374004507e-01 1.000000000000000000e+00
1.915891785002439063e+00 6.420718243216179122e-01 1.000000000000000000e+00
1.227645655044566908e+00 8.789190527246505402e-01 0.000000000000000000e+00
1.208271964650142305e+00 6.658584896009600573e-01 1.000000000000000000e+00
1.366918607473905034e+00 2.991947737084663661e-01 1.000000000000000000e+00
1.591759841967381739e+00 6.328351350025787081e-01 1.000000000000000000e+00
1.547280292663075540e+00 6.050750730449488968e-01 1.000000000000000000e+00
1.684772978365946194e+00 2.026171897642753406e-01 0.000000000000000000e+00
1.819694942957055694e+00 2.680924598842087114e-01 0.000000000000000000e+00
1.428114682691535631e+00 8.411051255628276824e-01 1.000000000000000000e+00
1.128428698289463350e+00 6.515224078257608742e-01 1.000000000000000000e+00
1.902398101682394094e+00 4.155155302937372230e-01 0.000000000000000000e+00
1.943526373696743859e+00 5.526998004981598100e-02 0.000000000000000000e+00
1.599214133606435606e+00 3.833076554628421784e-01 0.000000000000000000e+00
1.356009638676500817e+00 4.297399103683955390e-01 1.000000000000000000e+00
1.454838372466152219e+00 5.712351656703170688e-01 1.000000000000000000e+00
1.750198671960787600e+00 2.916046223564418005e-01 0.000000000000000000e+00
1.611537530933954354e+00 1.036268257135833926e-01 0.000000000000000000e+00
1.770372153052370168e+00 5.590484707811942400e-01 0.000000000000000000e+00
1.671199559143011992e+00 1.765437513888546972e-01 0.000000000000000000e+00
1.994830129880945435e+00 1.132042386480160978e-01 0.000000000000000000e+00
1.848519115731623863e+00 8.262786129902388588e-03 0.000000000000000000e+00
1.490281864580563997e+00 3.327013299643203359e-01 1.000000000000000000e+00
1.354764497804489043e+00 4.583263726260374815e-01 1.000000000000000000e+00
1.998202150826617896e+00 2.778752459124304020e-01 0.000000000000000000e+00
1.656892579876063198e+00 6.630048036027759162e-01 1.000000000000000000e+00
1.943826269197927559e+00 9.074191783079756934e-01 0.000000000000000000e+00
1.658462557630248302e+00 8.286302413965873637e-01 0.000000000000000000e+00
1.658557494725854120e+00 2.260562969865449467e-01 0.000000000000000000e+00
1.737551321679014826e+00 9.178120047946424220e-01 0.000000000000000000e+00
1.052588271296288847e+00 4.628193312578116059e-01 0.000000000000000000e+00
1.507440736213751631e+00 8.191179252448427262e-01 1.000000000000000000e+00
1.787523375983800511e+00 5.574963849702869734e-01 0.000000000000000000e+00
1.143583604534164078e+00 7.850544226338497245e-01 0.000000000000000000e+00
1.536704886241061718e+00 4.262140822653546213e-01 1.000000000000000000e+00
1.381313845504727134e+00 1.235192221684097147e-01 1.000000000000000000e+00
1.682980257510285238e+00 3.792209219823590161e-01 0.000000000000000000e+00
1.087190473209687758e+00 3.304253778715240397e-01 0.000000000000000000e+00
1.897948154045109082e+00 1.021282074550177166e-01 0.000000000000000000e+00
1.191642187238421968e+00 4.705835024554209101e-01 1.000000000000000000e+00
1.730141651907592948e+00 5.684755673677859278e-01 1.000000000000000000e+00
1.574472550508347446e+00 3.907395193896086028e-01 0.000000000000000000e+00
1.235175335850137834e+00 5.702538283005297304e-01 1.000000000000000000e+00
1.201245653694635429e+00 2.548388392907741107e-01 0.000000000000000000e+00
1.982395386563162276e+00 5.789463136558936629e-02 0.000000000000000000e+00
1.876655894038536498e+00 6.693172161168284839e-01 1.000000000000000000e+00
1.748944882640528498e+00 5.649117880553329307e-01 0.000000000000000000e+00
1.627527009828003912e+00 6.892917575646195782e-02 0.000000000000000000e+00
1.612999751572803842e+00 1.912831350929083962e-01 0.000000000000000000e+00
1.455605403783252871e+00 1.694892730447792317e-01 0.000000000000000000e+00
1.173409515645642331e+00 9.323904958974951196e-01 0.000000000000000000e+00
1.787420746811441141e+00 6.037007241760519172e-01 1.000000000000000000e+00
1.818967883747726777e+00 4.157868285881798354e-01 0.000000000000000000e+00
1.486094624848642409e+00 9.331717526802278950e-01 0.000000000000000000e+00
1.479843253791332192e+00 1.403043000352621750e-02 1.000000000000000000e+00
1.695613802851803076e+00 6.715113974861668389e-01 0.000000000000000000e+00
1.290157301976740278e+00 9.895640351546531877e-01 0.000000000000000000e+00
1.129837619562646944e+00 7.563409569688813727e-01 0.000000000000000000e+00
1.207317061549590953e+00 9.137559713238067038e-01 0.000000000000000000e+00
1.608663554371704940e+00 3.416289972265305064e-01 0.000000000000000000e+00
1.553990420672496153e+00 8.764226137970987374e-02 0.000000000000000000e+00
1.962283912463728353e+00 1.753587248271792909e-02 0.000000000000000000e+00
1.218155429048826788e+00 9.787439913016323656e-01 0.000000000000000000e+00
1.190011895149048371e+00 1.095007789155908462e-01 0.000000000000000000e+00
1.114568441259505160e+00 3.548303170096889225e-01 0.000000000000000000e+00
1.297194907342476222e+00 5.122746381018717932e-01 1.000000000000000000e+00
1.569456308495377872e+00 5.024036205993830384e-01 1.000000000000000000e+00
1.240773844732301789e+00 5.794781180250935249e-01 1.000000000000000000e+00
1.619439470995718278e+00 4.308046072234870127e-01 0.000000000000000000e+00
1.326186838028029946e+00 6.216136079041367779e-01 1.000000000000000000e+00
1.504884852335135914e+00 9.135870267496161157e-01 0.000000000000000000e+00
1.753068816569921529e+00 4.443390690489001926e-01 0.000000000000000000e+00
1.988227399012615582e+00 6.541925572936845290e-01 1.000000000000000000e+00
1.704488522088981384e+00 9.077099807350719196e-03 0.000000000000000000e+00
1.045201904788235936e+00 8.875804341036399592e-01 0.000000000000000000e+00
1.659316951923546224e+00 3.001127049997515117e-01 0.000000000000000000e+00
1.866132890807203681e+00 8.753577354487840356e-02 0.000000000000000000e+00
1.690687403325693783e+00 7.484388106677687391e-01 0.000000000000000000e+00
1.951230519154025123e+00 6.058734155302702984e-01 1.000000000000000000e+00
1.065216371338867152e+00 4.097870222533676055e-01 0.000000000000000000e+00
1.293230737047277534e+00 6.696418154640662035e-01 1.000000000000000000e+00
1.314774491635304798e+00 4.541213879011378740e-01 1.000000000000000000e+00
1.899089683081743640e+00 1.877140523177395215e-01 0.000000000000000000e+00
1.666486352493573797e+00 5.777530370136687576e-01 1.000000000000000000e+00
1.127586062545736123e+00 5.401576939985827108e-01 1.000000000000000000e+00
1.314266840061810715e+00 9.569519240587137654e-01 0.000000000000000000e+00
1.195363019259640502e+00 3.022275343244451573e-02 0.000000000000000000e+00
1.169807681939091681e+00 3.925240790109746358e-01 0.000000000000000000e+00
1.951313272588892422e+00 9.806512702796448266e-01 0.000000000000000000e+00
1.651889366844129681e+00 7.106537505067289651e-03 0.000000000000000000e+00
1.376758826362658006e+00 1.435068743503931099e-02 1.000000000000000000e+00
1.843060957196519301e+00 7.238243599886434732e-01 0.000000000000000000e+00
1.141574542465246367e+00 6.727633893281401711e-01 1.000000000000000000e+00
1.969609503353844104e+00 9.194683274793824523e-01 0.000000000000000000e+00
1.980497189393447766e+00 4.724738309095246613e-01 1.000000000000000000e+00
1.105773206928809538e+00 6.207126508184787061e-01 1.000000000000000000e+00
1.093759631266507437e+00 1.721772623769504129e-01 0.000000000000000000e+00
1.927729499707957483e+00 2.585054093927405816e-01 0.000000000000000000e+00
1.149712097470927841e+00 8.445472308779219395e-01 0.000000000000000000e+00
1.341219987285338533e+00 5.806384463554111752e-01 1.000000000000000000e+00
1.804401396493467091e+00 7.297971306185025986e-01 0.000000000000000000e+00
1.219395442777607474e+00 9.807499956940172181e-01 0.000000000000000000e+00
1.688586382315562240e+00 4.546065714216298570e-01 0.000000000000000000e+00
1.585666223413443987e+00 9.279828207608089574e-01 0.000000000000000000e+00
1.814507217084026180e+00 8.110582921918977339e-01 0.000000000000000000e+00
1.230641996829754392e+00 3.735174034906497686e-01 1.000000000000000000e+00
1.610209650735278775e+00 1.428299837268843797e-01 0.000000000000000000e+00
1.854548402358613624e+00 2.090083924041431507e-01 0.000000000000000000e+00
1.533138909763758662e+00 2.579405589976870861e-01 0.000000000000000000e+00
1.584512171047799178e+00 5.479629512987657103e-01 1.000000000000000000e+00
1.023327114181634911e+00 9.452392811455097021e-01 0.000000000000000000e+00
1.366359226620158296e+00 5.063656005011555328e-01 1.000000000000000000e+00
1.758344611464912166e+00 5.796714406459702040e-01 0.000000000000000000e+00
1.015587926609432756e+00 6.973788278242862848e-01 0.000000000000000000e+00
1.986859775995002408e+00 5.614616914892701649e-01 1.000000000000000000e+00
1.480928630203565799e+00 4.193864158102744710e-02 1.000000000000000000e+00
1.897204102853200069e+00 8.385369290654086649e-01 0.000000000000000000e+00
1.894053756278605283e+00 7.223477492695661306e-01 0.000000000000000000e+00
1.818792066090827220e+00 1.519771738296065156e-01 0.000000000000000000e+00
1.754567606024966420e+00 3.783899820074232423e-01 0.000000000000000000e+00
1.104271053883606912e+00 3.435135203355259570e-01 0.000000000000000000e+00
1.100384712688252886e+00 5.607326768996837574e-01 1.000000000000000000e+00
1.659683126460472113e+00 9.974430165397435433e-01 0.000000000000000000e+00
1.776122561927823806e+00 1.144878442795741469e-01 0.000000000000000000e+00
1.437621880704565758e+00 2.654462965821138276e-01 1.000000000000000000e+00
1.201762729021467635e+00 9.916786891813912375e-01 0.000000000000000000e+00
1.989433101113404767e+00 5.786640953180219871e-01 1.000000000000000000e+00
1.034250025946579665e+00 7.784912886720285474e-02 0.000000000000000000e+00
1.198906052884295637e+00 3.893595893402421737e-01 1.000000000000000000e+00
1.578416193165670833e+00 7.717063291094210520e-01 1.000000000000000000e+00
1.210291695807122370e+00 7.026045240335517805e-01 1.000000000000000000e+00
1.920332560796122134e+00 5.794730309264850554e-02 0.000000000000000000e+00
1.657608416722999412e+00 4.454640471264075252e-01 0.000000000000000000e+00
1.313964077267388397e+00 3.809737322071334864e-01 1.000000000000000000e+00
1.467146675836950909e+00 9.435380834634565783e-01 0.000000000000000000e+00
1.420126009655848343e+00 6.372076571421350089e-01 1.000000000000000000e+00
1.126916414642488373e+00 4.925695422822695679e-02 0.000000000000000000e+00
1.036124186899985311e+00 7.263270182066946523e-01 0.000000000000000000e+00
1.752039210327665852e+00 4.787002680141236866e-01 0.000000000000000000e+00
1.587364001459356189e+00 9.201361088852268999e-01 0.000000000000000000e+00
1.147724038899433197e+00 4.269285975125469701e-02 0.000000000000000000e+00
1.864074500683541968e+00 8.435367082121661975e-01 0.000000000000000000e+00
1.384681401269568735e+00 6.894461934687406979e-01 1.000000000000000000e+00
1.025805213665987203e+00 8.186276618092231949e-01 0.000000000000000000e+00
1.258024476077820086e+00 8.488656332760580181e-02 0.000000000000000000e+00
1.634495873305404023e+00 3.497515227523105841e-01 0.000000000000000000e+00
1.455527198943749267e+00 7.505334115860268218e-01 1.000000000000000000e+00
1.849475062331123354e+00 4.880637617748859736e-01 0.000000000000000000e+00
1.592741833383896299e+00 5.574412701430881967e-01 1.000000000000000000e+00
1.575121054595842951e+00 6.796450309910286869e-01 1.000000000000000000e+00
1.776043433709128871e+00 2.110178775913489346e-01 0.000000000000000000e+00
1.111166062739630478e+00 2.529469823464858269e-01 0.000000000000000000e+00
1.355125008804328068e+00 3.781823564209709776e-01 1.000000000000000000e+00
1.405990052157653158e+00 2.249226861690959423e-01 0.000000000000000000e+00
1.715549286056917699e+00 5.782217407439940171e-01 1.000000000000000000e+00
1.397777356270153648e+00 2.499111928979215191e-01 1.000000000000000000e+00
1.934523983034760697e+00 1.088475921138312152e-01 0.000000000000000000e+00
1.423652091600916325e+00 1.443196634362856612e-01 1.000000000000000000e+00
1.694788936606408836e+00 1.703135228852238336e-01 0.000000000000000000e+00
1.280196066206702232e+00 5.941286551044231423e-01 1.000000000000000000e+00
1.327283360284838842e+00 6.987783640732133650e-01 1.000000000000000000e+00
1.950047058521150900e+00 9.431281050918555175e-01 0.000000000000000000e+00
1.491769084613320917e+00 1.026276982606411092e-01 0.000000000000000000e+00
1.301760369547769525e+00 8.904456248882165470e-01 1.000000000000000000e+00
1.129315638112614595e+00 3.193010977870630596e-01 0.000000000000000000e+00
1.019675102840410297e+00 6.427026162453752800e-02 0.000000000000000000e+00
1.909738256114134058e+00 2.482428476506504111e-02 0.000000000000000000e+00
1.179906601579235881e+00 6.415508476037741215e-01 1.000000000000000000e+00
1.264090824259883616e+00 7.208460037777856266e-01 1.000000000000000000e+00
1.638431014243010964e+00 6.838607154723754800e-01 1.000000000000000000e+00
1.517654588788929892e+00 2.738963722602976159e-01 0.000000000000000000e+00
1.899312453558414271e+00 8.877145583289028918e-01 0.000000000000000000e+00
1.787024857190654847e+00 4.983752677390909103e-01 0.000000000000000000e+00
1.119977258655318497e+00 3.694790966487760953e-01 0.000000000000000000e+00
1.424091566749504434e+00 3.274167358804886963e-01 1.000000000000000000e+00
1.555576117072322129e+00 1.052289337502820832e-02 1.000000000000000000e+00
1.658168213532382307e+00 7.873958459391192655e-01 0.000000000000000000e+00
1.010952694155553111e+00 7.743146972683302431e-01 0.000000000000000000e+00
1.858895453596827840e+00 3.806123237847802709e-02 0.000000000000000000e+00
1.537546255693698738e+00 9.023176476006119495e-01 0.000000000000000000e+00
1.039833992382544814e+00 4.497310668256705446e-01 0.000000000000000000e+00
1.928842611256982309e+00 5.150637046821651133e-01 1.000000000000000000e+00
1.596629623656929287e+00 2.492857968722399509e-01 0.000000000000000000e+00
1.186831399722313662e+00 2.343771724379635213e-01 0.000000000000000000e+00
1.802937065470834099e+00 6.674031170261516266e-01 0.000000000000000000e+00
1.616048581821396102e+00 2.283857923139583912e-01 0.000000000000000000e+00
1.081803517445292240e+00 7.165231438272124942e-01 0.000000000000000000e+00
1.761491028534563963e+00 4.707464116139606913e-01 0.000000000000000000e+00
1.681756104121824524e+00 3.492206681137488555e-01 0.000000000000000000e+00
1.240592806868169085e+00 9.015870852409825220e-01 0.000000000000000000e+00
1.187489611606922013e+00 2.424285291872732007e-01 0.000000000000000000e+00
1.289711759646914313e+00 4.849525056861565542e-01 1.000000000000000000e+00
1.704840413684584721e+00 8.522579882735039636e-01 0.000000000000000000e+00
1.033824107550252336e+00 3.797938798985728281e-01 0.000000000000000000e+00
1.394846244278738379e+00 5.226328434844235149e-01 1.000000000000000000e+00
1.627975647773625356e+00 6.078168549336201432e-01 1.000000000000000000e+00
1.408887605480285243e+00 2.414324778973853114e-01 1.000000000000000000e+00
1.280023397818572661e+00 6.411711262186214899e-01 1.000000000000000000e+00
1.185571521548951734e+00 4.166581054139980589e-01 1.000000000000000000e+00
1.506960292827537629e+00 6.434046318080421933e-01 1.000000000000000000e+00
1.598250936430585911e+00 7.367879052366521631e-02 0.000000000000000000e+00
1.383547551573559353e+00 3.910753588407759329e-01 1.000000000000000000e+00
1.299356537651615628e+00 2.613527804726405446e-01 0.000000000000000000e+00
1.149594754279780418e+00 1.025898702292775688e-01 0.000000000000000000e+00
1.434014299160391026e+00 5.998378954769419957e-01 1.000000000000000000e+00
1.606067941478780403e+00 1.151629251078457594e-01 0.000000000000000000e+00
1.447517093244168773e+00 9.214397822496869228e-01 0.000000000000000000e+00
1.062437481933142802e+00 9.512819805354744140e-02 0.000000000000000000e+00
1.364409985472020415e+00 5.998024688831573581e-01 1.000000000000000000e+00
1.058980022270351817e+00 8.760409085168348042e-01 0.000000000000000000e+00
1.364979347029418033e+00 3.665845766703904607e-01 1.000000000000000000e+00
1.768005089415759068e+00 5.700447562081454311e-01 0.000000000000000000e+00
1.832861130463513177e+00 1.655933266059307352e-01 0.000000000000000000e+00
1.935645202713508706e+00 3.029568664001869305e-01 0.000000000000000000e+00
1.155539062598438083e+00 3.607217793579742260e-02 0.000000000000000000e+00
1.391404903706673135e+00 9.950240547533876212e-01 0.000000000000000000e+00
1.694438040443533744e+00 1.722045880040032895e-01 0.000000000000000000e+00
1.423167326732946325e+00 9.077572835303541199e-01 1.000000000000000000e+00
1.002076485103259529e+00 5.948101667134075843e-02 0.000000000000000000e+00
1.833231625431490208e+00 3.859104746203787517e-01 0.000000000000000000e+00
1.565681991441374876e+00 8.259014974359265571e-01 0.000000000000000000e+00
1.451260157734040046e+00 9.455908588561180439e-01 0.000000000000000000e+00
1.374564428027979401e+00 5.109202204150574689e-01 1.000000000000000000e+00
1.369587421874522315e+00 1.500711579795234174e-01 1.000000000000000000e+00
1.333148645010788780e+00 5.539690947970693502e-01 1.000000000000000000e+00
1.945700822034105659e+00 8.828045899202960900e-01 0.000000000000000000e+00
1.362400875786923926e+00 6.483803366465390461e-01 1.000000000000000000e+00
1.169001741551347617e+00 5.706264919143817504e-01 1.000000000000000000e+00
1.283891802018802819e+00 4.862680832882813053e-01 1.000000000000000000e+00
1.124719783205024859e+00 2.156442770221889127e-02 0.000000000000000000e+00
1.136105540221737709e+00 7.820532072894089692e-01 0.000000000000000000e+00
1.093728861584624568e+00 9.901644218428329314e-01 0.000000000000000000e+00
1.531631742376063698e+00 8.152246100768922865e-01 1.000000000000000000e+00
1.124895328375741244e+00 6.364893636744691774e-01 1.000000000000000000e+00
1.592573935924134876e+00 2.699431990215174215e-01 0.000000000000000000e+00
1.631676738236454316e+00 3.828467254038077083e-01 0.000000000000000000e+00
1.341215669485490203e+00 5.021988248777209396e-02 1.000000000000000000e+00
1.163505922770291967e+00 9.175519505870590731e-01 0.000000000000000000e+00
1.552662005164478387e+00 3.840896531723345664e-01 1.000000000000000000e+00
1.512331537272890492e+00 2.185446135064144091e-01 0.000000000000000000e+00
1.241826395681040029e+00 4.269488203720771535e-01 1.000000000000000000e+00
1.376595556376793095e+00 9.261129431912835663e-01 1.000000000000000000e+00
1.436195569284866469e+00 1.142382782087878468e-01 1.000000000000000000e+00
1.064529062332554954e+00 1.864350829044515434e-01 0.000000000000000000e+00
1.101345973056901517e+00 4.392067939342122473e-01 0.000000000000000000e+00
1.643973231881737940e+00 2.709895151327202933e-01 0.000000000000000000e+00
1.892941289634931579e+00 5.706130888725846617e-02 0.000000000000000000e+00
1.507855344210867088e+00 1.903294336091839734e-01 0.000000000000000000e+00
1.506758044607555469e+00 3.875009795830229864e-01 1.000000000000000000e+00
1.480606580098371872e+00 5.914521208928830154e-01 1.000000000000000000e+00
1.520887730255730652e+00 8.764246294264776971e-02 0.000000000000000000e+00
1.137859721918046851e+00 6.024442965880172363e-01 1.000000000000000000e+00
1.563547352434335291e+00 7.319951794988983629e-01 1.000000000000000000e+00
1.292462142882475407e+00 4.166433810668486171e-01 1.000000000000000000e+00
1.990442090799361186e+00 1.627986916433412645e-01 0.000000000000000000e+00
1.546838785277358408e+00 6.134600828409095818e-01 1.000000000000000000e+00
1.323182383897972381e+00 9.422031975645968060e-01 0.000000000000000000e+00
1.528707409360689606e+00 8.158594116818684849e-01 1.000000000000000000e+00
1.105825525092825057e+00 2.364483743736497390e-01 0.000000000000000000e+00
1.305086094602091462e+00 3.277510869047370878e-01 1.000000000000000000e+00
1.912283085194911525e+00 3.192724321341444682e-01 0.000000000000000000e+00
1.456198828440234294e+00 5.874120991255216140e-02 1.000000000000000000e+00
1.842520865027402088e+00 4.034519205530991970e-01 0.000000000000000000e+00
1.459982596596707261e+00 9.620769975687645248e-01 0.000000000000000000e+00
1.651087550699217532e+00 6.867905375944577395e-01 1.000000000000000000e+00
1.075928036328570148e+00 5.355471207064671502e-01 1.000000000000000000e+00
1.553625870841295775e+00 5.042452322899849682e-01 1.000000000000000000e+00
1.640757961198392678e+00 6.216140917097430219e-01 1.000000000000000000e+00
1.177876986051904940e+00 2.905621704280080264e-01 0.000000000000000000e+00
1.431697636508514115e+00 9.423285156827393427e-01 0.000000000000000000e+00
1.293806921236116292e+00 4.193183796409206687e-01 1.000000000000000000e+00
1.818231716376843998e+00 2.502360864564100451e-01 0.000000000000000000e+00
1.386673314057960571e+00 1.813437896673275596e-01 1.000000000000000000e+00
1.250712535316406804e+00 6.399786638077517020e-01 1.000000000000000000e+00
1.473621126153076943e+00 2.743770869733572759e-01 0.000000000000000000e+00
1.861581048469286737e+00 7.234101862177888531e-01 0.000000000000000000e+00
1.026385961691463677e+00 3.933772722884120165e-01 0.000000000000000000e+00
1.223094369584248664e+00 6.764893617718668040e-01 1.000000000000000000e+00
1.631584438390020875e+00 6.098042283532834062e-01 1.000000000000000000e+00
1.762509348303664236e+00 4.817842056332144463e-02 0.000000000000000000e+00
1.590097641174544219e+00 6.234657268038471534e-01 1.000000000000000000e+00
1.297655136318354607e+00 2.044784431042268036e-01 0.000000000000000000e+00
1.440855524467673732e+00 2.667773091333635049e-01 1.000000000000000000e+00
1.438219742391153577e+00 9.064981292645625244e-01 1.000000000000000000e+00
1.997053230077146413e+00 5.192852039189352897e-01 1.000000000000000000e+00
1.869039234775625058e+00 6.804786607783729346e-01 1.000000000000000000e+00
1.720968182255858459e+00 1.339120345626384490e-01 0.000000000000000000e+00
1.548047539402921391e+00 5.321277252220113496e-01 1.000000000000000000e+00
1.136443174914590237e+00 7.764168535612919753e-01 0.000000000000000000e+00
1.694550341653661363e+00 3.171526198283536324e-01 0.000000000000000000e+00
1.111642660268581384e+00 2.563453290578291410e-01 0.000000000000000000e+00
1.694371481500795973e+00 8.389462065822937964e-01 0.000000000000000000e+00
1.336268047698093486e+00 8.020329460024980817e-01 1.000000000000000000e+00
1.092862648599122188e+00 1.052910868001651901e-01 0.000000000000000000e+00
1.826591079640533355e+00 7.778605591532861130e-02 0.000000000000000000e+00
1.698186584641600660e+00 9.105429103019516690e-01 0.000000000000000000e+00
1.328077159305688149e+00 6.739736103185303140e-01 1.000000000000000000e+00
1.431185895865670910e+00 4.462577371907426871e-01 1.000000000000000000e+00
1.936678924073952146e+00 2.932161836462146010e-01 0.000000000000000000e+00
1.685267201624542244e+00 4.460609274889432152e-01 0.000000000000000000e+00
1.625899662222769493e+00 6.913455926321621092e-01 1.000000000000000000e+00
1.925798658822615028e+00 9.011788105620016642e-01 0.000000000000000000e+00
1.367930903121175046e+00 3.812623693760043286e-01 1.000000000000000000e+00
1.400893374963775528e+00 6.995198327494989154e-02 1.000000000000000000e+00
1.452173637297523134e+00 4.820886107668431730e-01 1.000000000000000000e+00
1.320092396850168770e+00 6.419202540247763711e-01 1.000000000000000000e+00
1.723907064285412627e+00 4.753428864217865701e-01 0.000000000000000000e+00
1.501797383975366662e+00 5.258169068192189988e-01 1.000000000000000000e+00
1.534927089795957045e+00 9.582408960328743230e-01 0.000000000000000000e+00
1.492919272115682094e+00 7.890422451905987344e-02 0.000000000000000000e+00
1.658860164820711525e+00 8.810274405250787533e-01 0.000000000000000000e+00
1.089827279073287247e+00 8.571930716581624976e-01 0.000000000000000000e+00
1.069792835738013537e+00 3.423369420207373892e-01 0.000000000000000000e+00
1.572197619186964657e+00 8.016852146999133844e-01 0.000000000000000000e+00
1.171536087165984341e+00 8.092089964938870006e-01 0.000000000000000000e+00
1.520827544196680758e+00 7.422205346636887580e-01 1.000000000000000000e+00
1.003033368848569751e+00 6.014734390799613140e-01 1.000000000000000000e+00
1.641956300984577233e+00 2.374118991143170376e-01 0.000000000000000000e+00
1.133728779863685698e+00 4.561198785741086281e-01 1.000000000000000000e+00
1.218809180485572741e+00 1.544796285741689701e-02 1.000000000000000000e+00
1.408178129397155143e+00 6.766571136821207810e-01 1.000000000000000000e+00
1.928940021035341790e+00 1.142764580602275704e-01 0.000000000000000000e+00
1.151354422449529569e+00 1.788859826032080935e-01 0.000000000000000000e+00
1.189506236308116804e+00 7.902801360468053593e-01 1.000000000000000000e+00
1.410139324159422003e+00 3.374430854983080375e-01 1.000000000000000000e+00
1.034113886496139223e+00 1.040564038731806029e-01 0.000000000000000000e+00
1.546620747179013655e+00 9.253834802591375253e-01 0.000000000000000000e+00
1.954915703590215381e+00 1.136778080615097331e-02 0.000000000000000000e+00
1.955101069573314199e+00 2.292519975521869480e-01 0.000000000000000000e+00
1.210350487615150517e+00 1.274738167700267821e-01 0.000000000000000000e+00
1.617075663438315658e+00 6.937749433100797170e-01 1.000000000000000000e+00
1.743005798834420084e+00 9.677436543436558347e-01 0.000000000000000000e+00
1.388634236147697987e+00 1.213740118085043784e-01 1.000000000000000000e+00
1.781071682218720253e+00 7.760417948982025749e-01 0.000000000000000000e+00
1.331634792436395598e+00 7.439611590505383898e-01 1.000000000000000000e+00
1.810930035827742035e+00 3.936120109948700874e-01 0.000000000000000000e+00
1.863731163981201089e+00 1.627761006077782513e-01 0.000000000000000000e+00
1.402414779837812597e+00 2.974524560235968229e-01 1.000000000000000000e+00
1.011859346163750395e+00 6.866100695651076169e-01 0.000000000000000000e+00
1.568876395803546098e+00 1.434648363327409859e-01 0.000000000000000000e+00
1.214080864755531897e+00 4.821586117757683532e-01 1.000000000000000000e+00
1.655641516318316686e+00 1.027357537341645477e-01 0.000000000000000000e+00
1.292359518936523344e+00 8.048923562381641306e-01 1.000000000000000000e+00
1.944365918307328300e+00 2.531489650600149410e-02 0.000000000000000000e+00
1.879271389637732215e+00 5.971839866292262267e-01 1.000000000000000000e+00
1.875302834344994229e+00 8.016926167924013358e-01 0.000000000000000000e+00
1.923999131749932534e+00 4.899643064161562922e-02 0.000000000000000000e+00
1.576263485952630550e+00 2.919815114275832180e-01 0.000000000000000000e+00
1.199731037828013713e+00 8.486328962134910281e-01 0.000000000000000000e+00
1.504935764012588439e+00 3.775380473323851627e-01 1.000000000000000000e+00
1.227723772182566009e+00 4.132187743678195080e-01 1.000000000000000000e+00
1.023568066950567124e+00 7.821468876756976218e-01 0.000000000000000000e+00
1.861206802275013228e+00 1.295374105836457623e-01 0.000000000000000000e+00
1.602487457617423505e+00 9.493289306774467251e-01 0.000000000000000000e+00
1.062565417640534804e+00 6.792401687512057418e-01 0.000000000000000000e+00
1.312101677351622753e+00 3.450537391083996486e-02 1.000000000000000000e+00
1.165587012352356844e+00 7.934765435890922536e-01 0.000000000000000000e+00
1.695735505860379799e+00 8.158906816968974907e-01 0.000000000000000000e+00
1.592545285694613622e+00 2.744197666905484612e-01 0.000000000000000000e+00
1.061983360357076744e+00 9.367859357960934830e-01 0.000000000000000000e+00
1.299009202745629477e+00 3.286804527366560258e-02 1.000000000000000000e+00
1.027195839168029590e+00 6.619294598119421780e-01 0.000000000000000000e+00
1.297631042266925272e+00 7.235009007132363612e-01 1.000000000000000000e+00
1.850906462873869174e+00 9.540456194875464035e-01 0.000000000000000000e+00
1.722220027359280037e+00 9.096977250126787595e-01 0.000000000000000000e+00
1.891030690906813305e+00 5.694652446370526144e-01 1.000000000000000000e+00
1.433404038532184011e+00 3.362177065723170877e-01 1.000000000000000000e+00
1.287615851615576901e+00 7.021693033567549813e-01 1.000000000000000000e+00
1.161822707661745557e+00 4.167420377450330449e-01 1.000000000000000000e+00
1.779025973493812085e+00 4.061458734112640689e-01 0.000000000000000000e+00
1.171358213779460922e+00 6.473226164807387439e-01 1.000000000000000000e+00
1.606663887573414495e+00 8.765743973124016097e-01 0.000000000000000000e+00
1.973719934249151597e+00 9.365379602846878315e-01 0.000000000000000000e+00
1.921628074871779113e+00 3.267446456289992973e-01 0.000000000000000000e+00
1.706822959665034833e+00 1.860240356581661647e-01 0.000000000000000000e+00
1.450891677999411211e+00 3.828011552585375288e-02 1.000000000000000000e+00
1.212828596718488416e+00 7.208943313523196172e-01 1.000000000000000000e+00
1.015452139418700828e+00 7.199659094302457429e-02 0.000000000000000000e+00
1.124976957758805796e+00 7.401519620831489288e-01 0.000000000000000000e+00
1.192031515911336381e+00 1.768579423462968148e-02 0.000000000000000000e+00
1.850376714603528150e+00 5.910040634536228854e-01 1.000000000000000000e+00
1.571105161345870638e+00 9.307069974461230633e-01 0.000000000000000000e+00
1.141229812598006266e+00 8.025878701143568383e-01 0.000000000000000000e+00
1.615009341545440513e+00 3.932855067166383112e-01 0.000000000000000000e+00
1.304281435182414128e+00 3.006590747734115832e-01 1.000000000000000000e+00
1.349133396015305575e+00 3.226659632677338907e-01 1.000000000000000000e+00
1.781063983662526606e+00 2.735944496415565474e-02 0.000000000000000000e+00
1.872358340755232664e+00 8.146722023280302816e-01 0.000000000000000000e+00
1.507069211269311371e+00 2.960975306662440021e-01 0.000000000000000000e+00
1.860249202643928346e+00 4.005910428589445349e-01 0.000000000000000000e+00
1.186836232694887805e+00 6.369442459821117453e-02 0.000000000000000000e+00
1.584554595976739755e+00 1.160693739548877002e-01 0.000000000000000000e+00
1.540470418354651150e+00 6.834572292822594930e-01 1.000000000000000000e+00
1.172881374729878523e+00 9.283065989659368134e-01 0.000000000000000000e+00
1.355391414716003329e+00 4.923902940986419896e-01 1.000000000000000000e+00
1.347599110542503587e+00 6.377436096933341014e-01 1.000000000000000000e+00
1.816909715789372992e+00 7.646705889066125472e-01 0.000000000000000000e+00
1.728751044237109458e+00 8.825821338195477539e-01 0.000000000000000000e+00
1.084645241696102769e+00 9.996434721933873391e-01 0.000000000000000000e+00
1.288201885536630620e+00 9.311581937296442568e-01 0.000000000000000000e+00
1.149621086752914856e+00 8.620949564681444910e-01 0.000000000000000000e+00
1.459528050786680353e+00 8.493150813259646714e-01 1.000000000000000000e+00
1.400624023176136435e+00 9.117650451386312138e-01 1.000000000000000000e+00
1.335951123841949695e+00 5.705659120112134275e-01 1.000000000000000000e+00
1.133783331652962856e+00 3.679801271175531241e-01 0.000000000000000000e+00
1.318764383425333531e+00 8.296648680513341034e-01 1.000000000000000000e+00
1.447211313293049084e+00 7.664011066578152453e-01 1.000000000000000000e+00
1.129048536643867173e+00 4.928423916380973990e-01 1.000000000000000000e+00
1.369052430585260716e+00 7.981120207017809998e-01 1.000000000000000000e+00
1.100240365806417486e+00 8.724718787791740926e-01 0.000000000000000000e+00
1.400859422718196301e+00 7.917391175935677428e-01 1.000000000000000000e+00
1.096904758665877999e+00 4.391918370875792510e-01 0.000000000000000000e+00
1.898605197364028108e+00 3.532743161822708977e-01 0.000000000000000000e+00
1.754217513606902479e+00 2.102935551007242276e-01 0.000000000000000000e+00
1.000676519895768113e+00 2.358543099222906170e-01 0.000000000000000000e+00
1.514679988384700415e+00 9.807806857802590095e-01 0.000000000000000000e+00
1.490365737065832752e+00 6.712890682895580330e-01 1.000000000000000000e+00
1.498973177854175276e+00 6.203620143235983875e-01 1.000000000000000000e+00
1.831552904945870530e+00 5.272669304700384751e-01 1.000000000000000000e+00
1.733752968924160864e+00 2.552754737407864072e-01 0.000000000000000000e+00
1.109634060074874196e+00 6.838517873915339607e-01 1.000000000000000000e+00
1.552390373301820947e+00 4.610884347224922797e-01 1.000000000000000000e+00
1.242567463656334414e+00 3.445375303039364123e-01 1.000000000000000000e+00
1.875935527800292713e+00 1.275411650218745141e-01 0.000000000000000000e+00
1.276163854610458115e+00 1.747307488476664838e-01 0.000000000000000000e+00
1.224332136037048047e+00 6.222987043633771975e-01 1.000000000000000000e+00
1.917216479331845580e+00 1.160414756198353547e-01 0.000000000000000000e+00
1.248147946461637181e+00 1.354373351454578600e-01 0.000000000000000000e+00
1.771444630696792366e+00 2.375162267799414417e-01 0.000000000000000000e+00
1.595995450925274950e+00 7.778891514510548610e-01 0.000000000000000000e+00
1.845504642681583540e+00 9.501730538523656122e-02 0.000000000000000000e+00
1.180386138891128311e+00 5.757074867887780334e-01 1.000000000000000000e+00
1.039619009306820274e+00 7.826032237573433692e-01 0.000000000000000000e+00
1.327180127080050953e+00 5.949522142419803039e-01 1.000000000000000000e+00
1.243374132949410793e+00 5.588315149723847020e-01 1.000000000000000000e+00
1.574556243385005327e+00 4.782259432151662049e-01 1.000000000000000000e+00
1.590586026154935384e+00 9.765089975808627365e-01 0.000000000000000000e+00
1.253743545020915562e+00 1.116368226002386610e-01 0.000000000000000000e+00
1.765063834448160618e+00 9.905845500805968706e-01 0.000000000000000000e+00
1.944861795185370168e+00 5.655236429907284368e-03 0.000000000000000000e+00
1.375873450064883485e+00 6.704560947904735224e-01 1.000000000000000000e+00
1.179826713963323837e+00 3.442322536324312621e-01 0.000000000000000000e+00
1.613940073607610604e+00 8.976447081028752217e-01 0.000000000000000000e+00
1.730099924682008794e+00 8.251770412430462498e-01 0.000000000000000000e+00
1.935817828226190862e+00 3.389620612150872070e-01 0.000000000000000000e+00
1.915740693592891564e+00 8.056396213914321924e-01 0.000000000000000000e+00
1.656878155277712317e+00 5.831036748345980181e-01 1.000000000000000000e+00
1.307669124213791889e+00 9.136818873527592366e-01 1.000000000000000000e+00
1.262180598060915759e+00 3.475597725006069894e-01 1.000000000000000000e+00
1.587152783088218833e+00 4.935672878533375885e-01 1.000000000000000000e+00
1.223227830843518937e+00 9.165369967090711834e-01 0.000000000000000000e+00
1.593684240221487913e+00 4.741004455544229890e-01 1.000000000000000000e+00
1.646321828832326029e+00 5.352751994530292601e-01 1.000000000000000000e+00
1.396688258282460238e+00 6.007266338868749722e-01 1.000000000000000000e+00
1.884287058645411239e+00 6.381375485338635078e-01 1.000000000000000000e+00
1.540876217660309244e+00 2.027964695318493771e-01 0.000000000000000000e+00
1.448556486053118597e+00 7.541992539204641632e-01 1.000000000000000000e+00
1.907260014822562688e+00 8.809033226066449451e-01 0.000000000000000000e+00
1.097301989789070786e+00 3.930292955765881668e-01 0.000000000000000000e+00
1.172505914910174418e+00 9.350036106032955097e-02 0.000000000000000000e+00
1.363516848612859933e+00 4.708004316792954169e-01 1.000000000000000000e+00
1.019894532619179062e+00 8.605101522556574123e-01 0.000000000000000000e+00
1.890490971577696300e+00 3.997305902691071777e-01 0.000000000000000000e+00
1.920177551660189552e+00 5.288230521353356473e-01 1.000000000000000000e+00
1.222447278852159203e+00 3.512418126516322348e-01 1.000000000000000000e+00
1.935667422503419610e+00 3.035808283731989965e-01 0.000000000000000000e+00
1.562752122402633725e+00 4.623915630294773704e-01 1.000000000000000000e+00
1.005639473848106258e+00 8.997350146988225550e-01 0.000000000000000000e+00
1.451988654018629088e+00 2.472081975907763907e-01 0.000000000000000000e+00
1.514959470081608917e+00 7.926405196502018802e-01 1.000000000000000000e+00
1.404280520740373017e+00 4.925320603295426647e-01 1.000000000000000000e+00
1.206440088767851471e+00 5.246549875799493279e-01 1.000000000000000000e+00
1.142029385273885644e+00 3.267651541666369841e-01 0.000000000000000000e+00
1.135547114924398304e+00 5.046820496732162820e-02 0.000000000000000000e+00
1.558587525490252146e+00 2.084769683095990533e-01 0.000000000000000000e+00
1.457203047622307679e+00 5.339586678829756350e-01 1.000000000000000000e+00
1.485743098175095867e+00 7.860575994006625544e-01 1.000000000000000000e+00
1.871248935862395157e+00 8.233733771466789086e-02 0.000000000000000000e+00
1.549259946987213699e+00 8.701120054889742716e-01 0.000000000000000000e+00
1.049638000082050660e+00 7.642483119489391630e-01 0.000000000000000000e+00
1.144651023357065700e+00 9.088338738251077187e-01 0.000000000000000000e+00
1.328735132834046428e+00 7.254243553887824714e-01 1.000000000000000000e+00
1.350758582633658555e+00 5.541548645934751827e-01 1.000000000000000000e+00
1.209061920560198677e+00 4.194282018945769686e-01 1.000000000000000000e+00
1.879209704822042415e+00 4.260239084369255025e-02 0.000000000000000000e+00
1.784050417937323108e+00 5.027161529716691613e-01 0.000000000000000000e+00
1.459043381471856637e+00 9.964647230252330345e-01 0.000000000000000000e+00
1.230358248645806896e+00 4.274850943445630547e-01 1.000000000000000000e+00
1.475417957901627553e+00 1.602004736072619728e-01 0.000000000000000000e+00
1.274396829705841228e+00 1.160255789558167772e-01 0.000000000000000000e+00
1.146097311778288663e+00 2.239584997608246031e-02 0.000000000000000000e+00
1.447615542578693848e+00 2.301111224937687494e-01 0.000000000000000000e+00
1.785204880780684178e+00 7.568572903931883866e-01 0.000000000000000000e+00
1.889927341925366155e+00 4.688422504523818146e-01 1.000000000000000000e+00
1.140215141255975784e+00 6.097702743446343776e-01 1.000000000000000000e+00
1.108940373343496377e+00 5.215432493806424485e-01 1.000000000000000000e+00
1.995742319912482410e+00 9.575464918844611706e-01 0.000000000000000000e+00
1.512074069178905855e+00 1.317592749212419534e-01 0.000000000000000000e+00
1.175946782362622844e+00 6.707566789551107078e-01 1.000000000000000000e+00
1.496298708171604375e+00 5.189809100598581360e-01 1.000000000000000000e+00
1.600185674725562279e+00 7.468314972811336272e-01 1.000000000000000000e+00
1.202188662351558301e+00 1.469357388914338536e-01 0.000000000000000000e+00
1.764929342574546034e+00 3.413498367387229893e-01 0.000000000000000000e+00
1.140373355425555513e+00 3.453038862389175012e-01 0.000000000000000000e+00
1.450855923121695756e+00 8.722694038169503949e-01 1.000000000000000000e+00
1.325993425882590504e+00 9.564826605766607592e-02 1.000000000000000000e+00
1.344517698319233290e+00 1.876236630450361931e-01 0.000000000000000000e+00
1.782709596227393778e+00 8.211214264862632950e-01 0.000000000000000000e+00
1.309258100553449378e+00 9.832861253650477806e-01 0.000000000000000000e+00
1.383479694334828647e+00 5.890337766900232142e-01 1.000000000000000000e+00
1.013045093647253925e+00 3.096363164345641295e-01 0.000000000000000000e+00
1.078823403225290800e+00 4.105871760305029872e-01 0.000000000000000000e+00
1.728662428525094441e+00 3.912178418140921377e-02 0.000000000000000000e+00
1.756181267794776346e+00 5.264375767723441513e-01 0.000000000000000000e+00
1.254820340195651696e+00 2.108870775998472613e-02 1.000000000000000000e+00
1.029586154157803080e+00 6.880901933228322775e-03 0.000000000000000000e+00
1.512593641666688304e+00 8.572630390016070523e-01 0.000000000000000000e+00
1.441822986778487081e+00 2.763817162454640375e-01 1.000000000000000000e+00
1.617122819476838114e+00 7.883579233835948941e-01 0.000000000000000000e+00
1.010694009096673174e+00 1.050206240924855816e-02 0.000000000000000000e+00
1.853512090669425127e+00 7.162706895510817517e-01 0.000000000000000000e+00
1.706583302754134612e+00 7.347689320246917344e-01 0.000000000000000000e+00
1.129680932682224359e+00 3.862022620136879025e-01 0.000000000000000000e+00
1.911887933233259451e+00 6.841080722992080032e-01 1.000000000000000000e+00
1.150877163084390586e+00 1.690347760711735647e-01 0.000000000000000000e+00
1.401946163206406304e+00 1.336518655599515659e-01 1.000000000000000000e+00
1.605796933316078423e+00 2.362739928807101597e-01 0.000000000000000000e+00
1.043113541576370817e+00 7.383146116752778987e-01 0.000000000000000000e+00
1.889328761233705301e+00 2.423383669680665431e-01 0.000000000000000000e+00
1.107859708795533749e+00 3.744024569606010377e-01 0.000000000000000000e+00
1.162797762323682260e+00 3.585599347073120668e-02 0.000000000000000000e+00
1.628519698112210756e+00 6.800293475835748058e-01 1.000000000000000000e+00
1.372575754875729803e+00 5.105872440389495059e-01 1.000000000000000000e+00
1.255540987716823542e+00 1.501346796723623811e-02 1.000000000000000000e+00
1.675215439966509567e+00 9.406966883139785685e-01 0.000000000000000000e+00
1.848381457816466122e+00 1.706509148032175904e-01 0.000000000000000000e+00
1.020663280003192064e+00 9.823854606110691279e-01 0.000000000000000000e+00
1.605485843236976962e+00 4.912182354440223220e-01 1.000000000000000000e+00
1.321230893901339076e+00 3.227864649708084288e-01 1.000000000000000000e+00
1.142199445715532224e+00 5.697932354277411848e-01 1.000000000000000000e+00
1.724720260035599972e+00 5.826972434731078065e-01 1.000000000000000000e+00
1.676108581916471385e+00 2.294655833553549407e-02 0.000000000000000000e+00
1.037613130557077268e+00 7.076367444919137162e-01 0.000000000000000000e+00
1.789219828441026339e+00 2.707959240796005140e-01 0.000000000000000000e+00
1.292139498336423165e+00 4.147229075654813579e-01 1.000000000000000000e+00
1.691418146252354315e+00 1.129546653825285185e-01 0.000000000000000000e+00
1.965614876744396167e+00 2.180801819895504812e-01 0.000000000000000000e+00
1.601946294367911694e+00 7.142455451429455815e-01 1.000000000000000000e+00
1.431021078266196067e+00 7.782739304240204881e-02 1.000000000000000000e+00
1.727286910228347239e+00 4.622911542345268243e-01 0.000000000000000000e+00
1.148212795930900976e+00 3.678098009695297543e-01 0.000000000000000000e+00
1.103624824429388029e+00 7.388671778094153542e-01 0.000000000000000000e+00
1.463969374362593445e+00 3.825305288614779808e-01 1.000000000000000000e+00
1.728570388637117983e+00 5.506269599079822719e-01 1.000000000000000000e+00
1.194036150180215472e+00 5.845996249658248489e-01 1.000000000000000000e+00
1.551830226232219001e+00 6.469189259322229990e-01 1.000000000000000000e+00
1.890523982896969102e+00 5.061962587804794689e-01 1.000000000000000000e+00
1.007307166154459477e+00 2.121833295001452901e-01 0.000000000000000000e+00
1.532340098108149640e+00 6.239176333166451816e-01 1.000000000000000000e+00
1.421567845407010422e+00 8.824580602699210186e-01 1.000000000000000000e+00
1.928878945455707372e+00 2.715140421515203073e-01 0.000000000000000000e+00
1.241277023456953899e+00 7.971730852421800018e-01 1.000000000000000000e+00
1.246238100655095549e+00 9.135366324779025105e-01 0.000000000000000000e+00
1.455152883627034210e+00 8.426568774280386309e-01 1.000000000000000000e+00
1.205265514804068516e+00 7.097049062894769111e-01 1.000000000000000000e+00
1.045565945320936940e+00 1.073127056500478016e-02 0.000000000000000000e+00
1.931711091504596967e+00 2.826748187929454259e-01 0.000000000000000000e+00
1.146367824118405654e+00 4.074903147825629235e-01 0.000000000000000000e+00
1.169151805068418870e+00 6.650094502094205939e-02 0.000000000000000000e+00
1.822493449218930417e+00 4.171734391781273255e-01 0.000000000000000000e+00
1.491598597486705646e+00 4.648851380305109027e-01 1.000000000000000000e+00
1.315567653630025369e+00 8.858043140885025757e-01 1.000000000000000000e+00
1.300570407477458890e+00 1.112165422843496287e-01 1.000000000000000000e+00
1.178388096713390620e+00 1.906224950365598136e-02 0.000000000000000000e+00
1.598858826311770009e+00 5.749519742920586873e-01 1.000000000000000000e+00
1.019788483409290514e+00 7.235893920878231356e-01 0.000000000000000000e+00
1.127734085132865438e+00 4.313370283556767770e-01 0.000000000000000000e+00
1.937592438233904923e+00 2.108089740252613309e-01 0.000000000000000000e+00
1.140253308821124634e+00 6.321098844915122861e-01 1.000000000000000000e+00
1.287974103809623738e+00 8.501622561705659553e-01 1.000000000000000000e+00
1.279878456370193485e+00 3.965965554251290603e-01 1.000000000000000000e+00
1.942150834254243730e+00 5.651302766004037137e-01 1.000000000000000000e+00
1.615484787502448505e+00 2.978645948246332331e-01 0.000000000000000000e+00
1.981309008632016422e+00 7.612407669678300515e-01 1.000000000000000000e+00
1.285168045627639088e+00 8.119578051458891110e-01 1.000000000000000000e+00
1.866335486058691817e+00 7.339126352918725615e-01 0.000000000000000000e+00
1.924819004252110055e+00 4.946077906862568208e-01 1.000000000000000000e+00
1.412785995651732351e+00 7.687496569448726280e-01 1.000000000000000000e+00
1.134925550642597480e+00 5.226136441991047210e-02 0.000000000000000000e+00
1.969925684835454049e+00 2.956576760684660465e-01 0.000000000000000000e+00
1.726566953469937271e+00 7.301675324934800981e-01 0.000000000000000000e+00
1.889201163888053259e+00 5.025380431630747102e-01 1.000000000000000000e+00
1.957646303491606288e+00 3.878813644816174744e-01 0.000000000000000000e+00
1.659887100446441943e+00 1.424444659380801337e-01 0.000000000000000000e+00
1.327083082526186786e+00 7.875889815361015733e-01 1.000000000000000000e+00
1.545288226613390936e+00 2.478782651530113679e-01 0.000000000000000000e+00
1.697530442730109446e+00 8.306092320594182787e-01 0.000000000000000000e+00
1.862701095478235480e+00 1.580049433814871840e-01 0.000000000000000000e+00
1.640761525496948092e+00 6.943859267242634692e-01 1.000000000000000000e+00
1.677380622023607382e+00 9.432632013399167015e-03 0.000000000000000000e+00
1.237971796378539047e+00 5.257913893537021766e-01 1.000000000000000000e+00
1.291807189970591407e+00 7.528697733297081696e-01 1.000000000000000000e+00
1.694576437155878246e+00 3.727441204175740985e-02 0.000000000000000000e+00
1.898336717853980726e+00 7.035821147992111779e-01 1.000000000000000000e+00
1.495090273552431182e+00 1.949034449255340196e-01 0.000000000000000000e+00
1.120348172499327610e+00 8.128993220952962506e-02 0.000000000000000000e+00
1.817994701952093228e+00 4.085341709658053544e-01 0.000000000000000000e+00
1.394468031737828406e+00 5.754773525290545200e-01 1.000000000000000000e+00
1.911675515355098387e+00 8.694419844271054076e-01 0.000000000000000000e+00
1.438412895864231267e+00 2.291211272468818283e-01 0.000000000000000000e+00
1.901301734347900396e+00 3.461583998859885103e-02 0.000000000000000000e+00
1.407320868743785258e+00 9.220820862618377411e-01 1.000000000000000000e+00
1.829988881235262266e+00 3.083498231486608843e-01 0.000000000000000000e+00
1.219291152094698516e+00 9.795464909744894255e-01 0.000000000000000000e+00
1.923409706170616129e+00 7.761311816096696514e-01 0.000000000000000000e+00
1.838287831192075616e+00 3.339471652731584861e-01 0.000000000000000000e+00
1.327943591544439750e+00 1.930093408175250769e-01 0.000000000000000000e+00
1.273065986130725191e+00 4.113722808404166598e-01 1.000000000000000000e+00
1.784341867851815699e+00 4.137472623219331513e-01 0.000000000000000000e+00
1.572828119277034808e+00 8.457209551409126114e-01 0.000000000000000000e+00
1.902808232262088950e+00 7.818642360991424622e-01 0.000000000000000000e+00
1.264767900239422316e+00 2.183576169936143341e-01 0.000000000000000000e+00
1.502106580182022366e+00 7.085834429683475211e-01 1.000000000000000000e+00
1.763976452161884145e+00 8.682121809412876035e-01 0.000000000000000000e+00
1.821378246185944239e+00 6.260532113113833619e-01 1.000000000000000000e+00
1.418032961208739229e+00 9.993476871066505618e-01 0.000000000000000000e+00
1.472527621978428680e+00 1.673038329444205274e-01 0.000000000000000000e+00
1.815184340555469511e+00 9.050106467032723589e-01 0.000000000000000000e+00
1.644607012503288113e+00 3.700345733685834748e-01 0.000000000000000000e+00
1.897584224771709405e+00 5.466033719760211573e-01 1.000000000000000000e+00
1.179408746453929346e+00 2.391375558284651870e-01 0.000000000000000000e+00
1.532875087160191718e+00 7.092007048170009265e-01 1.000000000000000000e+00
1.420848263931879796e+00 6.121721779546031028e-01 1.000000000000000000e+00
1.449457021835020232e+00 4.261159367633472472e-01 1.000000000000000000e+00
1.965608385849651363e+00 1.433010888801099503e-01 0.000000000000000000e+00
1.874037833111433127e+00 9.075106220340483087e-01 0.000000000000000000e+00
1.608970004236261797e+00 1.423779915830796217e-01 0.000000000000000000e+00
1.293073952103472202e+00 4.867301998885429359e-01 1.000000000000000000e+00
1.863707608305422925e+00 2.387495353745847648e-01 0.000000000000000000e+00
1.491645906594631921e+00 6.554068098566115941e-01 1.000000000000000000e+00
1.512604406995088357e+00 6.723890131162914008e-01 1.000000000000000000e+00
1.986773300168975354e+00 4.011846569271105833e-01 1.000000000000000000e+00
1.924407585901147577e+00 9.958050262409195996e-01 0.000000000000000000e+00
1.842929266433535940e+00 4.605258299722342352e-01 0.000000000000000000e+00
1.623888162670250157e+00 8.400797183768925480e-01 0.000000000000000000e+00
1.761991653020403170e+00 8.377132405870370002e-01 0.000000000000000000e+00
1.028322263740165887e+00 1.471297079734829039e-01 0.000000000000000000e+00
1.603055736473920634e+00 6.111922515938321698e-01 1.000000000000000000e+00
1.312667951484417062e+00 4.107296971292877519e-01 1.000000000000000000e+00
1.305204300581817023e+00 2.394520627573821780e-01 0.000000000000000000e+00
1.208689835268263568e+00 1.992842935498112533e-01 0.000000000000000000e+00
1.693959846847213679e+00 9.892920538986977874e-01 0.000000000000000000e+00
1.729384988480224816e+00 6.553589012502341049e-01 0.000000000000000000e+00
1.371635755333107998e+00 8.052040502849044934e-01 1.000000000000000000e+00
1.382803261415431084e+00 7.061515827381642518e-01 1.000000000000000000e+00
1.114438527281773172e+00 2.709326281896906607e-01 0.000000000000000000e+00
1.277315823065994671e+00 6.723505653344945543e-01 1.000000000000000000e+00
1.194912251000235237e+00 4.077279269704571218e-01 1.000000000000000000e+00
1.472498509604963202e+00 3.843584852646880767e-01 1.000000000000000000e+00
1.134468649830121301e+00 4.627247516380786907e-01 1.000000000000000000e+00
1.540861981940484737e+00 8.614027129017678419e-01 0.000000000000000000e+00
1.780816712683335412e+00 4.487095466772651475e-01 0.000000000000000000e+00
1.231784065147317531e+00 7.499717295934629213e-01 1.000000000000000000e+00
1.597520052371784516e+00 3.247369636566461715e-01 0.000000000000000000e+00
1.753692781154030822e+00 3.058361482596967384e-01 0.000000000000000000e+00
1.442548627810537276e+00 9.842821576728353339e-01 0.000000000000000000e+00
1.091250667442692723e+00 8.425589654521449257e-01 0.000000000000000000e+00
1.620907985498632797e+00 9.683820579923674288e-03 0.000000000000000000e+00
1.494997379519488856e+00 5.470911533382505354e-01 1.000000000000000000e+00
1.928582092015446836e+00 8.828699078768594832e-01 0.000000000000000000e+00
1.697822283131770416e+00 7.546930747834151854e-01 0.000000000000000000e+00
1.727423826931429263e+00 8.191216643547218901e-01 0.000000000000000000e+00
1.511394891267327623e+00 1.870418220640103213e-01 0.000000000000000000e+00
1.988640631684759574e+00 7.886864295921380830e-01 1.000000000000000000e+00
1.716611309320852818e+00 8.477486435087321359e-01 0.000000000000000000e+00
1.899673657119175685e+00 3.086072113323140576e-01 0.000000000000000000e+00
1.168615403679694964e+00 9.942170662841109952e-01 0.000000000000000000e+00
1.213619125802362309e+00 8.630941703451466829e-02 0.000000000000000000e+00
1.939610926440294758e+00 6.414048767909268367e-01 1.000000000000000000e+00
1.619838671536414143e+00 4.636334289578125656e-02 0.000000000000000000e+00
1.412171101463790990e+00 5.527629301314870292e-01 1.000000000000000000e+00
1.723663356218138931e+00 7.529457646715420616e-01 0.000000000000000000e+00
1.486624392987498711e+00 2.062012948263439727e-01 0.000000000000000000e+00
1.178841020226852887e+00 2.950087762467332730e-01 0.000000000000000000e+00
1.407003379330215243e+00 8.340824451532020678e-01 1.000000000000000000e+00
1.495534152266736694e+00 2.594967522904589874e-02 1.000000000000000000e+00
1.950380200180731105e+00 8.760004819493248940e-01 0.000000000000000000e+00
1.164145362955645302e+00 8.049277971940327348e-02 0.000000000000000000e+00
1.127771759472030677e+00 8.570281472109053666e-02 0.000000000000000000e+00
1.769982960408672534e+00 9.966734727099213487e-01 0.000000000000000000e+00
1.715172614842036758e+00 1.674265537196456544e-01 0.000000000000000000e+00
1.237272293221625574e+00 7.898453162412972794e-01 1.000000000000000000e+00
1.220217221048683021e+00 8.080451890014906935e-01 1.000000000000000000e+00
1.991361449269667405e+00 7.173399353472377227e-01 1.000000000000000000e+00
1.284813662733987893e+00 4.384829220872038524e-01 1.000000000000000000e+00
1.330658629199990894e+00 5.092842226601322908e-01 1.000000000000000000e+00
1.665525497242775987e+00 9.875078376481115638e-01 0.000000000000000000e+00
1.880318608089297960e+00 8.522015429327943759e-01 0.000000000000000000e+00
1.606240997116517466e+00 1.142573132320841012e-01 0.000000000000000000e+00
1.407236931061897067e+00 2.731135072423226395e-01 1.000000000000000000e+00
1.616003587283856735e+00 5.166264809883210907e-01 1.000000000000000000e+00
1.720347240614792828e+00 3.891000607779578901e-01 0.000000000000000000e+00
1.968425419675197574e+00 5.615876765063939624e-01 1.000000000000000000e+00
1.693043650976891801e+00 1.561743229326658655e-01 0.000000000000000000e+00
1.977065232486100443e+00 7.799053815328788053e-01 1.000000000000000000e+00
1.128808739832596331e+00 5.281509966213300267e-01 1.000000000000000000e+00
1.654053872978224149e+00 6.732695397267504100e-01 1.000000000000000000e+00
1.792582543593085775e+00 1.055041533976144308e-01 0.000000000000000000e+00
1.157539404151972207e+00 7.084351357540497052e-01 1.000000000000000000e+00
1.734263678769339290e+00 9.364647495701733382e-01 0.000000000000000000e+00
1.701587900122325525e+00 6.138167840891129989e-01 1.000000000000000000e+00
1.018776323869114986e+00 3.317777836574642425e-02 0.000000000000000000e+00
1.048929724100263750e+00 9.651327924515910039e-01 0.000000000000000000e+00
1.095861329303399412e+00 2.907942839209164410e-01 0.000000000000000000e+00
1.897027357301336759e+00 6.150007629564605560e-01 1.000000000000000000e+00
1.060187726979136436e+00 9.910253886208010288e-01 0.000000000000000000e+00
1.895225216675148872e+00 1.887513282479053034e-01 0.000000000000000000e+00
1.964697601502628510e+00 8.864530905468603894e-01 0.000000000000000000e+00
1.282410204863370318e+00 6.551353758348075207e-01 1.000000000000000000e+00
1.653249605440845649e+00 9.621628399430182110e-02 0.000000000000000000e+00
1.696483088604215927e+00 4.341410738666701130e-01 0.000000000000000000e+00
1.446182485833655385e+00 3.840270040421097653e-01 1.000000000000000000e+00
1.786214970087536713e+00 2.250338662832808145e-01 0.000000000000000000e+00
1.739797891063399327e+00 3.482148005620200326e-01 0.000000000000000000e+00
1.875019255395717233e+00 9.028706650649654941e-01 0.000000000000000000e+00
1.574222365183092442e+00 6.119106604697850393e-01 1.000000000000000000e+00
1.502904565472015896e+00 5.966176287889969343e-01 1.000000000000000000e+00
1.955977192225628380e+00 8.354524329311103781e-01 0.000000000000000000e+00
1.238325938515777880e+00 8.018320090147220691e-01 1.000000000000000000e+00
1.672399201360364351e+00 7.203972235473224961e-01 0.000000000000000000e+00
1.120383999666023644e+00 5.380191029520243751e-01 1.000000000000000000e+00
1.971058162254675672e+00 6.496589449222811563e-01 1.000000000000000000e+00
1.040751730534458241e+00 7.966466991129381725e-01 0.000000000000000000e+00
1.511944867771071621e+00 2.901781924486758202e-01 0.000000000000000000e+00
1.770749618238950163e+00 4.077894619022426337e-01 0.000000000000000000e+00
1.073553528307001237e+00 5.839906298875802149e-01 1.000000000000000000e+00
1.373787177797909820e+00 5.881674221106278910e-01 1.000000000000000000e+00
1.312699997915313777e+00 8.013277819416145809e-01 1.000000000000000000e+00
1.616942620135513931e+00 7.845845364631445218e-01 0.000000000000000000e+00
1.322328715266070986e+00 3.472440145514561483e-01 1.000000000000000000e+00
1.163555332094962314e+00 8.807014509919335321e-01 0.000000000000000000e+00
1.961690179663090117e+00 9.771122579398608954e-01 0.000000000000000000e+00
1.540245825803156166e+00 2.231582244688581351e-01 0.000000000000000000e+00
1.337750936283359948e+00 7.904507249544479031e-01 1.000000000000000000e+00
1.438380745097554758e+00 6.150249593113109592e-01 1.000000000000000000e+00
1.733145221609773579e+00 8.012927115630952279e-01 0.000000000000000000e+00
1.172941333918927409e+00 1.623161261709412662e-01 0.000000000000000000e+00
1.394939729263844574e+00 5.907911537025823945e-01 1.000000000000000000e+00
1.509697527114970406e+00 4.805571654887541566e-01 1.000000000000000000e+00
1.059856752629410703e+00 3.693690022911425563e-01 0.000000000000000000e+00
1.761265482438011176e+00 5.373164864578651168e-01 0.000000000000000000e+00
1.593401837156044998e+00 5.874702234673566670e-01 1.000000000000000000e+00
1.857784659138689065e+00 4.946690456016015203e-01 0.000000000000000000e+00
1.136216223254177038e+00 4.431933085826809116e-01 1.000000000000000000e+00
1.626540465389346268e+00 1.773777519523216384e-01 0.000000000000000000e+00
1.635014887988087695e+00 3.460118769250597470e-02 0.000000000000000000e+00
1.352856605356843822e+00 6.070884836050123301e-01 1.000000000000000000e+00
1.349902390488264992e+00 6.914986879193003588e-01 1.000000000000000000e+00
1.692642205885062978e+00 4.899228548850707021e-01 0.000000000000000000e+00
1.087974488570483622e+00 9.155277702940080031e-01 0.000000000000000000e+00
1.164885862493768354e+00 2.844624167727732855e-01 0.000000000000000000e+00
1.985260168627204891e+00 2.894411658873998761e-01 0.000000000000000000e+00
1.849255079423481662e+00 9.227925211202355760e-01 0.000000000000000000e+00
1.014059469823499260e+00 9.458720399645936805e-01 0.000000000000000000e+00
1.780210602478015769e+00 5.379323757057652422e-02 0.000000000000000000e+00
1.895065690001795922e+00 8.459349049263087394e-01 0.000000000000000000e+00
1.213541201361135524e+00 4.092999493947159229e-01 1.000000000000000000e+00
1.580404805019918646e+00 7.825231450518226328e-01 0.000000000000000000e+00
1.131245496468813672e+00 3.201538474879453977e-01 0.000000000000000000e+00
1.965074773826887888e+00 1.260257089855806312e-01 0.000000000000000000e+00
1.857556343531228116e+00 8.130219633507146382e-01 0.000000000000000000e+00
1.593184904713590200e+00 6.972135843674198696e-02 0.000000000000000000e+00
1.021049402477591128e+00 8.415217647111145061e-01 0.000000000000000000e+00
1.016572873214373507e+00 3.131425563611940355e-01 0.000000000000000000e+00
1.965517397934861021e+00 6.415643293158234117e-01 1.000000000000000000e+00
1.874336482103242218e+00 3.313952120029358683e-01 0.000000000000000000e+00
1.118902701453900583e+00 2.488216411938445338e-01 0.000000000000000000e+00
1.884284863312343017e+00 8.947977821893807748e-01 0.000000000000000000e+00
1.206116253660391102e+00 2.929196306219821189e-01 0.000000000000000000e+00
1.955924440890238536e+00 5.515402532668924884e-01 1.000000000000000000e+00
1.300079318002864914e+00 3.186428216565531102e-01 1.000000000000000000e+00
1.836328408205563534e+00 8.477888583785005983e-01 0.000000000000000000e+00
1.894902547317107722e+00 2.582689308532390982e-01 0.000000000000000000e+00
1.917061405961430598e+00 7.449422302192212353e-01 0.000000000000000000e+00
1.629047428587510282e+00 8.204409928433059607e-01 0.000000000000000000e+00
1.307996793815032532e+00 5.097796571059750592e-01 1.000000000000000000e+00
1.450679892953258276e+00 8.643436225173561915e-01 1.000000000000000000e+00
1.548179312930914264e+00 5.280633477910274820e-01 1.000000000000000000e+00
1.901182953480557103e+00 2.204738632081947314e-01 0.000000000000000000e+00
1.722907790521488014e+00 6.752015094443841736e-02 0.000000000000000000e+00
1.992272527704827656e+00 6.585881344393541559e-01 1.000000000000000000e+00
1.908500474215356846e+00 1.839492319784119534e-02 0.000000000000000000e+00
1.703302355384822331e+00 6.299090974813118526e-01 1.000000000000000000e+00
1.903717777502690556e+00 7.062196750593293659e-01 1.000000000000000000e+00
1.824720408141408790e+00 8.988643028294037718e-01 0.000000000000000000e+00
1.202003929435020879e+00 4.524973006045939217e-01 1.000000000000000000e+00
1.689945968979720270e+00 2.144198984227874138e-02 0.000000000000000000e+00
1.862979912632382717e+00 3.326587393565179074e-01 0.000000000000000000e+00
1.120446221546124388e+00 6.432487406716017597e-01 1.000000000000000000e+00
1.348172551873730196e+00 7.826867093179454837e-01 1.000000000000000000e+00
1.835895760405803046e+00 1.005708024148808111e-01 0.000000000000000000e+00
1.280224885875274055e+00 3.807981855454563025e-01 1.000000000000000000e+00
1.851300508858442662e+00 5.136408164783710095e-01 1.000000000000000000e+00
1.033344638545988570e+00 2.297623997785588346e-01 0.000000000000000000e+00
1.241738224406776281e+00 7.005801199151110437e-01 1.000000000000000000e+00
1.366082289324261456e+00 3.346193024118518933e-01 1.000000000000000000e+00
1.032801784674108880e+00 3.441851161808904269e-01 0.000000000000000000e+00
1.110795278136404995e+00 5.372663137668295397e-01 1.000000000000000000e+00
1.292532950727177443e+00 1.080747747669530412e-01 1.000000000000000000e+00
1.151929589925049235e+00 4.262520838711074678e-01 1.000000000000000000e+00
1.593342746231055429e+00 2.787499940202810000e-01 0.000000000000000000e+00
1.433862792901130279e+00 5.349975391387961077e-01 1.000000000000000000e+00
1.127549386306915924e+00 7.880204296514252693e-01 0.000000000000000000e+00
1.974429730311889841e+00 1.198179663048156707e-01 0.000000000000000000e+00
1.310268032395956350e+00 9.368299477223818172e-02 1.000000000000000000e+00
1.321162707753777310e+00 7.743149176895740560e-01 1.000000000000000000e+00
1.772867279350442526e+00 3.207877458594043940e-01 0.000000000000000000e+00
1.072342004774355928e+00 3.437038394633019633e-01 0.000000000000000000e+00
1.237939678787919107e+00 2.054399072701018625e-02 1.000000000000000000e+00
1.950621062958680874e+00 7.796314880244258338e-01 0.000000000000000000e+00
1.919069423771567973e+00 8.390040063277058868e-01 0.000000000000000000e+00
1.401070243029521656e+00 8.759105094903876232e-01 1.000000000000000000e+00
1.210997959012985348e+00 2.084299766383320707e-01 0.000000000000000000e+00
1.330532870509455012e+00 7.336607387720893714e-01 1.000000000000000000e+00
1.304856493577410070e+00 5.464223361180131633e-01 1.000000000000000000e+00
1.827169129393710456e+00 4.148771311189268785e-01 0.000000000000000000e+00
1.386460840122469618e+00 1.919755352551077987e-02 1.000000000000000000e+00
1.682376333382872957e+00 1.499195456815916039e-02 0.000000000000000000e+00
1.288969206678123758e+00 6.618198074643745210e-01 1.000000000000000000e+00
1.007083651328797291e+00 6.101175618486771590e-01 1.000000000000000000e+00
1.503187034500156116e+00 6.370460823390995397e-01 1.000000000000000000e+00
1.311826704712991010e+00 1.843428510725867442e-01 0.000000000000000000e+00
1.680316950012684218e+00 8.506051031220541736e-01 0.000000000000000000e+00
1.930482409079248951e+00 9.744198605043212780e-01 0.000000000000000000e+00
1.702920683249955935e+00 3.313036312505308612e-01 0.000000000000000000e+00
1.869835402145072045e+00 6.297562334183182120e-01 1.000000000000000000e+00
1.393303623296154425e+00 9.307129897068661117e-01 1.000000000000000000e+00
1.035569576336864861e+00 6.082953909904605938e-01 1.000000000000000000e+00
1.417437364840105740e+00 8.479257066367302809e-01 1.000000000000000000e+00
1.642685236828252737e+00 8.772446398933174683e-01 0.000000000000000000e+00
1.793268966599861125e+00 5.234790939107214491e-01 0.000000000000000000e+00
1.147329343617006447e+00 8.600245143779371437e-01 0.000000000000000000e+00
1.735561132301446596e+00 6.619519970922993490e-01 0.000000000000000000e+00
1.539677592828875508e+00 7.754664517610064811e-01 1.000000000000000000e+00
1.493722151796209818e+00 2.302550154462562615e-01 0.000000000000000000e+00
1.520297954401826246e+00 2.436945054573369518e-03 1.000000000000000000e+00
1.063583137157499303e+00 3.980652670821515082e-01 0.000000000000000000e+00
1.010990321831783945e+00 3.526230997310616511e-01 0.000000000000000000e+00
1.845847840080727442e+00 7.301552797634681680e-01 0.000000000000000000e+00
1.149127166180574422e+00 6.245180712104222431e-01 1.000000000000000000e+00
1.806549956033134841e+00 1.012035269006847926e-01 0.000000000000000000e+00
1.460109635158401309e+00 9.612596117598751766e-01 0.000000000000000000e+00
1.168060465195774000e+00 5.656623961815460122e-01 1.000000000000000000e+00
1.840287676733072253e+00 9.499014409571990836e-01 0.000000000000000000e+00
1.051757290397637989e+00 3.884878309997339407e-01 0.000000000000000000e+00
1.697924388164194553e+00 2.414736789134945827e-01 0.000000000000000000e+00
1.389761662612163384e+00 7.392507033704440733e-01 1.000000000000000000e+00
1.127916290763799845e+00 1.582945062230567412e-02 0.000000000000000000e+00
1.465821491497700357e+00 3.913924290511505699e-01 1.000000000000000000e+00
1.290303023044502950e+00 6.589824246456692514e-01 1.000000000000000000e+00
1.162166441110019210e+00 2.634483103392966097e-01 0.000000000000000000e+00
1.453113505794557891e+00 7.685226721899868219e-01 1.000000000000000000e+00
1.270284210336470654e+00 7.867732383412439079e-01 1.000000000000000000e+00
1.273110362476861379e+00 9.993812127891038566e-01 0.000000000000000000e+00
1.364652104919504172e+00 4.501070427345864600e-01 1.000000000000000000e+00
1.557193980235507924e+00 1.333702132728619150e-01 0.000000000000000000e+00
1.975404687435241780e+00 5.024141927503477101e-01 1.000000000000000000e+00
1.502264930551278965e+00 2.799560954448414574e-01 0.000000000000000000e+00
1.143875404470308332e+00 7.673699796162857245e-01 0.000000000000000000e+00
1.080111304438823305e+00 1.409460102501308709e-01 0.000000000000000000e+00
1.400404130568261962e+00 7.073117154291155284e-01 1.000000000000000000e+00
1.782563925752023604e+00 6.512825462337689109e-01 0.000000000000000000e+00
1.209581060759634230e+00 6.307238342292017519e-01 1.000000000000000000e+00
1.813117837031234636e+00 8.390668017747311414e-01 0.000000000000000000e+00
1.528464451624794052e+00 1.916674682950247899e-02 1.000000000000000000e+00
1.564468909347028536e+00 7.825185188427290495e-01 1.000000000000000000e+00
1.947179683288126295e+00 3.848185918599253963e-01 0.000000000000000000e+00
1.092232767811525562e+00 7.699851773042012404e-01 0.000000000000000000e+00
1.171200789117922358e+00 4.972798231663999591e-01 1.000000000000000000e+00
1.139751934238088849e+00 6.685080486538366173e-01 1.000000000000000000e+00
1.050484560890699193e+00 2.601997071763429981e-01 0.000000000000000000e+00
1.686215996859568023e+00 1.425710128501517238e-01 0.000000000000000000e+00
1.124027381812025883e+00 6.564744705831300209e-01 1.000000000000000000e+00
1.554192797711978269e+00 3.504941149317652993e-02 0.000000000000000000e+00
1.375321048953354719e+00 8.691996660756733384e-01 1.000000000000000000e+00
1.301162073841811484e+00 7.615733059775919855e-04 1.000000000000000000e+00
1.110516796346513235e+00 9.285807315623126890e-01 0.000000000000000000e+00
1.742267670901405552e+00 9.591066092101389051e-01 0.000000000000000000e+00
1.433578377224259182e+00 8.585114069472554732e-01 1.000000000000000000e+00
1.428144590544246473e+00 9.498405315648349445e-01 0.000000000000000000e+00
1.777174774226687681e+00 6.667911856120692926e-01 0.000000000000000000e+00
1.971142655163015789e+00 4.693873376789017282e-01 1.000000000000000000e+00
1.321159240559951265e+00 5.582835634869907082e-01 1.000000000000000000e+00
1.502821053178071020e+00 8.781004605968545373e-01 0.000000000000000000e+00
1.583575184485502385e+00 7.325337390093256129e-01 1.000000000000000000e+00
1.822052246840889067e+00 1.299469624456188743e-01 0.000000000000000000e+00
1.912551760964862346e+00 5.198054974988808308e-02 0.000000000000000000e+00
1.163114264209462512e+00 2.198121030925147545e-01 0.000000000000000000e+00
1.170341421767332024e+00 8.336599762132703706e-01 0.000000000000000000e+00
1.440553874095561016e+00 4.944863684256016745e-01 1.000000000000000000e+00
1.981078104822573849e+00 4.109485681089090070e-01 1.000000000000000000e+00
1.297776525044785023e+00 2.353777155063727644e-01 0.000000000000000000e+00
1.538755574537088000e+00 5.847374302771325416e-01 1.000000000000000000e+00
1.526621250992672429e+00 6.355988200396724963e-01 1.000000000000000000e+00
1.996959777568880767e+00 3.583173631037458451e-01 0.000000000000000000e+00
1.985526809525919312e+00 9.328368553907535610e-01 0.000000000000000000e+00
1.657527186193517910e+00 6.423766984424477133e-01 1.000000000000000000e+00
1.945435437322592831e+00 5.867393321775982162e-02 0.000000000000000000e+00
1.540107886765921474e+00 1.656740779699340527e-01 0.000000000000000000e+00
1.421939116055716656e+00 7.073392949354684323e-02 1.000000000000000000e+00
1.605160669916345650e+00 4.844705217972635758e-01 1.000000000000000000e+00
1.676888115532743972e+00 5.549300067559137517e-02 0.000000000000000000e+00
1.643863273796782210e+00 1.676205153137444448e-02 0.000000000000000000e+00
1.468002360832159514e+00 7.470388107004367617e-01 1.000000000000000000e+00
1.632473323723009795e+00 7.778250270441828818e-01 0.000000000000000000e+00
1.865821515612364090e+00 9.985999683494981571e-01 0.000000000000000000e+00
1.593908468380957455e+00 8.725605250964082460e-01 0.000000000000000000e+00
1.410666024261100882e+00 2.994666201282081275e-03 1.000000000000000000e+00
1.505201204714283758e+00 7.645849844734553535e-01 1.000000000000000000e+00
1.647291455781451752e+00 8.841191383305146978e-01 0.000000000000000000e+00
1.895119132788134486e+00 4.383205503029695693e-01 0.000000000000000000e+00
1.506926554837439980e+00 2.510709425245849502e-02 1.000000000000000000e+00
1.989312483232748008e+00 6.376257966379956788e-01 1.000000000000000000e+00
1.697147620046944638e+00 4.680091478724079934e-02 0.000000000000000000e+00
1.056925917329346820e+00 2.449403713330824406e-01 0.000000000000000000e+00
1.526938049717705637e+00 1.158866126784914297e-01 0.000000000000000000e+00
1.894282335976364973e+00 1.304365841594450348e-01 0.000000000000000000e+00
1.448531324755356620e+00 3.293991850222344198e-02 1.000000000000000000e+00
1.549454516549250371e+00 9.111230807340030546e-01 0.000000000000000000e+00
1.462668235060963884e+00 8.884113284421767398e-01 1.000000000000000000e+00
1.146202360762029526e+00 9.926812564342762935e-01 0.000000000000000000e+00
1.595272597373776691e+00 4.914111393957165674e-01 1.000000000000000000e+00
1.030005911546598263e+00 6.313462834482043151e-01 1.000000000000000000e+00
1.547707278615003013e+00 9.703826635605750095e-01 0.000000000000000000e+00
1.749256316836625302e+00 3.720901084644647749e-01 0.000000000000000000e+00
1.532211400843960458e+00 8.924222159713043334e-01 0.000000000000000000e+00
1.987679756164266287e+00 5.659475042485787588e-01 1.000000000000000000e+00
1.898138510847559912e+00 4.709158043336170163e-02 0.000000000000000000e+00
1.335051226111991340e+00 2.722516905670503418e-01 1.000000000000000000e+00
1.442350383216565612e+00 9.117045726340611278e-01 1.000000000000000000e+00
1.426186229097388569e+00 5.179221922151582280e-01 1.000000000000000000e+00
1.687183804845403978e+00 6.946667756415648709e-01 0.000000000000000000e+00
1.719508877550809611e+00 2.889283987676034560e-01 0.000000000000000000e+00
1.655688724664814426e+00 1.257179674703868821e-01 0.000000000000000000e+00
1.434891278861721631e+00 2.932472112675126308e-01 1.000000000000000000e+00
1.038448644287210954e+00 9.683258989349481372e-01 0.000000000000000000e+00
1.191137972825297542e+00 5.862730340236634863e-01 1.000000000000000000e+00
1.014057042401008246e+00 4.723339481964188291e-01 0.000000000000000000e+00
1.409675392237680347e+00 6.236830626717859705e-02 1.000000000000000000e+00
1.020772521030181901e+00 2.014311496194740592e-01 0.000000000000000000e+00
1.559943329395803824e+00 8.949672574717200124e-01 0.000000000000000000e+00
1.230149122860538569e+00 3.039497109946908138e-01 0.000000000000000000e+00
1.513977845371508923e+00 7.219653346991090626e-01 1.000000000000000000e+00
1.481545582386987192e+00 1.129016610162445478e-01 0.000000000000000000e+00
1.599457935797774066e+00 3.448652832904457455e-01 0.000000000000000000e+00
1.874014921645803744e+00 7.911533617050590106e-01 0.000000000000000000e+00
1.879734326600471128e+00 5.300683440122094803e-01 1.000000000000000000e+00
1.935384545761821506e+00 8.983002904448736947e-01 0.000000000000000000e+00
1.375136527118783647e+00 6.184267030008083754e-01 1.000000000000000000e+00
1.937928644863971872e+00 7.360515818116252218e-01 1.000000000000000000e+00
1.332821197488224696e+00 2.781277964736114106e-01 1.000000000000000000e+00
1.107253527212428867e+00 2.944186055492226117e-02 0.000000000000000000e+00
1.922904734257059545e+00 9.681543807547756675e-01 0.000000000000000000e+00
1.128811709719451439e+00 6.796306545210907268e-01 1.000000000000000000e+00
1.582770516661607285e+00 4.051301036030666713e-01 1.000000000000000000e+00
1.045602479932301154e+00 8.112949603820921451e-01 0.000000000000000000e+00
1.056728839553121357e+00 6.056066277278120413e-01 1.000000000000000000e+00
1.970284794206370149e+00 9.467613676487182106e-01 0.000000000000000000e+00
1.939551079443723847e+00 5.626071052121239813e-02 0.000000000000000000e+00
1.144594462258371914e+00 4.738575923683254754e-01 1.000000000000000000e+00
1.344795687044088917e+00 1.663563899656782530e-01 1.000000000000000000e+00
1.427087517947040141e+00 1.786754024215099212e-01 0.000000000000000000e+00
1.406845796148924688e+00 5.433547253694154255e-01 1.000000000000000000e+00
1.456056912430109263e+00 5.505690723229658134e-01 1.000000000000000000e+00
1.272455990095035183e+00 2.763217226887487721e-01 0.000000000000000000e+00
1.149298997093576746e+00 7.754890006085042309e-01 0.000000000000000000e+00
1.089518916255623360e+00 7.357981005082596671e-01 0.000000000000000000e+00
1.244486276411117753e+00 3.296519420206432960e-01 1.000000000000000000e+00
1.148132144068383820e+00 9.557405550040710684e-01 0.000000000000000000e+00
1.942679694096025145e+00 3.106955843472223311e-01 0.000000000000000000e+00
1.885872398566450725e+00 2.276619456934775299e-01 0.000000000000000000e+00
1.417954903822905122e+00 5.436218719019572099e-01 1.000000000000000000e+00
1.737465669360635179e+00 8.402747042983449433e-01 0.000000000000000000e+00
1.146239925834317663e+00 9.564536602100037754e-01 0.000000000000000000e+00
1.145258935087662966e+00 9.622931038606958865e-01 0.000000000000000000e+00
1.495304031636522479e+00 2.761083186379539312e-01 0.000000000000000000e+00
1.530304700860164679e+00 5.560996259141260945e-01 1.000000000000000000e+00
1.534669170475575051e+00 8.592535512744281512e-02 0.000000000000000000e+00
1.221680591278678341e+00 3.446587728853930388e-01 0.000000000000000000e+00
1.754928216190831947e+00 8.374442336524485775e-01 0.000000000000000000e+00
1.192301012739038768e+00 9.559118009547274974e-01 0.000000000000000000e+00
1.409508171497417361e+00 2.085666055467487734e-01 0.000000000000000000e+00
1.291919369953351548e+00 3.224885565481675487e-01 1.000000000000000000e+00
1.300436250133170546e+00 2.404454995493598979e-02 1.000000000000000000e+00
1.008740431109432567e+00 1.054463484901879688e-02 0.000000000000000000e+00
1.852788044514973365e+00 1.121706689681962743e-01 0.000000000000000000e+00
1.265588780614189890e+00 5.859832102332475090e-01 1.000000000000000000e+00
1.071924806766946681e+00 6.420155402232221586e-01 1.000000000000000000e+00
1.584122494370417522e+00 2.977234860762167923e-02 0.000000000000000000e+00
1.766456255242904394e+00 3.772032952984175624e-01 0.000000000000000000e+00
1.756256735336485519e+00 8.340521090940955506e-01 0.000000000000000000e+00
1.863200905382637274e+00 3.090795093773880398e-01 0.000000000000000000e+00
1.095857503854124726e+00 4.328396266816566529e-01 0.000000000000000000e+00
1.600953631042862479e+00 3.859498496638710252e-01 0.000000000000000000e+00
1.671277023848117382e+00 9.768840351429247670e-01 0.000000000000000000e+00
1.163763348650197482e+00 5.113102967772524821e-01 1.000000000000000000e+00
1.519942022342299470e+00 5.495599388193230794e-01 1.000000000000000000e+00
1.609821371380414146e+00 8.492017452436271263e-01 0.000000000000000000e+00
1.096206857892390030e+00 9.787546258308499336e-01 0.000000000000000000e+00
1.450501225470317568e+00 3.137265536948232736e-01 1.000000000000000000e+00
1.857092905890470824e+00 1.403573751907065681e-01 0.000000000000000000e+00
1.120467886292925819e+00 7.085446892946482000e-01 1.000000000000000000e+00
1.280330515823578708e+00 7.985363291762960225e-01 1.000000000000000000e+00
1.859641766926551032e+00 5.209160185711205759e-01 1.000000000000000000e+00
1.254445495485143613e+00 6.039519678092346577e-01 1.000000000000000000e+00
1.333840258237346532e+00 5.538905076677529404e-01 1.000000000000000000e+00
1.893955336807107592e+00 7.341122299537835572e-01 0.000000000000000000e+00
1.988393952448387569e+00 5.406339939958844099e-01 1.000000000000000000e+00
1.181447295102198147e+00 3.213352418642013708e-01 0.000000000000000000e+00
1.367150161246943219e+00 2.362411178855841065e-01 1.000000000000000000e+00
1.662987661955340091e+00 1.577270305611204737e-01 0.000000000000000000e+00
1.960455666508946537e+00 4.281347494486998917e-01 1.000000000000000000e+00
1.015600490087655849e+00 9.658917558492308153e-02 0.000000000000000000e+00
1.288658863928950238e+00 2.572359609920221724e-01 0.000000000000000000e+00
1.504091320167676438e+00 6.973512536887115365e-01 1.000000000000000000e+00
1.712172323636883764e+00 1.110284935247963789e-01 0.000000000000000000e+00
1.715118802692871869e+00 1.664720461707519528e-01 0.000000000000000000e+00
1.266793109019907604e+00 6.063812781815111075e-01 1.000000000000000000e+00
1.365744210218936106e+00 3.058675014318910090e-01 1.000000000000000000e+00
1.441058310080179261e+00 3.512250134754564268e-01 1.000000000000000000e+00
1.812422668048498053e+00 2.600823162708912895e-01 0.000000000000000000e+00
1.765021173398420684e+00 6.167127865726711455e-01 0.000000000000000000e+00
1.819918738917051915e+00 2.941631998968796680e-03 0.000000000000000000e+00
1.228913551139487081e+00 4.270253328060751308e-01 1.000000000000000000e+00
1.322474396486010839e+00 6.733091789838064889e-01 1.000000000000000000e+00
1.563219154654526655e+00 8.259494573840761023e-01 0.000000000000000000e+00
1.044201608358236388e+00 1.022257150318524044e-01 0.000000000000000000e+00
1.677056841491028294e+00 6.615519410823510471e-01 1.000000000000000000e+00
1.934514371390842591e+00 4.519421442507075559e-01 1.000000000000000000e+00
1.921998439145660598e+00 5.130824390100199306e-01 1.000000000000000000e+00
1.542022799663898214e+00 2.830835298831724245e-02 1.000000000000000000e+00
1.710788057766396530e+00 8.053868749337155242e-01 0.000000000000000000e+00
1.807899611044729848e+00 6.898679187211647079e-01 0.000000000000000000e+00
1.005172125898159852e+00 2.614599591942725620e-01 0.000000000000000000e+00
1.250225253915601575e+00 6.525745403202390937e-01 1.000000000000000000e+00
1.417440758016567992e+00 9.295353544421258718e-01 1.000000000000000000e+00
1.956145871720676777e+00 1.973678352167563821e-01 0.000000000000000000e+00
1.713822822533919599e+00 7.743283890528455116e-01 0.000000000000000000e+00
1.390112612838376949e+00 5.755596686869091094e-03 1.000000000000000000e+00
1.017910073945405003e+00 5.343511116928534310e-01 0.000000000000000000e+00
1.754943945569909847e+00 2.340437838766804557e-01 0.000000000000000000e+00
1.171501768245534203e+00 3.807852531913058503e-02 0.000000000000000000e+00
1.360808144154284527e+00 2.864916631601583941e-01 1.000000000000000000e+00
1.665451053546980642e+00 9.311040283721090383e-01 0.000000000000000000e+00
1.649254443291819694e+00 5.007338983929340293e-01 1.000000000000000000e+00
1.185855697870976444e+00 7.034745071484380663e-01 1.000000000000000000e+00
1.343905355556347381e+00 4.958983491519277642e-01 1.000000000000000000e+00
1.421776611890041231e+00 4.027920739270021144e-01 1.000000000000000000e+00
1.232728545610566329e+00 8.220591905396074095e-01 1.000000000000000000e+00
1.335836328245731286e+00 1.241602227109728229e-02 1.000000000000000000e+00
1.396674263825335993e+00 6.994571446358227584e-01 1.000000000000000000e+00
1.603702749952283790e+00 1.948949968703277413e-01 0.000000000000000000e+00
1.356746226669245381e+00 4.180966081225530040e-01 1.000000000000000000e+00
1.352063489623969605e+00 4.143339828254904988e-01 1.000000000000000000e+00
1.599669983170895371e+00 3.247446411340448869e-01 0.000000000000000000e+00
1.788948455810749127e+00 9.036924857250000498e-01 0.000000000000000000e+00
1.042553472304555306e+00 8.762803731882932157e-01 0.000000000000000000e+00
1.711231956019329203e+00 6.718670151058353524e-01 0.000000000000000000e+00
1.891699773792911987e+00 5.872931831438535921e-01 1.000000000000000000e+00
1.144257099988579496e+00 7.087311852011893842e-01 1.000000000000000000e+00
1.841664355814437215e+00 8.585073984555096072e-01 0.000000000000000000e+00
1.949034770571374864e+00 4.290783068654208110e-01 1.000000000000000000e+00
1.938793382090534756e+00 6.043143293088220069e-01 1.000000000000000000e+00
1.901146385594207011e+00 3.002931920403273391e-01 0.000000000000000000e+00
1.264098806202988090e+00 4.014926448861229069e-01 1.000000000000000000e+00
1.776460773286383077e+00 5.843981918032131739e-01 1.000000000000000000e+00
1.589283751504902309e+00 2.311793224889753251e-01 0.000000000000000000e+00
1.808157471381757198e+00 5.263168424571573745e-02 0.000000000000000000e+00
1.930506817494971106e+00 3.132094056467162879e-01 0.000000000000000000e+00
1.377676663829292991e+00 3.946978327907149087e-01 1.000000000000000000e+00
1.541928598786525662e+00 2.495876508632371982e-01 0.000000000000000000e+00
1.759371559364560023e+00 1.041599010823923699e-02 0.000000000000000000e+00
1.502734564439333509e+00 4.581681224712155220e-01 1.000000000000000000e+00
1.429152716231867792e+00 6.322101005275827523e-01 1.000000000000000000e+00
1.311633042058683252e+00 7.793289929830549134e-01 1.000000000000000000e+00
1.593111378582524829e+00 2.322491210765890157e-01 0.000000000000000000e+00
1.135626884038525297e+00 1.285723623540002691e-01 0.000000000000000000e+00
1.344527372973724155e+00 2.508869544591210143e-01 1.000000000000000000e+00
1.066109197117217633e+00 9.796331171494579992e-01 0.000000000000000000e+00
1.187117733969808020e+00 4.294745664958151687e-01 1.000000000000000000e+00
1.825913862592014825e+00 5.290937253785412686e-01 0.000000000000000000e+00
1.744808861209429462e+00 5.133288018268219455e-01 0.000000000000000000e+00
1.844955851586379980e+00 4.158416076251310045e-01 0.000000000000000000e+00
1.754783300444328065e+00 4.709692795050532954e-01 0.000000000000000000e+00
1.870390513781346353e+00 8.484759797537546611e-01 0.000000000000000000e+00
1.170846850376599857e+00 5.002813004055541857e-01 1.000000000000000000e+00
1.840195208131243598e+00 5.872035707965272966e-01 1.000000000000000000e+00
1.680506130788770980e+00 9.725161894529935624e-01 0.000000000000000000e+00
1.729047406155377775e+00 9.795959379674690215e-01 0.000000000000000000e+00
1.034881118394860078e+00 6.802917899963890624e-01 0.000000000000000000e+00
1.222562241861386845e+00 6.859681790961502657e-01 1.000000000000000000e+00
1.443914092399328553e+00 7.352995362365734033e-01 1.000000000000000000e+00
1.992607131213767424e+00 3.698872401727772985e-01 1.000000000000000000e+00
1.578796161752246352e+00 5.930791264984534017e-01 1.000000000000000000e+00
1.775223240527232571e+00 9.508127996287472072e-01 0.000000000000000000e+00
1.824225087838657000e+00 9.377442386755590054e-01 0.000000000000000000e+00
1.098721394191700451e+00 6.461324060773392386e-01 1.000000000000000000e+00
1.409167635591305423e+00 9.704115247779052655e-01 0.000000000000000000e+00
1.442807537756148673e+00 6.012301941915059178e-01 1.000000000000000000e+00
1.039813018374929454e+00 8.311570169594167945e-01 0.000000000000000000e+00
1.398370524134459281e+00 6.346761800969336065e-01 1.000000000000000000e+00
1.746059995634873907e+00 9.892453308579461924e-01 0.000000000000000000e+00
1.124363523826558797e+00 4.392181413144352620e-01 0.000000000000000000e+00
1.261382941284709736e+00 1.064452868993898127e-01 0.000000000000000000e+00
1.254596786854818458e+00 5.076969548521846898e-01 1.000000000000000000e+00
1.382403891804407481e+00 9.623219128082578511e-01 1.000000000000000000e+00
1.907796112232492902e+00 4.431345339005252626e-01 0.000000000000000000e+00
1.013401829869862603e+00 8.992849790885748540e-02 0.000000000000000000e+00
1.132401852747947135e+00 7.093974263060796037e-01 1.000000000000000000e+00
1.397157416334793734e+00 1.969486311158002989e-01 0.000000000000000000e+00
1.998222237890113551e+00 8.361855725628620783e-01 0.000000000000000000e+00
1.195162063046997236e+00 7.348234961809543275e-01 1.000000000000000000e+00
1.150419883805161803e+00 3.227631105474891848e-01 0.000000000000000000e+00
1.511781526853656299e+00 8.859718272999661526e-02 0.000000000000000000e+00
1.715829528786452896e+00 3.094769461513302566e-01 0.000000000000000000e+00
1.392154291137476241e+00 2.401035918808481773e-01 1.000000000000000000e+00
1.843756387653952000e+00 4.640435069055176553e-01 0.000000000000000000e+00
1.035115242432063543e+00 4.391203671036397749e-01 0.000000000000000000e+00
1.619025594623219266e+00 5.195577349646895993e-02 0.000000000000000000e+00
1.249726584969298226e+00 5.434048507730020461e-01 1.000000000000000000e+00
1.422560999296100803e+00 8.717860170591850144e-01 1.000000000000000000e+00
1.095132823428075719e+00 9.646092031088546737e-01 0.000000000000000000e+00
1.367922809722101452e+00 3.425426560029519729e-01 1.000000000000000000e+00
1.868992683112769004e+00 5.780497373147585050e-01 1.000000000000000000e+00
1.904822997764940240e+00 9.381123227284898780e-01 0.000000000000000000e+00
1.246365825117329518e+00 7.636118548919459403e-01 1.000000000000000000e+00
1.566777259678414636e+00 6.818788062420302332e-01 1.000000000000000000e+00
1.630281843868516711e+00 4.016851969585499837e-01 0.000000000000000000e+00
1.739467478895087904e+00 9.706343891951829672e-02 0.000000000000000000e+00
1.940696545407717188e+00 1.859312229799036098e-01 0.000000000000000000e+00
1.317261043428385792e+00 6.558386221761408619e-01 1.000000000000000000e+00
1.182919231136295490e+00 1.902289810393235081e-01 0.000000000000000000e+00
1.457854343032078503e+00 5.620331034267143089e-01 1.000000000000000000e+00
1.328559268360978596e+00 6.192311943231942895e-02 1.000000000000000000e+00
1.316006044098009031e+00 9.713059420166941793e-01 0.000000000000000000e+00
1.421326440170481709e+00 1.437703509514779432e-01 1.000000000000000000e+00
1.634901207758661101e+00 4.644916412284754159e-01 1.000000000000000000e+00
1.982497712709195170e+00 1.225979349637462690e-02 1.000000000000000000e+00
1.545635596505181564e+00 7.518654361002140574e-01 1.000000000000000000e+00
1.730975686126576374e+00 3.301525029659454491e-01 0.000000000000000000e+00
1.781772874056310352e+00 4.521129879202389068e-01 0.000000000000000000e+00
1.850155128524272552e+00 7.791647134023071963e-02 0.000000000000000000e+00
1.340861029598059861e+00 3.168033443553044393e-01 1.000000000000000000e+00
1.431679288738994194e+00 9.405406846011925559e-01 0.000000000000000000e+00
1.859344127031971272e+00 9.454328438848665916e-01 0.000000000000000000e+00
1.906953433256143526e+00 7.254011019295029117e-01 1.000000000000000000e+00
1.546547292217944403e+00 3.779972127679751548e-01 1.000000000000000000e+00
1.645993629516252277e+00 7.343609813884437454e-01 0.000000000000000000e+00
1.907271188678474338e+00 2.968273890781238933e-01 0.000000000000000000e+00
1.979471048097621644e+00 7.353265721443218439e-01 1.000000000000000000e+00
1.687604859041815120e+00 3.059740446947051273e-01 0.000000000000000000e+00
1.880315639367245995e+00 4.268303820309424790e-01 0.000000000000000000e+00
1.941803918275991192e+00 4.180264085194885793e-01 1.000000000000000000e+00
1.011992623013745707e+00 1.574727724738511636e-01 0.000000000000000000e+00
1.522871725555896116e+00 7.233146383603585861e-01 1.000000000000000000e+00
1.123023581152123196e+00 4.945284660639595042e-01 1.000000000000000000e+00
1.072610522566865399e+00 7.069400920995323467e-01 0.000000000000000000e+00
1.080237805417067598e+00 4.605547110094826424e-01 0.000000000000000000e+00
1.566078043566015765e+00 2.233871188378911965e-01 0.000000000000000000e+00
1.476753031454003384e+00 9.909597369535265710e-01 0.000000000000000000e+00
1.730135591949324869e+00 3.987487757061661808e-01 0.000000000000000000e+00
1.977602657097653926e+00 4.075912855247055822e-01 1.000000000000000000e+00
1.327507460037886888e+00 6.453524496795504106e-01 1.000000000000000000e+00
1.201921568607156043e+00 5.229838983862578061e-02 0.000000000000000000e+00
1.029254502012229233e+00 2.595085296188998081e-01 0.000000000000000000e+00
1.496860921225823038e+00 4.211393480070613204e-02 1.000000000000000000e+00
1.915516847982869919e+00 2.793103912778316378e-03 0.000000000000000000e+00
1.156888492474150487e+00 2.543661687927699644e-01 0.000000000000000000e+00
1.610363032856998000e+00 9.364396579404515863e-01 0.000000000000000000e+00
1.613552415645814531e+00 2.815302598635068820e-01 0.000000000000000000e+00
1.924416866020578487e+00 6.688653030817277578e-01 1.000000000000000000e+00
1.630060056767280940e+00 4.894492097611451431e-01 1.000000000000000000e+00
1.408884930643806044e+00 6.747199412968851728e-02 1.000000000000000000e+00
1.253958985610925225e+00 3.574273448433893385e-01 1.000000000000000000e+00
1.493185259359244732e+00 3.910759552945699546e-01 1.000000000000000000e+00
1.204958822719740086e+00 6.246925519481868472e-01 1.000000000000000000e+00
1.400055145998614137e+00 6.005973199887195690e-01 1.000000000000000000e+00
1.980917596441824635e+00 4.049066121547992836e-01 1.000000000000000000e+00
1.345988356821604670e+00 6.844972366610565517e-01 1.000000000000000000e+00
1.290367112990610909e+00 4.426922013615911533e-01 1.000000000000000000e+00
1.624960810368190511e+00 8.015067307619047066e-01 0.000000000000000000e+00
1.043928931005842387e+00 6.951479079128387584e-01 0.000000000000000000e+00
1.592709769827371558e+00 6.342189716054588144e-01 1.000000000000000000e+00
1.030374271852610324e+00 3.125208368208085563e-01 0.000000000000000000e+00
1.598813148024946784e+00 1.206006638052925517e-03 0.000000000000000000e+00
1.129398856303006182e+00 2.678744912308077541e-01 0.000000000000000000e+00
1.848783684105725245e+00 8.763207074643065697e-01 0.000000000000000000e+00
1.357477654798694644e+00 2.957201244051640421e-01 1.000000000000000000e+00
1.960949655512817413e+00 5.987336805848356702e-01 1.000000000000000000e+00
1.201264289622860915e+00 9.801371002368992613e-01 0.000000000000000000e+00
1.233519332012526171e+00 4.050334364817548272e-01 1.000000000000000000e+00
1.173275372866005251e+00 3.769666242071899598e-01 0.000000000000000000e+00
1.207844344523359092e+00 7.211407748592215672e-01 1.000000000000000000e+00
1.374839754439230344e+00 2.547328576664196209e-01 1.000000000000000000e+00
1.184650911179221389e+00 9.148595311982710143e-02 0.000000000000000000e+00
1.294244989362115295e+00 4.701757146232347084e-01 1.000000000000000000e+00
1.570033953575773022e+00 5.896518606153345887e-01 1.000000000000000000e+00
1.012779930858557442e+00 6.075962262573847417e-01 1.000000000000000000e+00
1.076394691531251446e+00 1.953550788683944273e-01 0.000000000000000000e+00
1.249509737987916758e+00 9.183394541268390388e-01 0.000000000000000000e+00
1.672593932401897243e+00 5.357746122860993498e-01 1.000000000000000000e+00
1.118846289082897183e+00 2.014343496127671829e-01 0.000000000000000000e+00
1.645153516385614800e+00 3.451014557295108975e-01 0.000000000000000000e+00
1.091291782526710330e+00 3.144477675308164910e-01 0.000000000000000000e+00
1.123016498119765894e+00 2.035214780634042597e-01 0.000000000000000000e+00
1.100067286450868265e+00 7.956533162888639321e-01 0.000000000000000000e+00
1.341302413065132981e+00 5.145097971485352861e-01 1.000000000000000000e+00
1.575984666395962686e+00 8.102328972256026551e-01 0.000000000000000000e+00
1.328214283109486527e+00 2.175974271413556593e-01 0.000000000000000000e+00
1.171389149431921961e+00 3.434025231949344725e-01 0.000000000000000000e+00
1.963259235157132965e+00 5.136288950561518352e-02 0.000000000000000000e+00
1.863697376413399720e+00 7.484530994309568364e-03 0.000000000000000000e+00
1.173515915307712376e+00 6.731043416614982400e-01 1.000000000000000000e+00
1.294374040517660696e+00 6.083098223832877904e-01 1.000000000000000000e+00
1.790416259160807932e+00 1.803366813315773198e-01 0.000000000000000000e+00
1.595729324748160760e+00 8.028826030694011795e-01 0.000000000000000000e+00
1.597087176657242757e+00 8.764822758323416174e-01 0.000000000000000000e+00
1.831735599498480527e+00 7.906796754092559887e-02 0.000000000000000000e+00
1.191075888740026123e+00 6.830777411661985710e-01 1.000000000000000000e+00
1.597247439526158663e+00 4.668310584955986942e-01 1.000000000000000000e+00
1.582359077292421645e+00 2.215516352453148485e-01 0.000000000000000000e+00
1.639949024262982835e+00 7.086705600168119457e-01 1.000000000000000000e+00
1.506365343147078484e+00 1.965743855451566047e-01 0.000000000000000000e+00
1.253970081612876042e+00 5.681355149645622715e-01 1.000000000000000000e+00
1.457471964523874064e+00 7.371854364062411236e-01 1.000000000000000000e+00
1.641458898158262958e+00 5.739815787647298828e-01 1.000000000000000000e+00
1.950285342740623262e+00 2.494820593174640333e-01 0.000000000000000000e+00
1.700783646109755187e+00 7.016665430970836503e-01 0.000000000000000000e+00
1.502594563309308517e+00 1.772037482843654699e-01 0.000000000000000000e+00
1.602840869964117898e+00 2.406543606385991296e-01 0.000000000000000000e+00
1.982278016717746505e+00 8.907530493377791014e-01 0.000000000000000000e+00
1.698804232489791177e+00 9.067739500097520278e-01 0.000000000000000000e+00
1.964695860479213740e+00 6.071400313160759676e-01 1.000000000000000000e+00
1.691597659246449670e+00 4.868498821295537127e-01 0.000000000000000000e+00
1.406428675231845782e+00 5.561149867747050557e-02 1.000000000000000000e+00
1.445843761137362460e+00 7.247594314655939618e-01 1.000000000000000000e+00
1.746004032852768617e+00 1.862920076719927209e-01 0.000000000000000000e+00
1.838077349174960684e+00 3.281556363741028326e-01 0.000000000000000000e+00
1.803821359669413038e+00 4.383376586289267074e-01 0.000000000000000000e+00
1.935836560889930391e+00 4.501017116873208268e-01 1.000000000000000000e+00
1.007139794655738552e+00 6.514153854485404960e-02 0.000000000000000000e+00
1.885030445939007482e+00 6.378041339830543555e-01 1.000000000000000000e+00
1.989097176449959647e+00 4.751520043400713211e-01 1.000000000000000000e+00
1.165399175389025821e+00 5.318424024822314689e-01 1.000000000000000000e+00
1.873523764278214987e+00 7.213712803901575210e-01 0.000000000000000000e+00
1.678993204362769109e+00 4.688155034161703982e-01 0.000000000000000000e+00
1.589193806250594365e+00 6.873006188373402825e-01 1.000000000000000000e+00
1.946636075898870999e+00 2.570008989025934776e-01 0.000000000000000000e+00
1.151632845565501384e+00 2.449138780990842701e-01 0.000000000000000000e+00
1.074265813202946118e+00 7.417455754193490458e-01 0.000000000000000000e+00
1.404822370290359723e+00 7.146068821846542907e-01 1.000000000000000000e+00
1.300644801504715398e+00 9.256231011073623449e-02 1.000000000000000000e+00
1.336202693587226875e+00 7.841454874708372325e-01 1.000000000000000000e+00
1.659934191355295408e+00 7.144233172126486231e-01 0.000000000000000000e+00
1.360971468152035957e+00 2.639590941513569877e-01 1.000000000000000000e+00
1.365818639079642960e+00 9.091652726982545341e-01 1.000000000000000000e+00
1.137042080580611625e+00 9.695975563594156910e-01 0.000000000000000000e+00
1.720445285632400623e+00 6.140035585130367846e-01 1.000000000000000000e+00
1.298529729089394902e+00 4.170518925759656437e-01 1.000000000000000000e+00
1.711587313800706500e+00 1.923846436130467463e-01 0.000000000000000000e+00
1.659747566825280352e+00 5.998177022814243919e-03 0.000000000000000000e+00
1.838400802557556446e+00 5.068175238434626806e-01 0.000000000000000000e+00
1.453743627969016572e+00 1.351486298066153502e-01 0.000000000000000000e+00
1.915687975551815470e+00 2.901862240080519406e-01 0.000000000000000000e+00
1.419390173902329799e+00 6.057454210285136975e-01 1.000000000000000000e+00
1.320931074173072206e+00 4.998220897414882291e-01 1.000000000000000000e+00
1.835389936691696589e+00 5.238214437223265296e-02 0.000000000000000000e+00
1.822034367371971886e+00 1.379100700970569138e-01 0.000000000000000000e+00
1.115843315064387387e+00 5.298658783876453171e-01 1.000000000000000000e+00
1.880100334558613140e+00 5.107113508538660973e-01 1.000000000000000000e+00
1.780527733606720897e+00 4.166232032059861146e-01 0.000000000000000000e+00
1.044285698890997649e+00 6.571846916719228382e-01 0.000000000000000000e+00
1.179890088881458965e+00 9.546766053378334949e-01 0.000000000000000000e+00
1.951644421026138332e+00 9.523765848531785538e-01 0.000000000000000000e+00
1.528904407602666105e+00 5.684420378793861861e-01 1.000000000000000000e+00
1.109406485749547588e+00 7.779717217128706563e-01 0.000000000000000000e+00
1.606959663153935347e+00 4.382148161271081088e-01 1.000000000000000000e+00
1.524158867923108396e+00 4.984620810776656530e-01 1.000000000000000000e+00
1.360154624815464786e+00 7.011243546382891489e-01 1.000000000000000000e+00
1.085985846828854129e+00 3.024701583075639633e-02 0.000000000000000000e+00
1.147402027532909097e+00 2.274801157087246173e-01 0.000000000000000000e+00
1.317997354638981378e+00 6.049358638424771062e-01 1.000000000000000000e+00
1.753802322750304565e+00 4.648590069823000936e-01 0.000000000000000000e+00
1.043722116675493972e+00 8.342935405968637808e-01 0.000000000000000000e+00
1.354867948604022043e+00 6.963517295301465682e-01 1.000000000000000000e+00
1.658674055365608524e+00 9.950121980806470035e-03 0.000000000000000000e+00
1.837193483333400490e+00 2.183925837979766582e-01 0.000000000000000000e+00
1.805511324088686420e+00 9.646176621775104376e-01 0.000000000000000000e+00
1.841468525390634436e+00 5.938986608966645431e-02 0.000000000000000000e+00
1.279505705187335529e+00 4.510555611792217423e-01 1.000000000000000000e+00
1.159078017966565177e+00 9.170555066374582731e-01 0.000000000000000000e+00
1.642701135616053021e+00 8.197541726440493726e-03 0.000000000000000000e+00
1.924126485772486905e+00 4.752483426340516903e-01 1.000000000000000000e+00
1.146673579396997766e+00 7.399567276429602769e-01 1.000000000000000000e+00
1.197308622500783848e+00 2.809078862275713462e-01 0.000000000000000000e+00
1.998610509042722194e+00 5.126453022039860752e-01 1.000000000000000000e+00
1.535757459031292349e+00 8.863812612539558877e-01 0.000000000000000000e+00
1.834827777243255298e+00 6.419618393538040202e-01 1.000000000000000000e+00
1.599136124368049749e+00 3.078942172930910770e-01 0.000000000000000000e+00
1.253918436570266692e+00 6.079805477536267544e-01 1.000000000000000000e+00
1.290674280785750749e+00 2.098653483105731299e-01 0.000000000000000000e+00
1.004616625402844576e+00 5.685374456536623766e-01 1.000000000000000000e+00
1.227259202623805390e+00 2.813507245029436277e-01 0.000000000000000000e+00
1.817073626192374780e+00 7.861996085766759235e-01 0.000000000000000000e+00
1.197061348112214985e+00 4.132375060543443945e-01 1.000000000000000000e+00
1.542108805958986695e+00 6.380218168313780414e-01 1.000000000000000000e+00
1.350075505181989044e+00 6.962513078522946097e-01 1.000000000000000000e+00
1.554100017268303713e+00 1.243217576376711708e-01 0.000000000000000000e+00
1.516858424093733060e+00 4.626268963904350828e-01 1.000000000000000000e+00
1.666374027641313704e+00 9.050891568859709135e-01 0.000000000000000000e+00
1.820869958234811570e+00 7.250463736898369316e-01 0.000000000000000000e+00
1.883850585763557905e+00 7.551041111672621708e-01 0.000000000000000000e+00
1.579033274182585433e+00 4.519564164510486703e-01 1.000000000000000000e+00
1.851193380562009327e+00 6.076524071466548049e-01 1.000000000000000000e+00
1.913700912396609555e+00 1.007824671601224020e-01 0.000000000000000000e+00
1.050069520138103396e+00 2.446660613899483971e-01 0.000000000000000000e+00
1.402377463688164294e+00 9.784889921159172221e-01 0.000000000000000000e+00
1.857129996429312646e+00 2.845042241813080519e-01 0.000000000000000000e+00
1.285182774145574136e+00 7.648563706170556920e-01 1.000000000000000000e+00
1.935590654672018740e+00 5.814476463575052323e-01 1.000000000000000000e+00
1.808415650987109657e+00 7.476503401884642130e-01 0.000000000000000000e+00
1.522100622547290616e+00 5.881954040931025585e-02 0.000000000000000000e+00
1.022234746963071927e+00 6.668094686152794548e-01 0.000000000000000000e+00
1.910137174654754411e+00 7.323210599489026196e-01 0.000000000000000000e+00
1.835525241871270641e+00 6.517056085526711229e-01 1.000000000000000000e+00
1.190890936335369021e+00 3.752131479689514437e-01 0.000000000000000000e+00
1.473059145962773098e+00 9.615776084862022177e-01 0.000000000000000000e+00
1.316495930463561059e+00 8.625382345053194122e-01 1.000000000000000000e+00
1.716333100664911182e+00 1.089168951942841579e-01 0.000000000000000000e+00
1.140907455546286364e+00 1.923997973973750053e-01 0.000000000000000000e+00
1.343905868772349077e+00 9.584805275671370861e-01 0.000000000000000000e+00
1.829303059659251884e+00 4.531966982904275243e-01 0.000000000000000000e+00
1.710297101663002639e+00 2.295711610197891384e-01 0.000000000000000000e+00
1.752619166840085896e+00 8.123721625853300710e-01 0.000000000000000000e+00
1.658385974622044845e+00 7.767195944379718942e-01 0.000000000000000000e+00
1.893081458994302357e+00 6.300237082319135595e-01 1.000000000000000000e+00
1.741236272037100186e+00 9.960665415474823092e-02 0.000000000000000000e+00
1.533038354028903427e+00 4.906355652987466343e-01 1.000000000000000000e+00
1.686169681053578007e+00 1.682602274489289895e-01 0.000000000000000000e+00
1.472159983909116399e+00 8.719868743680995182e-01 1.000000000000000000e+00
1.042680712842203539e+00 3.208888655462867057e-01 0.000000000000000000e+00
1.515971111238365143e+00 3.636377364064651285e-01 1.000000000000000000e+00
1.575084774755351802e+00 7.999863904752045896e-01 0.000000000000000000e+00
1.973151965191084933e+00 1.091328571791821966e-01 0.000000000000000000e+00
1.924887565576596238e+00 3.122014072646122074e-01 0.000000000000000000e+00
1.516244660139056233e+00 4.392115860857012111e-01 1.000000000000000000e+00
1.893445062333245499e+00 7.755324536720964446e-01 0.000000000000000000e+00
1.152329121204879847e+00 7.303500163777552068e-01 1.000000000000000000e+00
1.141304285254763018e+00 4.785735221378620841e-01 1.000000000000000000e+00
1.825858530132750346e+00 6.449412713537173714e-01 1.000000000000000000e+00
1.608178882101906737e+00 3.352295367117948954e-01 0.000000000000000000e+00
1.755588854148353972e+00 7.158360542425242778e-01 0.000000000000000000e+00
1.073364830007442317e+00 6.182662561443131866e-01 1.000000000000000000e+00
1.146542485745353002e+00 9.655567816683940929e-01 0.000000000000000000e+00
1.869051203323694565e+00 6.951937298778632091e-03 0.000000000000000000e+00
1.762147027355379425e+00 6.482299348871605194e-01 0.000000000000000000e+00
1.970920734666768315e+00 4.716773654995127796e-01 1.000000000000000000e+00
1.270606832972895006e+00 7.822078010612745214e-01 1.000000000000000000e+00
1.627390045722692857e+00 2.906175114783110525e-01 0.000000000000000000e+00
1.302575299085457994e+00 7.576686904552609736e-02 1.000000000000000000e+00
1.999422616488149229e+00 4.861432118523151269e-01 1.000000000000000000e+00
1.374476847099728172e+00 8.080831190058734848e-02 1.000000000000000000e+00
1.407053969966853835e+00 4.081363296346546266e-01 1.000000000000000000e+00
1.075333717065034334e+00 9.715287687390761207e-02 0.000000000000000000e+00
1.449512684890819969e+00 9.954967310054388951e-01 0.000000000000000000e+00
1.854189694637022434e+00 8.707200754716071245e-02 0.000000000000000000e+00
1.834647940707910152e+00 9.946468453047210279e-01 0.000000000000000000e+00
1.580127520992957502e+00 7.622626529065009704e-01 1.000000000000000000e+00
1.658951774780840882e+00 1.349156078146596105e-02 0.000000000000000000e+00
1.760755773403256175e+00 1.410110062478541204e-01 0.000000000000000000e+00
1.672027458936954813e+00 6.802648014162693269e-01 1.000000000000000000e+00
1.562131313602714178e+00 2.606465186346872409e-01 0.000000000000000000e+00
1.536344409345924866e+00 1.632974730063255775e-01 0.000000000000000000e+00
1.861814573762304637e+00 3.258597830853010580e-01 0.000000000000000000e+00
1.894562841677117415e+00 7.284759386893548960e-01 0.000000000000000000e+00
1.756184825769111946e+00 3.407194420474729535e-01 0.000000000000000000e+00
1.178179492642125847e+00 6.241021067826991731e-01 1.000000000000000000e+00
1.109830346160374681e+00 5.719513926400420223e-01 1.000000000000000000e+00
1.589573093221973377e+00 3.120055084026962522e-02 0.000000000000000000e+00
1.326352766343813272e+00 9.984445648611514068e-01 0.000000000000000000e+00
1.821125130143358639e+00 8.789343369688762397e-02 0.000000000000000000e+00
1.752661027469643695e+00 3.900818856483135866e-01 0.000000000000000000e+00
1.384183928914751061e+00 4.665627295018157650e-01 1.000000000000000000e+00
1.449626207672284561e+00 5.477125297493479206e-02 1.000000000000000000e+00
1.047302958603165468e+00 6.697243899902205477e-01 0.000000000000000000e+00
1.176030509629916621e+00 2.181870100535184820e-01 0.000000000000000000e+00
1.354242567850082457e+00 4.646148185798824048e-01 1.000000000000000000e+00
1.469063968723757663e+00 2.610020062714191180e-02 1.000000000000000000e+00
1.372263808302333743e+00 1.359251888169372702e-01 1.000000000000000000e+00
1.525251975703781460e+00 8.407717385027535517e-02 0.000000000000000000e+00
1.543442224687896935e+00 2.544080225805116502e-01 0.000000000000000000e+00
1.082221236996456337e+00 2.903333367617425553e-01 0.000000000000000000e+00
1.412278335586389488e+00 8.382064030468753257e-01 1.000000000000000000e+00
1.856271826179922702e+00 4.761946946409051362e-01 0.000000000000000000e+00
1.328036078418203703e+00 3.358123309030794923e-01 1.000000000000000000e+00
1.974572157993085275e+00 9.697110618158305551e-01 0.000000000000000000e+00
1.716207626684294718e+00 4.259366109524753696e-02 0.000000000000000000e+00
1.463434474285204345e+00 5.801286627972384036e-01 1.000000000000000000e+00
1.677137453133854317e+00 3.983405850744389243e-01 0.000000000000000000e+00
1.351837929213079104e+00 7.866179757810282114e-01 1.000000000000000000e+00
1.078848721363416363e+00 1.661913941033555941e-01 0.000000000000000000e+00
1.445438554002338893e+00 4.226371188996720374e-01 1.000000000000000000e+00
1.149569747653874652e+00 1.735684116974660629e-01 0.000000000000000000e+00
1.735009993809392803e+00 4.548303366707470152e-01 0.000000000000000000e+00
1.891985562556160350e+00 1.772363352571907358e-01 0.000000000000000000e+00
1.803930369001276457e+00 9.466135842823546476e-01 0.000000000000000000e+00
1.728599613144722547e+00 2.439827749438712168e-01 0.000000000000000000e+00
1.912099032076855609e+00 5.201371644480834444e-02 0.000000000000000000e+00
1.334779290345188496e+00 2.789609518703284330e-02 1.000000000000000000e+00
1.150935903572756214e+00 7.058905077569553876e-01 1.000000000000000000e+00
1.221486110232105071e+00 7.134314635298431018e-01 1.000000000000000000e+00
1.701640204297342640e+00 7.837500092431033405e-01 0.000000000000000000e+00
1.277479234488155146e+00 6.463595714401006997e-01 1.000000000000000000e+00
1.630808774828055974e+00 5.652279933381594290e-01 1.000000000000000000e+00
1.494382023979881069e+00 2.601340314429487766e-01 0.000000000000000000e+00
1.228016724160441164e+00 9.869598621265861516e-01 0.000000000000000000e+00
1.603891575008235648e+00 2.634139434336997265e-01 0.000000000000000000e+00
1.341352076089667777e+00 7.081784523110331575e-01 1.000000000000000000e+00
1.819387058008036906e+00 6.279895187369335385e-01 1.000000000000000000e+00
1.265044801669670260e+00 2.604900005260242235e-01 0.000000000000000000e+00
1.633385007573394887e+00 4.951511902250694819e-01 1.000000000000000000e+00
1.392339261784866444e+00 6.059114874147391028e-01 1.000000000000000000e+00
1.664721389321067946e+00 7.073085762856513581e-01 0.000000000000000000e+00
1.605852689254334331e+00 2.757340479385077536e-01 0.000000000000000000e+00
1.070109839105644056e+00 3.501228795997690657e-01 0.000000000000000000e+00
1.572580771678122602e+00 5.674489327752477719e-01 1.000000000000000000e+00
1.453416481848557540e+00 2.368048644956834980e-01 0.000000000000000000e+00
1.512943147133450239e+00 3.491517697754440430e-01 1.000000000000000000e+00
1.434292568232981013e+00 3.522610758914036522e-01 1.000000000000000000e+00
1.257493286279705691e+00 3.596158130474047532e-02 1.000000000000000000e+00
1.752800405369540737e+00 1.817856211627150165e-01 0.000000000000000000e+00
1.011195008744589785e+00 2.571054527641790655e-01 0.000000000000000000e+00
1.876916696983490063e+00 3.507828104711494532e-01 0.000000000000000000e+00
1.550692764351306430e+00 6.720927391414881491e-01 1.000000000000000000e+00
1.073928807528286233e+00 3.665535978158007691e-01 0.000000000000000000e+00
1.790154920977370612e+00 2.775466649761167970e-01 0.000000000000000000e+00
1.510564859711733821e+00 8.996664511280271226e-01 0.000000000000000000e+00
1.286203290411098266e+00 7.791013850752079861e-01 1.000000000000000000e+00
1.462457849216994177e+00 4.981926030447484388e-01 1.000000000000000000e+00
1.552062709536508933e+00 9.055065294922512997e-01 0.000000000000000000e+00
1.751905943838648838e+00 6.766030848359952943e-01 0.000000000000000000e+00
1.756894221178954441e+00 9.169867492724876890e-01 0.000000000000000000e+00
1.018982534587673516e+00 3.418333778259374789e-02 0.000000000000000000e+00
1.581558545811137195e+00 7.428000035195304607e-01 1.000000000000000000e+00
1.173325132810299820e+00 9.706103045594191014e-01 0.000000000000000000e+00
1.718859565870450190e+00 2.200859952213936044e-01 0.000000000000000000e+00
1.264825704830479403e+00 3.023460498975227839e-01 0.000000000000000000e+00
1.271990795194400503e+00 5.554602375931630975e-01 1.000000000000000000e+00
1.088332965176549205e+00 2.098830102229124472e-01 0.000000000000000000e+00
1.704465484654205110e+00 4.049923707999047995e-02 0.000000000000000000e+00
1.642212906368788694e+00 1.346655143377240016e-01 0.000000000000000000e+00
1.070059578012460433e+00 1.890937755744912518e-01 0.000000000000000000e+00
1.651942886607634220e+00 4.594845559375904109e-01 0.000000000000000000e+00
1.949821523369403842e+00 2.085860647540501711e-01 0.000000000000000000e+00
1.887665717621952677e+00 9.551703160953878280e-01 0.000000000000000000e+00
1.248249261468898252e+00 2.508559518766586560e-01 0.000000000000000000e+00
1.467360570586396573e+00 7.053007540128890529e-01 1.000000000000000000e+00
1.938254513479978680e+00 1.753341897611617739e-01 0.000000000000000000e+00
1.334563015773694961e+00 3.532074936310045654e-01 1.000000000000000000e+00
1.695144133608472936e+00 4.096039614877852175e-01 0.000000000000000000e+00
1.197463589361510650e+00 9.689593877153919177e-01 0.000000000000000000e+00
1.712830621948751020e+00 9.865683221994132612e-01 0.000000000000000000e+00
1.055898322276359824e+00 2.994646489863406202e-01 0.000000000000000000e+00
1.302579932971880128e+00 6.250335985348719481e-01 1.000000000000000000e+00
1.005335640937081276e+00 9.092627024666400937e-01 0.000000000000000000e+00
1.151466814719435572e+00 2.857657033720660822e-01 0.000000000000000000e+00
1.024167699559121125e+00 1.805334334118849915e-01 0.000000000000000000e+00
1.581008057608588313e+00 2.266987017966265450e-01 0.000000000000000000e+00
1.465471527166134269e+00 8.899635467910278486e-01 1.000000000000000000e+00
1.656371256366148570e+00 1.032903827346520753e-02 0.000000000000000000e+00
1.007225767501004121e+00 1.346125519818351934e-01 0.000000000000000000e+00
1.830460833959392630e+00 1.367284942317071872e-01 0.000000000000000000e+00
1.819953336737686556e+00 2.259210910300746278e-02 0.000000000000000000e+00
1.033984039281609757e+00 8.644512520616021156e-02 0.000000000000000000e+00
1.663566124984579009e+00 7.968487879435881549e-02 0.000000000000000000e+00
1.211210729021008348e+00 5.138801684473617293e-01 1.000000000000000000e+00
1.234778662258753101e+00 9.963967823431282289e-01 0.000000000000000000e+00
1.308987215989807495e+00 3.126111788506326095e-01 1.000000000000000000e+00
1.001969492994498667e+00 4.143569727026787941e-01 0.000000000000000000e+00
1.918312320338291244e+00 1.713622140575649100e-01 0.000000000000000000e+00
1.061028696442595454e+00 9.614282191922937093e-01 0.000000000000000000e+00
1.449221179846020391e+00 3.344697737127052539e-01 1.000000000000000000e+00
1.796011581600998941e+00 4.332115930609530263e-01 0.000000000000000000e+00
1.940047686653574743e+00 9.212468426207887084e-02 0.000000000000000000e+00
1.129236950643473847e+00 7.788360537218478319e-01 0.000000000000000000e+00
1.088480733174432391e+00 8.012060633924306119e-01 0.000000000000000000e+00
1.998513520096855789e+00 8.649124882216074894e-02 0.000000000000000000e+00
1.847213540313194180e+00 2.662557516110792832e-01 0.000000000000000000e+00
1.315495043859751689e+00 2.353689226005444279e-01 0.000000000000000000e+00
1.183170608207988028e+00 8.185564499082621515e-01 0.000000000000000000e+00
1.124570072859091274e+00 3.924454950310194423e-01 0.000000000000000000e+00
1.416718164139023184e+00 4.604363809541013319e-01 1.000000000000000000e+00
1.376314167373046793e+00 1.452845925321665232e-01 1.000000000000000000e+00
1.692687051366474016e+00 6.696588558685310222e-01 0.000000000000000000e+00
1.729407417796312352e+00 8.043872167467732703e-01 0.000000000000000000e+00
1.501363026798614442e+00 9.791258215294216249e-01 0.000000000000000000e+00
1.639357295395403202e+00 4.254900352843359324e-01 0.000000000000000000e+00
1.028023458670568768e+00 1.725865283660966698e-01 0.000000000000000000e+00
1.559391854912753672e+00 6.983964204075754356e-02 0.000000000000000000e+00
1.858892092127899964e+00 3.978475666208269867e-02 0.000000000000000000e+00
1.065601570995601044e+00 1.170503241312792486e-02 0.000000000000000000e+00
1.442170432816585857e+00 6.171823120082705616e-01 1.000000000000000000e+00
1.165922898890549009e+00 1.241980439857259810e-01 0.000000000000000000e+00
1.717678485295245361e+00 5.897757434107323560e-01 1.000000000000000000e+00
1.997726382656061839e+00 1.120010844779850689e-01 0.000000000000000000e+00
1.392693413269517233e+00 4.855754171879068659e-01 1.000000000000000000e+00
1.617491552370528662e+00 4.086844586535064439e-01 0.000000000000000000e+00
1.435117990624232620e+00 6.472563947933253070e-01 1.000000000000000000e+00
1.738142449604771045e+00 8.943070594563989895e-01 0.000000000000000000e+00
1.653039340710154681e+00 2.090656375073849382e-01 0.000000000000000000e+00
1.887594020340320977e+00 9.236511871042890620e-01 0.000000000000000000e+00
1.112882626357015958e+00 4.980137304024757627e-01 1.000000000000000000e+00
1.539097716874796573e+00 9.446117315528715919e-01 0.000000000000000000e+00
1.372502250167590532e+00 4.529480233751957963e-01 1.000000000000000000e+00
1.018655363187817908e+00 2.410005481194876786e-02 0.000000000000000000e+00
1.318064362168157588e+00 9.247219138762795554e-01 1.000000000000000000e+00
1.915949374748068035e+00 9.034536076606642929e-01 0.000000000000000000e+00
1.997601050372456832e+00 5.701613694707096114e-01 1.000000000000000000e+00
1.386702862261480540e+00 4.135388926030447720e-01 1.000000000000000000e+00
1.380753652229435691e+00 1.732574281925634008e-01 1.000000000000000000e+00
1.343783834180994674e+00 9.088481474396938875e-01 1.000000000000000000e+00
1.466516949807143533e+00 6.192747011201903407e-01 1.000000000000000000e+00
1.946001778661177184e+00 1.119634200246205635e-01 0.000000000000000000e+00
1.892983554676038072e+00 8.522180394079851284e-01 0.000000000000000000e+00
1.160587664664086693e+00 3.222392111226095590e-01 0.000000000000000000e+00
1.418289578786086969e+00 1.948631511167757679e-01 0.000000000000000000e+00
1.295423493866109776e+00 6.915578877588527407e-01 1.000000000000000000e+00
1.325349701938697944e+00 5.638040484827496757e-01 1.000000000000000000e+00
1.871920166062047253e+00 9.165240222753145982e-02 0.000000000000000000e+00
1.192678493837085796e+00 8.077491795948331665e-01 0.000000000000000000e+00
1.110013776496565630e+00 3.329748571357227238e-01 0.000000000000000000e+00
1.061205054451458629e+00 5.121453010022566366e-01 1.000000000000000000e+00
1.241477619891800721e+00 5.802276363715450636e-01 1.000000000000000000e+00
1.441824600160192649e+00 6.658017465098635679e-01 1.000000000000000000e+00
1.629909618598988974e+00 2.430323392084482448e-01 0.000000000000000000e+00
1.595576209108519716e+00 3.402733795608271494e-01 0.000000000000000000e+00
1.894843525447872601e+00 5.942987055427185750e-01 1.000000000000000000e+00
1.191487343902207119e+00 4.922069579257623007e-01 1.000000000000000000e+00
1.156999956004262531e+00 4.769249251876592766e-01 1.000000000000000000e+00
1.202726322785062418e+00 2.530017824616979105e-01 0.000000000000000000e+00
1.708562972016423265e+00 8.711843179657282610e-01 0.000000000000000000e+00
1.980695267320053743e+00 1.726488389796591028e-01 0.000000000000000000e+00
1.943293907131278697e+00 3.781205086020372752e-01 0.000000000000000000e+00
1.456413711443373060e+00 5.174754097660076990e-01 1.000000000000000000e+00
1.550490123845017276e+00 6.607042317615762217e-01 1.000000000000000000e+00
1.111513861794160007e+00 1.026564673828855856e-01 0.000000000000000000e+00
1.477230615416242898e+00 6.801475795947306002e-01 1.000000000000000000e+00
1.444793693911766930e+00 6.164478402653241762e-01 1.000000000000000000e+00
1.528417948476224364e+00 7.589659283448340066e-01 1.000000000000000000e+00
1.713603942094056976e+00 8.562079670377176210e-01 0.000000000000000000e+00
1.478639283592008358e+00 8.174768274790654710e-01 1.000000000000000000e+00
1.558511727003978109e+00 8.706886565757292473e-01 0.000000000000000000e+00
1.597494908987237672e+00 6.227239011902122590e-01 1.000000000000000000e+00
1.757799985858225389e+00 3.538244933860860142e-01 0.000000000000000000e+00
1.833852055325182473e+00 4.104245179539783850e-01 0.000000000000000000e+00
1.659217304106709534e+00 8.037497676642419986e-01 0.000000000000000000e+00
1.498368480459222774e+00 7.152428854422218096e-01 1.000000000000000000e+00
1.511780765517790837e+00 4.141555407235318897e-01 1.000000000000000000e+00
1.952346922708467991e+00 3.803055852740033771e-01 0.000000000000000000e+00
1.832742627368701527e+00 6.021025569126829957e-01 1.000000000000000000e+00
1.604765393848645250e+00 3.128245032041975238e-01 0.000000000000000000e+00
1.598951397773656691e+00 7.043969658169231263e-01 1.000000000000000000e+00
1.431409055578769518e+00 1.440306115726994740e-01 0.000000000000000000e+00
1.178231861532443858e+00 9.166086045478994970e-01 0.000000000000000000e+00
1.164562414961349157e+00 2.924067205139905257e-01 0.000000000000000000e+00
1.606450745964520088e+00 6.950691022523716178e-01 1.000000000000000000e+00
1.718668940062016315e+00 3.428327158968096366e-01 0.000000000000000000e+00
1.424389295728408777e+00 4.010065686847436028e-01 1.000000000000000000e+00
1.217706573986996776e+00 1.067009739331383766e-01 0.000000000000000000e+00
1.619114594874973445e+00 8.870326255645336611e-01 0.000000000000000000e+00
1.399941907539135721e+00 5.322500912725099953e-01 1.000000000000000000e+00
1.783069923516123367e+00 1.245611363941346861e-01 0.000000000000000000e+00
1.831357461845707135e+00 7.169447698597507523e-01 0.000000000000000000e+00
1.971896502795283279e+00 5.908484234981409289e-01 1.000000000000000000e+00
1.811642628743169947e+00 4.044095236550389050e-01 0.000000000000000000e+00
1.491818804575665514e+00 1.305646384682780381e-01 0.000000000000000000e+00
1.948621317332714042e+00 8.794602471826706847e-01 0.000000000000000000e+00
1.128908399797004414e+00 8.455895177796326490e-01 0.000000000000000000e+00
1.512751750049033728e+00 7.195827882723649926e-01 1.000000000000000000e+00
1.557496133903254254e+00 6.085156425266871061e-01 1.000000000000000000e+00
1.001933699838967406e+00 3.579130029465724672e-01 0.000000000000000000e+00
1.774199487278818044e+00 3.494374254082088793e-02 0.000000000000000000e+00
1.945321065168310604e+00 5.904288664845336321e-01 1.000000000000000000e+00
1.808779816538083285e+00 2.582347277554442044e-02 0.000000000000000000e+00
1.336880563707563585e+00 3.486049891508224974e-02 1.000000000000000000e+00
1.847625108864042964e+00 2.552489635398696999e-01 0.000000000000000000e+00
1.202896837922905027e+00 9.989244805690110640e-01 0.000000000000000000e+00
1.584171725320191015e+00 1.635167816103150207e-01 0.000000000000000000e+00
1.562810551093886779e+00 8.990902984040771706e-02 0.000000000000000000e+00
1.726016113852773870e+00 3.948215847872702522e-01 0.000000000000000000e+00
1.176488929279388085e+00 9.115485293885965401e-01 0.000000000000000000e+00
1.665882604186185612e+00 1.242210235566300058e-01 0.000000000000000000e+00
1.628440397054379485e+00 9.306161301337040337e-01 0.000000000000000000e+00
1.623269509195238269e+00 8.842245248157443172e-02 0.000000000000000000e+00
1.501739190410266600e+00 8.524450068403716108e-01 1.000000000000000000e+00
1.448541041964512388e+00 9.628161179336685027e-01 0.000000000000000000e+00
1.830403138670983809e+00 3.346521375989338631e-01 0.000000000000000000e+00
1.571919663218033891e+00 8.538549953950178573e-01 0.000000000000000000e+00
1.363562673235185096e+00 8.436890296198670258e-01 1.000000000000000000e+00
1.231684598784282159e+00 5.397579386449414818e-01 1.000000000000000000e+00
1.350545644733993633e+00 6.504735758793972478e-01 1.000000000000000000e+00
1.864812010123980013e+00 8.749692343567061492e-02 0.000000000000000000e+00
1.311097245046466409e+00 7.891638417981816644e-02 1.000000000000000000e+00
1.668607748737396701e+00 4.855991505400294450e-01 0.000000000000000000e+00
1.720235416509888982e+00 8.681772925529892548e-01 0.000000000000000000e+00
1.879075734632019046e+00 1.176794704404020564e-01 0.000000000000000000e+00
1.065091132325501455e+00 2.716653098409154143e-01 0.000000000000000000e+00
1.159375360529701027e+00 2.953904655414764102e-01 0.000000000000000000e+00
1.126596256310671285e+00 2.533526762922835296e-01 0.000000000000000000e+00
1.919492733792436123e+00 4.470944918524673017e-01 1.000000000000000000e+00
1.149391762491513092e+00 3.267782362467853696e-01 0.000000000000000000e+00
1.740130685257904819e+00 5.461923654829021757e-01 0.000000000000000000e+00
1.167778488816251681e+00 1.765382030852419293e-01 0.000000000000000000e+00
1.831982668546145554e+00 6.094414209476428645e-01 1.000000000000000000e+00
1.704820249053921710e+00 5.098278028224818570e-01 0.000000000000000000e+00
1.033878239525449327e+00 1.857731047967211557e-01 0.000000000000000000e+00
1.534220735357951115e+00 9.607055812382816473e-01 0.000000000000000000e+00
1.477600200751406190e+00 1.860999629142341405e-01 0.000000000000000000e+00
1.038268733684640566e+00 4.390347023810525773e-01 0.000000000000000000e+00
1.409224751574740697e+00 7.188241971643900552e-01 1.000000000000000000e+00
1.780891214416735036e+00 8.212711489975648149e-01 0.000000000000000000e+00
1.185736068520747200e+00 6.271593477618432333e-01 1.000000000000000000e+00
1.720917956029717200e+00 1.534055089688490803e-02 0.000000000000000000e+00
1.947237752662759558e+00 1.721750170141550518e-01 0.000000000000000000e+00
1.769701239984734720e+00 4.398449367560184342e-01 0.000000000000000000e+00
1.063213220261685965e+00 3.919835008150445166e-01 0.000000000000000000e+00
1.777391509208432252e+00 8.158218542922979211e-02 0.000000000000000000e+00
1.181547468915991050e+00 5.853964107061395694e-01 1.000000000000000000e+00
1.408660437658393549e+00 8.735107320523007868e-01 1.000000000000000000e+00
1.588750276212656409e+00 8.838738590776118453e-02 0.000000000000000000e+00
1.979436442150347863e+00 9.109590568368203245e-01 0.000000000000000000e+00
1.900115234632973493e+00 6.906035147768053717e-01 1.000000000000000000e+00
1.389110218874099356e+00 9.040423126671683907e-01 1.000000000000000000e+00
1.225090450506820972e+00 8.402044674597215490e-01 0.000000000000000000e+00
1.225318029015364907e+00 5.027455516944345781e-01 1.000000000000000000e+00
1.417695301552315712e+00 9.800321371815812199e-02 1.000000000000000000e+00
1.364200962020466035e+00 2.935605381891445154e-01 1.000000000000000000e+00
1.203366019372075879e+00 2.427711418975413427e-01 0.000000000000000000e+00
1.291491743222631605e+00 5.139738711971445495e-01 1.000000000000000000e+00
1.885678696876170068e+00 2.938784312328610593e-01 0.000000000000000000e+00
1.766857655751081335e+00 4.607625358420573969e-01 0.000000000000000000e+00
1.944251521620631973e+00 1.798344710002258706e-01 0.000000000000000000e+00
1.929321119533770723e+00 8.983432629647019052e-01 0.000000000000000000e+00
1.077254740852479742e+00 7.126125663061511073e-01 0.000000000000000000e+00
1.645544678717216769e+00 6.590698874614627778e-01 1.000000000000000000e+00
1.749360505222649742e+00 3.249503602570680272e-01 0.000000000000000000e+00
1.288054021820327577e+00 3.009044258263693372e-01 1.000000000000000000e+00
1.465038552141343153e+00 4.920937601824003638e-01 1.000000000000000000e+00
1.539111127944728041e+00 1.992675944684821898e-01 0.000000000000000000e+00
1.903671998928013753e+00 1.593680506858383694e-01 0.000000000000000000e+00
1.323584966497353133e+00 6.068822471510644245e-01 1.000000000000000000e+00
1.999813112446079622e+00 4.114898940676199324e-01 1.000000000000000000e+00
1.703231772138137146e+00 5.053765527900040411e-01 0.000000000000000000e+00
1.643366521920627932e+00 2.855245589120448679e-01 0.000000000000000000e+00
1.781561458108757101e+00 4.805746493980166401e-01 0.000000000000000000e+00
1.430667451971250337e+00 4.159513360220925549e-01 1.000000000000000000e+00
1.765164391231146546e+00 4.468617546008287755e-01 0.000000000000000000e+00
1.807718518152321874e+00 6.224927123694677933e-01 1.000000000000000000e+00
1.533582500971873541e+00 1.250404154840155657e-01 0.000000000000000000e+00
1.863187895379728287e+00 1.707725895324209153e-01 0.000000000000000000e+00
1.463159176554939656e+00 1.652819279323659574e-01 0.000000000000000000e+00
1.628270576322468743e+00 7.525106232223870428e-01 0.000000000000000000e+00
