#      X                       Y                  Type
2.320950085714941213e-01 3.746590043745178233e-01 0.000000000000000000e+00
4.354881771365264331e-01 6.587620132232622217e-01 1.000000000000000000e+00
1.264832030653084693e-01 2.927259403269678595e-01 0.000000000000000000e+00
5.183822812476607256e-01 4.488550070622853161e-01 1.000000000000000000e+00
4.711524542655015635e-01 9.910231819707602252e-01 0.000000000000000000e+00
6.060649922399687917e-01 4.319459741032214417e-01 1.000000000000000000e+00
3.676199859710571616e-03 7.274280212564054882e-02 0.000000000000000000e+00
2.368322185010296455e-02 8.895667620695620892e-01 0.000000000000000000e+00
5.013793774899714117e-01 4.001831364443009242e-01 1.000000000000000000e+00
9.172232687119601380e-01 7.330334992009954753e-01 0.000000000000000000e+00
2.331967249914915774e-01 1.295629697460684016e-01 0.000000000000000000e+00
9.043647359422259946e-01 8.246601281940770800e-01 0.000000000000000000e+00
2.393374717355454262e-01 9.818772148322660875e-01 0.000000000000000000e+00
1.503090932038322336e-01 8.472249905013850002e-01 0.000000000000000000e+00
4.321376133752502513e-01 2.543139091978047217e-01 0.000000000000000000e+00
4.230242832316989388e-01 9.404007776307030664e-01 0.000000000000000000e+00
7.195729065529908874e-01 8.996206852969261814e-01 0.000000000000000000e+00
7.884338303113943569e-01 5.054407266174644198e-01 1.000000000000000000e+00
7.797316665258655632e-01 8.838928503073860687e-01 0.000000000000000000e+00
9.278563766452769812e-01 6.455242069753311940e-01 0.000000000000000000e+00
4.135490902455344342e-01 2.034170559241065268e-01 0.000000000000000000e+00
2.972630313933811719e-01 5.941298474166502031e-01 1.000000000000000000e+00
9.038368203457480821e-02 3.686997783200760548e-01 0.000000000000000000e+00
3.621744221263279995e-01 5.062250736945091978e-01 1.000000000000000000e+00
1.992061925271340073e-01 7.531561206186585533e-01 0.000000000000000000e+00
3.875102121976643499e-01 6.828840332805540259e-01 1.000000000000000000e+00
1.982639922702367219e-02 7.352393166491736354e-01 1.000000000000000000e+00
9.261178265641234475e-01 8.226460153133783315e-01 0.000000000000000000e+00
1.761957066604831201e-01 3.788630467737486018e-02 0.000000000000000000e+00
3.587628351673258775e-01 7.240553582045688996e-01 1.000000000000000000e+00
2.149294259174869826e-01 7.099274765861030012e-02 0.000000000000000000e+00
2.391148494740932273e-01 4.912104674855841679e-01 0.000000000000000000e+00
8.543352322906829777e-01 6.194238894331456358e-01 1.000000000000000000e+00
8.982192335996384003e-01 1.120366031940608353e-01 0.000000000000000000e+00
7.303114137768957903e-01 6.940917815351796971e-01 1.000000000000000000e+00
7.616916452857043218e-01 6.450896409835039647e-01 1.000000000000000000e+00
1.398283880889776842e-01 3.393015835186565798e-01 0.000000000000000000e+00
7.843132069273635043e-01 9.157973668814941570e-01 0.000000000000000000e+00
8.929238518607373054e-01 9.604719611001111268e-01 0.000000000000000000e+00
5.297331987045911239e-01 4.934946732627091270e-01 1.000000000000000000e+00
8.781873541559477303e-01 5.958016575591382757e-01 1.000000000000000000e+00
1.491009385579821211e-01 2.260546380748429396e-01 0.000000000000000000e+00
8.041358113427410359e-02 1.165747138008504935e-01 0.000000000000000000e+00
3.587288644359513112e-01 7.371332669701602391e-01 1.000000000000000000e+00
5.396009482977704996e-01 8.802127092821345755e-01 1.000000000000000000e+00
9.281429521738778776e-01 9.372887796796769422e-02 0.000000000000000000e+00
8.308122799410500026e-01 2.634645367353074530e-01 0.000000000000000000e+00
7.239949621532173474e-01 3.083235923431659753e-01 0.000000000000000000e+00
8.684810568291370103e-01 5.086877124470144951e-01 1.000000000000000000e+00
1.994174967175389446e-01 3.029195701636344662e-02 0.000000000000000000e+00
3.038771592664686327e-01 1.996797916816845930e-01 0.000000000000000000e+00
2.536067759239488684e-01 1.389038691839140638e-01 0.000000000000000000e+00
7.700941883754428563e-01 1.024256026301562095e-01 0.000000000000000000e+00
1.020928604190436406e-01 3.892012552438417483e-01 0.000000000000000000e+00
9.301032657069354670e-01 1.930737061854314041e-01 0.000000000000000000e+00
6.610544293261727544e-01 2.991125944919770241e-01 1.000000000000000000e+00
8.078527062503179090e-01 8.537415182214906917e-01 0.000000000000000000e+00
1.003803515415928604e-01 7.829330414036064223e-01 0.000000000000000000e+00
5.380370028100373014e-01 3.954329931344413573e-02 1.000000000000000000e+00
5.134107398373290998e-01 6.997445124994916554e-01 1.000000000000000000e+00
3.992020740656593292e-01 4.277829571294790023e-01 1.000000000000000000e+00
7.846247935979465682e-01 1.032623129121112981e-01 0.000000000000000000e+00
1.272874616099728406e-01 7.120612357349358490e-01 0.000000000000000000e+00
3.789497123558573932e-01 9.113863296806701264e-01 0.000000000000000000e+00
4.498105908018757981e-01 1.829511273377945058e-01 0.000000000000000000e+00
5.261298997097575425e-01 1.416802169046369464e-01 0.000000000000000000e+00
8.487995152818454958e-01 7.008079975900001202e-01 1.000000000000000000e+00
3.840831177272940877e-02 9.660113289410531268e-01 0.000000000000000000e+00
3.722200299779102606e-01 5.921210786762129974e-01 1.000000000000000000e+00
7.458668176753016077e-01 7.376752148440769430e-01 1.000000000000000000e+00
4.299415633957257565e-01 7.916619801239030974e-01 1.000000000000000000e+00
6.358609404865159798e-01 7.621622050915857205e-01 1.000000000000000000e+00
2.058844807316685399e-01 5.146047130983325557e-01 0.000000000000000000e+00
9.726048874502645214e-01 6.128577698724503309e-01 0.000000000000000000e+00
8.137220555404325317e-01 3.850040537343003555e-01 0.000000000000000000e+00
3.594601924121111347e-01 1.101324020918075242e-01 0.000000000000000000e+00
7.393398121740548667e-01 2.303463780418436579e-01 0.000000000000000000e+00
9.519060694235529363e-01 9.616913251409853203e-02 0.000000000000000000e+00
2.713646510539408085e-01 1.760121627502476693e-01 0.000000000000000000e+00
4.407398226932603968e-01 1.163659163911391348e-01 0.000000000000000000e+00
5.758548905629919945e-01 3.443317645494744506e-01 1.000000000000000000e+00
6.370365484060260819e-01 7.967792613810473767e-01 1.000000000000000000e+00
9.070567465456618184e-01 6.494880574814195784e-01 1.000000000000000000e+00
1.762494936042289240e-01 2.284268571180662066e-01 0.000000000000000000e+00
2.522945813424009032e-01 3.591434332077759750e-01 0.000000000000000000e+00
4.778863391059218202e-02 8.616840681061702645e-01 0.000000000000000000e+00
6.835042980629753018e-01 7.770117397778009138e-02 1.000000000000000000e+00
5.228898532642168862e-01 4.034520811252909622e-01 1.000000000000000000e+00
3.620918915871984556e-02 6.168296867582860887e-01 1.000000000000000000e+00
1.033418086135212688e-01 8.415841500877540016e-01 0.000000000000000000e+00
1.421137283380142780e-01 2.416731809857568525e-01 0.000000000000000000e+00
3.248197940126418271e-01 9.359514909944862682e-01 0.000000000000000000e+00
4.481530837002830614e-01 7.447002591840247154e-01 1.000000000000000000e+00
2.869062180841711607e-01 5.639968664763090889e-01 1.000000000000000000e+00
8.112045284133209133e-01 8.001279698087271353e-02 0.000000000000000000e+00
1.381840791019928183e-01 3.754904800471428050e-01 0.000000000000000000e+00
3.692058685264631990e-01 4.377763460454938693e-01 1.000000000000000000e+00
9.338576434751879596e-01 4.918375040244398200e-01 0.000000000000000000e+00
8.121130557952206397e-01 1.540381117210942730e-01 0.000000000000000000e+00
2.705772840872877616e-01 4.812808150876644042e-01 0.000000000000000000e+00
8.562434987379961004e-01 6.611216054440768319e-01 1.000000000000000000e+00
6.715528849373061382e-01 7.807889318434174664e-01 1.000000000000000000e+00
5.799595129445267450e-02 1.060654079730938282e-02 0.000000000000000000e+00
4.266171748325338076e-01 3.982747758680121875e-01 1.000000000000000000e+00
1.053706853798396237e-01 8.966325830132028107e-01 0.000000000000000000e+00
8.943817594207118526e-01 4.887999718144919736e-02 0.000000000000000000e+00
5.571648069193165798e-01 7.185138756276201466e-01 1.000000000000000000e+00
9.263523164264952925e-02 5.338233752430160406e-01 1.000000000000000000e+00
4.456126099856413392e-01 5.679053445087166585e-01 1.000000000000000000e+00
4.094817875088949677e-01 2.247083983277777808e-01 0.000000000000000000e+00
8.866198130187170623e-01 5.251426192882484578e-01 1.000000000000000000e+00
2.234769310906932205e-01 1.177344070064966219e-01 0.000000000000000000e+00
8.038786418780509146e-01 3.910424694468382922e-01 0.000000000000000000e+00
7.057470217667869417e-01 6.199913376961770917e-01 1.000000000000000000e+00
1.455127952403379998e-01 5.149366056744613118e-01 0.000000000000000000e+00
6.622609344674115217e-01 7.642804783391710099e-02 1.000000000000000000e+00
2.341328014750341246e-01 3.251498823350806866e-02 0.000000000000000000e+00
2.130611255291130490e-01 4.480058336593353285e-01 0.000000000000000000e+00
6.093837750133361819e-01 2.171497292572824866e-01 1.000000000000000000e+00
9.550981898446176954e-01 6.434614789794420586e-01 0.000000000000000000e+00
3.483751097545428888e-02 3.890177675527571877e-01 0.000000000000000000e+00
4.278412570282840166e-01 3.213374219923746944e-01 0.000000000000000000e+00
3.312475688253879724e-01 9.147681937192239099e-01 0.000000000000000000e+00
1.439988518336299261e-02 4.927236318539960358e-01 1.000000000000000000e+00
6.388562215100673791e-01 4.519520769015075157e-01 1.000000000000000000e+00
2.181104687390124086e-01 4.130109870863921673e-01 0.000000000000000000e+00
7.399109845376118377e-01 3.949588592559304390e-01 1.000000000000000000e+00
6.758708625316438567e-01 4.316880083340411955e-01 1.000000000000000000e+00
9.308631245354682671e-01 4.401688021223928438e-01 0.000000000000000000e+00
1.440820413633711050e-01 7.737274480513641750e-01 0.000000000000000000e+00
9.905857972510767606e-01 5.384331719667034832e-02 0.000000000000000000e+00
4.251392321885396619e-01 3.161341364304173229e-01 0.000000000000000000e+00
2.038248107862304925e-01 1.210542667601481881e-01 0.000000000000000000e+00
4.057960510640492569e-01 3.164912477196482055e-01 0.000000000000000000e+00
4.826189506995479661e-01 6.453758635769428764e-01 1.000000000000000000e+00
3.566984411200616600e-01 9.150279918456776240e-01 0.000000000000000000e+00
5.739294837691122364e-02 6.804138788972138308e-01 1.000000000000000000e+00
9.301106584066642924e-01 5.199450777897804965e-01 0.000000000000000000e+00
5.178892141645895508e-01 4.934118772382419804e-01 1.000000000000000000e+00
4.809478034871820240e-01 2.997985742982227642e-01 0.000000000000000000e+00
6.195019462783921682e-01 8.602704957257358842e-01 1.000000000000000000e+00
2.649939564085366239e-01 2.790865313052006691e-01 0.000000000000000000e+00
1.033911432130123487e-01 7.971684395655518340e-01 0.000000000000000000e+00
5.952167995974141368e-01 9.714352687404400610e-01 1.000000000000000000e+00
4.048459014539698142e-01 6.988529620274591680e-01 1.000000000000000000e+00
4.983505945113517743e-01 4.831822893065218505e-02 1.000000000000000000e+00
2.387615252344533756e-01 2.492418137514574861e-01 0.000000000000000000e+00
6.715369835582563063e-02 2.194380068367234315e-01 0.000000000000000000e+00
8.293849390407143085e-01 3.353183103778760721e-01 0.000000000000000000e+00
4.718991992818628578e-01 7.498731375546391353e-01 1.000000000000000000e+00
6.949666355543060448e-03 8.663065562457462621e-01 0.000000000000000000e+00
7.804254406870877459e-01 7.945724763589334660e-02 0.000000000000000000e+00
4.615679319557192128e-01 7.957482095335196570e-01 1.000000000000000000e+00
8.442846352079542704e-01 8.355653754411551670e-01 0.000000000000000000e+00
1.475824078929691696e-01 6.090230620634664582e-01 1.000000000000000000e+00
3.443652658858497029e-01 2.690677877455306399e-01 0.000000000000000000e+00
9.774412058487503829e-01 2.653380314878178714e-01 0.000000000000000000e+00
3.135579404845086904e-01 1.749985472707743517e-01 0.000000000000000000e+00
1.713675550641606815e-01 3.353463592657202064e-03 0.000000000000000000e+00
2.896514604351171362e-01 7.923217737290128015e-01 0.000000000000000000e+00
4.485324930709466695e-01 9.242908142209145250e-01 0.000000000000000000e+00
4.823195664415971251e-01 4.795917161110261340e-01 1.000000000000000000e+00
2.380685563753792700e-02 9.626594790695008896e-02 0.000000000000000000e+00
2.827898894695952681e-01 6.783067455549816049e-01 0.000000000000000000e+00
1.252393413306009951e-01 1.614832960973665577e-01 0.000000000000000000e+00
3.234722348481503529e-01 3.602111977947747290e-01 0.000000000000000000e+00
9.980065621662855824e-01 8.519756979776385020e-01 0.000000000000000000e+00
1.495176626097722838e-01 7.088531384564408233e-01 0.000000000000000000e+00
6.562704602964539724e-01 8.611719666175016163e-01 1.000000000000000000e+00
2.747829062791141697e-01 7.298763097399705302e-01 0.000000000000000000e+00
9.775177777804340273e-01 5.384032250258301566e-01 0.000000000000000000e+00
5.637707658857937787e-02 9.340184274605459747e-01 0.000000000000000000e+00
6.344636761949479231e-01 9.215732328139741858e-01 1.000000000000000000e+00
2.629866634449941065e-01 6.503234603624609145e-01 1.000000000000000000e+00
3.308843698813856982e-02 4.489714254864884957e-01 1.000000000000000000e+00
6.003203936799779150e-01 6.183526918608144296e-01 1.000000000000000000e+00
4.116078852890155959e-01 6.107845530312427940e-02 0.000000000000000000e+00
3.663836660312156379e-01 4.765060871382006402e-01 1.000000000000000000e+00
6.333098841387020395e-01 2.105827745111674698e-01 0.000000000000000000e+00
4.692698130236397924e-01 3.236801019544699454e-02 1.000000000000000000e+00
5.308167319479656365e-01 8.402127737989116829e-01 1.000000000000000000e+00
6.954147373281360789e-02 3.491453508454582799e-01 0.000000000000000000e+00
2.973740036923733232e-01 6.609543319639908932e-01 1.000000000000000000e+00
4.236860730126120744e-01 4.245509538078673373e-03 1.000000000000000000e+00
2.196289817070433692e-01 4.066608760595190608e-01 0.000000000000000000e+00
3.616530276254876775e-01 8.993271263674357252e-01 0.000000000000000000e+00
7.211265593926534656e-01 2.392231482215526617e-01 0.000000000000000000e+00
9.045111276345282336e-01 2.006813633050774648e-01 0.000000000000000000e+00
8.426161725320668872e-02 6.396445305293452233e-02 0.000000000000000000e+00
5.464425715272693829e-01 3.345146180087509302e-01 1.000000000000000000e+00
6.926233377662321944e-01 3.206574543679544531e-01 1.000000000000000000e+00
7.068001666052452503e-01 6.478428593522571610e-01 1.000000000000000000e+00
6.477423415024494702e-01 6.051852585320369737e-01 1.000000000000000000e+00
8.238018902245328734e-01 4.369929355194114295e-01 1.000000000000000000e+00
3.903686623719926363e-01 7.015295273108040908e-01 1.000000000000000000e+00
4.050033705988698163e-01 3.010413415063032394e-01 0.000000000000000000e+00
6.245297118360679800e-01 5.904369139830912827e-01 1.000000000000000000e+00
9.220204789797894485e-01 6.285395447425109472e-01 1.000000000000000000e+00
7.584521930342942309e-01 1.123471907702910944e-02 1.000000000000000000e+00
3.148317996714589118e-01 3.626561767883115239e-01 0.000000000000000000e+00
7.063915319848510510e-01 5.630537653583393976e-01 1.000000000000000000e+00
5.218337930027784344e-01 2.670219824141021325e-01 1.000000000000000000e+00
7.115545207167871533e-01 6.099765998731374594e-01 1.000000000000000000e+00
2.475500683140868796e-01 4.426518532259005045e-01 0.000000000000000000e+00
8.362634464844745930e-01 8.454553186636695195e-01 0.000000000000000000e+00
9.567107741726130765e-01 1.313867828736409171e-01 0.000000000000000000e+00
4.530737821388819420e-01 3.884297045476564625e-01 1.000000000000000000e+00
2.559941878038689556e-01 8.885291936019663606e-01 0.000000000000000000e+00
8.324900523777933881e-01 8.115323132819521890e-01 0.000000000000000000e+00
2.195443460922497092e-01 2.680153452189445451e-01 0.000000000000000000e+00
6.653067847253169020e-04 6.129877220986538200e-01 1.000000000000000000e+00
1.853611124194376458e-01 5.477410478466959720e-02 0.000000000000000000e+00
8.371884578929955634e-01 3.431744747474951840e-01 0.000000000000000000e+00
2.992639264755182493e-01 3.357296510028618952e-01 0.000000000000000000e+00
5.283606717673638986e-01 4.814074603584653778e-01 1.000000000000000000e+00
1.312691619860530956e-01 6.328649215537884842e-02 0.000000000000000000e+00
5.251785879411408064e-02 3.536001377955363401e-01 0.000000000000000000e+00
8.982883764315231501e-01 7.717706202542216065e-01 0.000000000000000000e+00
1.701205407345508513e-01 9.059989711789254718e-01 0.000000000000000000e+00
9.500187288027064358e-01 8.865851362261331081e-01 0.000000000000000000e+00
5.114855679109410191e-01 9.892253213926276434e-01 0.000000000000000000e+00
9.383451940256359869e-02 4.739300490251927567e-01 0.000000000000000000e+00
7.487241676305237403e-01 6.010827028492271573e-01 1.000000000000000000e+00
1.303951515810449768e-01 1.309956724370711090e-01 0.000000000000000000e+00
7.535855790619537808e-01 5.762828697846876791e-01 1.000000000000000000e+00
1.895481794576402423e-01 7.216825389975571881e-01 0.000000000000000000e+00
5.419796248569971331e-01 4.331658619703676605e-01 1.000000000000000000e+00
2.936567652845233356e-01 9.871294901420809564e-01 0.000000000000000000e+00
5.214906199936371056e-01 9.828985399558503033e-01 0.000000000000000000e+00
2.913415634705177615e-01 3.290541199921074300e-01 0.000000000000000000e+00
8.291288102257521331e-01 5.869012999754126270e-01 1.000000000000000000e+00
8.107471893814740538e-01 1.002443037853238961e-01 0.000000000000000000e+00
5.114008951151626237e-01 6.076792458293941435e-01 1.000000000000000000e+00
4.764019389417393224e-01 8.904442538311769795e-01 0.000000000000000000e+00
6.788813278071977875e-01 7.701279037090942303e-01 1.000000000000000000e+00
4.509253791852699811e-01 5.505064089406894734e-01 1.000000000000000000e+00
5.435058645380046460e-01 5.699200574778795492e-01 1.000000000000000000e+00
5.484740950698920869e-01 5.933106880004245243e-01 1.000000000000000000e+00
8.917129300111104051e-01 4.141939344522744815e-01 0.000000000000000000e+00
3.518442210879872967e-01 3.758678978229290646e-01 0.000000000000000000e+00
5.888381929306405471e-01 8.518464328141914788e-01 1.000000000000000000e+00
5.339481600872701961e-01 4.570780087566971295e-01 1.000000000000000000e+00
5.234393960824238468e-01 5.752737556458772383e-01 1.000000000000000000e+00
8.326453300385097123e-01 6.626308689260396179e-03 0.000000000000000000e+00
6.587415233337562404e-01 2.160297969194086010e-01 0.000000000000000000e+00
3.475949669525896235e-01 6.222925536618475473e-01 1.000000000000000000e+00
2.813359247073315972e-01 8.128530960172688502e-01 0.000000000000000000e+00
9.779800087838960154e-01 2.000114276292319637e-02 0.000000000000000000e+00
3.647859803757454999e-01 5.669650022785647225e-01 1.000000000000000000e+00
4.502809539734559108e-01 6.252031193528784225e-02 0.000000000000000000e+00
8.910039481448954746e-01 8.917496860867731856e-01 0.000000000000000000e+00
6.170295103931857650e-01 1.717488765008279294e-02 1.000000000000000000e+00
3.347148078947066452e-01 5.073524214953885059e-01 1.000000000000000000e+00
1.832238801940467843e-01 9.376963812966042644e-01 0.000000000000000000e+00
5.404803091383305613e-01 9.097712203661646457e-01 1.000000000000000000e+00
7.081257499429962632e-01 3.481831393854655232e-01 1.000000000000000000e+00
3.656943120415822035e-01 9.157160167161837450e-01 0.000000000000000000e+00
3.875327701464869046e-01 5.248187539332460627e-01 1.000000000000000000e+00
9.613081744517233407e-01 3.292282421607390930e-01 0.000000000000000000e+00
9.540864337482000135e-01 9.117679709049171244e-01 0.000000000000000000e+00
3.424043296641690048e-01 8.583082952988967396e-01 0.000000000000000000e+00
3.965171379531515772e-01 9.676920512770927907e-01 0.000000000000000000e+00
9.927014152050208651e-01 1.631541075454759904e-01 0.000000000000000000e+00
2.862886532648800664e-01 6.118339664254186516e-01 1.000000000000000000e+00
4.267283952341114350e-01 4.457804320072127346e-01 1.000000000000000000e+00
4.207773612553498133e-01 9.815195547766405459e-01 0.000000000000000000e+00
3.781921867421217387e-01 1.582987073633513875e-01 0.000000000000000000e+00
9.044464764440590665e-01 5.230840284738066392e-01 1.000000000000000000e+00
4.574622229795821671e-01 8.557967038570711837e-01 0.000000000000000000e+00
4.726154948272204281e-01 5.031763277181967586e-01 1.000000000000000000e+00
3.792553594414382889e-02 9.240065369572221243e-01 0.000000000000000000e+00
5.550492310109838012e-01 2.101841475182443242e-01 0.000000000000000000e+00
8.165875500205532767e-02 4.346387871734891384e-01 0.000000000000000000e+00
8.192935895487351017e-01 6.050974617993861715e-01 1.000000000000000000e+00
7.348591719686796697e-01 7.754960234440938516e-01 1.000000000000000000e+00
3.501520486004198185e-01 5.335232350031436921e-01 1.000000000000000000e+00
8.129906530949506660e-01 1.496050183231162345e-01 0.000000000000000000e+00
9.546539784356059544e-01 5.728204022195734213e-01 1.000000000000000000e+00
3.689993472838141164e-01 3.315321646485157592e-01 0.000000000000000000e+00
5.750274978306140206e-01 1.984463029422924851e-01 0.000000000000000000e+00
4.747259474260285828e-01 9.702038668687970047e-01 0.000000000000000000e+00
9.981565089403490187e-01 4.166844479288013270e-01 0.000000000000000000e+00
6.471387024498522766e-01 2.340385846350219179e-01 0.000000000000000000e+00
9.127502330071537440e-01 1.670971521330488763e-02 0.000000000000000000e+00
1.408384778479296884e-01 7.722014866799622457e-01 0.000000000000000000e+00
5.387290820153747273e-01 8.623789999655265825e-01 1.000000000000000000e+00
1.280393670155542951e-01 5.865768380651458225e-01 1.000000000000000000e+00
4.769467593018594798e-01 6.889187282040956095e-01 1.000000000000000000e+00
6.525116126620444934e-02 9.195647364879465657e-01 0.000000000000000000e+00
7.818217045330247972e-01 9.723091261462806223e-01 0.000000000000000000e+00
6.692551387474299229e-01 4.124705916845557985e-01 1.000000000000000000e+00
7.962700358044770832e-01 6.787157872791844682e-01 1.000000000000000000e+00
1.174103120756796459e-01 4.768471756357495206e-01 0.000000000000000000e+00
2.256320845620912730e-01 5.752781645656607212e-01 1.000000000000000000e+00
1.763878457693213164e-03 7.641564097285691304e-01 1.000000000000000000e+00
5.686728548921865523e-01 6.161178712596505624e-01 1.000000000000000000e+00
3.797823803763541450e-01 4.380517364924606527e-01 1.000000000000000000e+00
2.942886548334342489e-01 8.487530291511521385e-01 0.000000000000000000e+00
1.795306578413529142e-01 3.115285663785460901e-02 0.000000000000000000e+00
7.581132802150519767e-01 7.902621158605218632e-01 1.000000000000000000e+00
6.116963309307803520e-01 7.406733885989243982e-01 1.000000000000000000e+00
7.056091867871017165e-01 3.832807870915958537e-01 1.000000000000000000e+00
2.871666822311267353e-01 6.292506291723227729e-01 1.000000000000000000e+00
1.588174624825751113e-01 9.321474155137712270e-01 0.000000000000000000e+00
5.430220079160047453e-01 8.847094988608978916e-01 1.000000000000000000e+00
6.754599999106153385e-01 3.152969667134114529e-01 1.000000000000000000e+00
1.999201478832390855e-02 1.152620786399976005e-01 0.000000000000000000e+00
4.216319203645467750e-01 8.122667422388253344e-01 1.000000000000000000e+00
2.339884997839610792e-01 3.722286341897894646e-01 0.000000000000000000e+00
1.030958666741800256e-01 4.631033555443075933e-02 0.000000000000000000e+00
3.957430326099825590e-01 6.880735298823337232e-01 1.000000000000000000e+00
1.037411397073263464e-01 8.106889731297228785e-01 0.000000000000000000e+00
1.999058093521499657e-02 3.332654305082463075e-01 0.000000000000000000e+00
3.851361814791611771e-01 6.539832130847170744e-01 1.000000000000000000e+00
6.197427255916221345e-01 1.441239648079267743e-01 1.000000000000000000e+00
8.173943824930401947e-01 8.418080810123873547e-01 0.000000000000000000e+00
4.156225990926039060e-01 2.942456243700684038e-01 0.000000000000000000e+00
1.704427688052821965e-01 2.899112116061924871e-01 0.000000000000000000e+00
2.286730030626615839e-02 9.203116576106294966e-01 0.000000000000000000e+00
3.971303512623348686e-01 8.741591605896998907e-01 0.000000000000000000e+00
2.090205930714728044e-02 5.282575895564627366e-01 1.000000000000000000e+00
2.259762826838765948e-01 5.877088145710650524e-01 1.000000000000000000e+00
9.063491489649271315e-01 3.489110208937803437e-01 0.000000000000000000e+00
6.542906042912512987e-01 7.272389843541163801e-01 1.000000000000000000e+00
8.832404161618268024e-01 7.493559531502969051e-02 0.000000000000000000e+00
9.357991678586036199e-01 2.742946829600607650e-01 0.000000000000000000e+00
9.034881091908208983e-02 5.988918745797905396e-01 1.000000000000000000e+00
8.436528298527041780e-01 4.170066748168036463e-01 0.000000000000000000e+00
6.801506547092911470e-01 9.958390070089679913e-01 0.000000000000000000e+00
1.308445024170210580e-01 3.974985675416420339e-01 0.000000000000000000e+00
2.863708097980529610e-01 1.065702626506612738e-01 0.000000000000000000e+00
8.927806289976663034e-01 8.124815759689532069e-01 0.000000000000000000e+00
9.192597276406193618e-01 7.113957174496239322e-01 0.000000000000000000e+00
7.768416106614843830e-01 9.296698722335414722e-01 0.000000000000000000e+00
9.797560378039632534e-01 6.026516031096237347e-01 0.000000000000000000e+00
4.796713367157543484e-01 7.413060484329033750e-01 1.000000000000000000e+00
7.975679227178100739e-02 3.669541562088363129e-01 0.000000000000000000e+00
4.415693728180555278e-01 3.758039434478968044e-01 1.000000000000000000e+00
9.632076231767605634e-01 5.687290846014759760e-01 0.000000000000000000e+00
9.138200294819878167e-01 3.510533595175854282e-01 0.000000000000000000e+00
3.062650077384474478e-01 1.567855574794740914e-02 0.000000000000000000e+00
4.177756330762604220e-01 5.568690066634518487e-02 0.000000000000000000e+00
6.028702749484005086e-02 6.277817141766829367e-01 1.000000000000000000e+00
8.958876337112625654e-01 7.364184172608655432e-01 0.000000000000000000e+00
7.219517005679867427e-01 2.621452540113077267e-01 0.000000000000000000e+00
5.097020758425934162e-01 4.052851297921771234e-01 1.000000000000000000e+00
7.479189742635011795e-01 9.232765944042886641e-02 0.000000000000000000e+00
2.915744631946297627e-01 6.861603154333115739e-01 0.000000000000000000e+00
5.151883561598296080e-01 1.095848398653190836e-01 1.000000000000000000e+00
1.003840663688699841e-01 3.315847595141634407e-01 0.000000000000000000e+00
2.688560788076499453e-01 9.747499252831284267e-01 0.000000000000000000e+00
1.979565357313379792e-01 8.456189266529332560e-01 0.000000000000000000e+00
9.660217616494036763e-01 5.570693407631730487e-01 0.000000000000000000e+00
4.751612125218905858e-01 1.047450188574139407e-02 1.000000000000000000e+00
8.409402505912346726e-01 9.129722148920768054e-01 0.000000000000000000e+00
9.619390780377686800e-01 1.508460815663343890e-01 0.000000000000000000e+00
3.692576807413632256e-01 8.822920664649964717e-01 0.000000000000000000e+00
5.023089594811026570e-01 5.104089057208429647e-01 1.000000000000000000e+00
3.767302639397152042e-01 8.450733070536063929e-01 0.000000000000000000e+00
9.803980918259560529e-01 7.644790330169795034e-01 0.000000000000000000e+00
4.130674224180999055e-01 9.599309139062777163e-01 0.000000000000000000e+00
9.964434582233835380e-01 1.854992208745068760e-01 0.000000000000000000e+00
3.911311285002438964e-02 6.301027152058861214e-01 1.000000000000000000e+00
3.375674435328844813e-01 7.155742780268056213e-01 1.000000000000000000e+00
8.749430899362763414e-01 3.252768577676239392e-01 0.000000000000000000e+00
1.221609989095759907e-01 3.666796759001628159e-01 0.000000000000000000e+00
5.253087557479819703e-01 3.818126650440871739e-01 1.000000000000000000e+00
9.093995303063275859e-01 1.553495474377218910e-01 0.000000000000000000e+00
6.549950862700194554e-01 6.063212629857446245e-01 1.000000000000000000e+00
2.150322091958872806e-01 3.351406675337246233e-01 0.000000000000000000e+00
7.279214869242884856e-01 2.129042375609818682e-01 0.000000000000000000e+00
9.010800243969795398e-01 1.462212493218103537e-01 0.000000000000000000e+00
2.690852287332748949e-01 9.555341804432572195e-01 0.000000000000000000e+00
4.456168542619991513e-01 4.416755048039094911e-01 1.000000000000000000e+00
4.338699472570886062e-01 6.914770268742198578e-01 1.000000000000000000e+00
5.511001079397225277e-01 8.408749973484761497e-01 1.000000000000000000e+00
3.396005820118881413e-01 9.693446756175019274e-01 0.000000000000000000e+00
2.652213852100171465e-02 6.272559145307007311e-01 1.000000000000000000e+00
3.645382921290840628e-01 7.888627105219041535e-01 0.000000000000000000e+00
7.653358371112786163e-01 8.169496115136634096e-01 0.000000000000000000e+00
4.207071081969838700e-01 9.128487594797890514e-01 0.000000000000000000e+00
6.540912634455808838e-01 3.336304131713205834e-01 1.000000000000000000e+00
6.766306219389290888e-01 4.780581821476047599e-01 1.000000000000000000e+00
1.296594372052720656e-01 6.490650979020289313e-01 1.000000000000000000e+00
5.571779372839980038e-01 6.761214385760754286e-01 1.000000000000000000e+00
9.209027177546047493e-02 9.583710498821340629e-02 0.000000000000000000e+00
4.695574637616886093e-01 2.747785550267620724e-01 0.000000000000000000e+00
1.433302373370499705e-01 6.532829450179854502e-01 0.000000000000000000e+00
2.461834290656843560e-01 6.530415978160729606e-01 0.000000000000000000e+00
7.988223726803281854e-01 3.876964592668222798e-01 0.000000000000000000e+00
6.422104729817563751e-01 9.684922779716020891e-02 1.000000000000000000e+00
4.865249328079935820e-01 9.463856889425873442e-01 0.000000000000000000e+00
6.629822793940087777e-01 8.612016487277059928e-01 1.000000000000000000e+00
7.355755378087279750e-01 9.363518843232357947e-01 0.000000000000000000e+00
2.812707185592580039e-01 4.414799368687486458e-01 0.000000000000000000e+00
1.997291713187487883e-02 3.203309835944923023e-01 0.000000000000000000e+00
7.905415785582323718e-01 9.686436906627859944e-01 0.000000000000000000e+00
7.304496154562472032e-01 1.991390920633484551e-02 1.000000000000000000e+00
4.645281752314802670e-01 9.358384564338870781e-01 0.000000000000000000e+00
6.898892720048545035e-01 3.944277369482712681e-01 1.000000000000000000e+00
9.576377722638834689e-01 7.780839179041576514e-01 0.000000000000000000e+00
7.823565836809798224e-01 9.131556360247095050e-02 0.000000000000000000e+00
1.420312311579754461e-01 7.577557959148956135e-01 0.000000000000000000e+00
9.328331507040024118e-01 2.837143679215865522e-01 0.000000000000000000e+00
5.512450706207437934e-01 2.107150895898353138e-01 0.000000000000000000e+00
2.310637498320481376e-01 8.092084749576911040e-02 0.000000000000000000e+00
1.693439083112372456e-01 9.355819135576765033e-01 0.000000000000000000e+00
4.852682974343379696e-01 9.367405105972549384e-01 0.000000000000000000e+00
1.660120306750957342e-01 4.182809823922866155e-01 0.000000000000000000e+00
7.714434220061527903e-02 5.900221068450360873e-01 1.000000000000000000e+00
3.994943511206391351e-01 7.170995701220214125e-01 1.000000000000000000e+00
8.277564401054214871e-01 7.587135097571008346e-01 0.000000000000000000e+00
6.992256787521672345e-01 9.825040735482570842e-02 0.000000000000000000e+00
5.569980645915593165e-01 3.985417622314461061e-01 1.000000000000000000e+00
2.745136688614557841e-01 4.387984461015861370e-01 0.000000000000000000e+00
5.318619696269887287e-01 2.361194653140102906e-01 0.000000000000000000e+00
9.406180579898674177e-01 5.547694219493495282e-01 1.000000000000000000e+00
4.366255247932855355e-01 6.027678890014198654e-02 0.000000000000000000e+00
2.964922967041375701e-01 4.461355986205686186e-01 0.000000000000000000e+00
1.290136391066373234e-01 3.628002190634733726e-01 0.000000000000000000e+00
6.725207964916256609e-01 4.049051707598891880e-01 1.000000000000000000e+00
1.003242340772515506e-01 1.219562563775784536e-01 0.000000000000000000e+00
1.677810962986144849e-01 8.125920644568829232e-02 0.000000000000000000e+00
2.383933878945470042e-01 8.834892113588133089e-02 0.000000000000000000e+00
6.783909051215915031e-01 6.725295037877184745e-01 1.000000000000000000e+00
1.650385133252927350e-01 8.004272060016348611e-02 0.000000000000000000e+00
4.974259361125178414e-01 4.746192626994722996e-01 1.000000000000000000e+00
4.397211342385943800e-01 3.691561945967271052e-01 1.000000000000000000e+00
7.482101833667310631e-01 8.205306095378446241e-01 1.000000000000000000e+00
4.335179334595443690e-01 7.045318975016319207e-01 1.000000000000000000e+00
4.529037897853438466e-02 2.186311955318751554e-01 0.000000000000000000e+00
7.395792745422737902e-01 8.675055758976306652e-01 0.000000000000000000e+00
4.266807463717309234e-01 2.645637704087633324e-02 1.000000000000000000e+00
4.908032168400763284e-01 9.605178297694817457e-01 0.000000000000000000e+00
1.333898702258790037e-01 1.718162319661793447e-01 0.000000000000000000e+00
3.384528082349662625e-01 8.329106755656903172e-01 0.000000000000000000e+00
3.237836782350508313e-01 7.091109460469365855e-01 1.000000000000000000e+00
9.110677962247495376e-01 7.109660634073798890e-01 0.000000000000000000e+00
7.064273143517182385e-01 8.740250702607096356e-01 0.000000000000000000e+00
5.566834828228252041e-01 2.652817487724992151e-01 1.000000000000000000e+00
9.639392474662309418e-01 2.831343105221584278e-02 0.000000000000000000e+00
8.855951637423229439e-01 4.151843774316515967e-01 0.000000000000000000e+00
9.305670274585078339e-01 2.764881143046203915e-01 0.000000000000000000e+00
5.174982809565943365e-01 9.987017985886957883e-01 0.000000000000000000e+00
2.156877940442947228e-02 5.499783350278445448e-01 1.000000000000000000e+00
2.838398002427154898e-01 7.715175532532401181e-01 0.000000000000000000e+00
6.093446574613321509e-01 1.901671934346671478e-02 1.000000000000000000e+00
2.238370820715780418e-01 6.245292880397708135e-01 0.000000000000000000e+00
5.451805782803796907e-01 8.110309524852069574e-01 1.000000000000000000e+00
5.126016644992308358e-01 3.293159176254780718e-01 1.000000000000000000e+00
1.500240930888959712e-01 8.963588278327017100e-02 0.000000000000000000e+00
2.806040802170461923e-02 5.212577163874186903e-01 1.000000000000000000e+00
1.301505596536263187e-01 1.959093268971512369e-02 0.000000000000000000e+00
8.847679802704581098e-01 9.310065106582163796e-01 0.000000000000000000e+00
6.971315504403823304e-01 2.129339441349007434e-01 0.000000000000000000e+00
7.989858778722765953e-01 3.885587709195108541e-01 0.000000000000000000e+00
2.904124145844613203e-01 7.479010235210462598e-01 0.000000000000000000e+00
6.189822528952447778e-01 5.776920201021881196e-01 1.000000000000000000e+00
5.484810188563682409e-02 3.409910770607550434e-01 0.000000000000000000e+00
9.231701018487374899e-01 3.211814719165284604e-01 0.000000000000000000e+00
7.339942614341514737e-01 8.574419294218168508e-01 0.000000000000000000e+00
6.521192600502184744e-01 3.442892753636904724e-01 1.000000000000000000e+00
1.091856734740683788e-01 5.682499868736312632e-01 1.000000000000000000e+00
8.816424050460431872e-01 1.046227351495885305e-01 0.000000000000000000e+00
4.960872371318010288e-01 3.804826468346206303e-01 1.000000000000000000e+00
4.047225714592745938e-01 7.168579731499005181e-01 1.000000000000000000e+00
9.816330424922424802e-01 5.063989640157385841e-01 0.000000000000000000e+00
4.837835359439724980e-01 8.780552884913369605e-01 0.000000000000000000e+00
9.509204808107758478e-01 9.032711027543827154e-02 0.000000000000000000e+00
6.476962884696403355e-01 6.934244810754160993e-01 1.000000000000000000e+00
5.099569936682336602e-01 3.418680700457663590e-01 1.000000000000000000e+00
2.616250325040782032e-01 4.876482522655799512e-01 0.000000000000000000e+00
3.152405347753783893e-02 1.735285109933160097e-02 0.000000000000000000e+00
7.948604781482162540e-01 3.192278106489924161e-01 0.000000000000000000e+00
5.927455148436190369e-01 2.073519491456708996e-01 1.000000000000000000e+00
4.205499607170197773e-01 8.620498170862034293e-02 0.000000000000000000e+00
1.294268651646572899e-01 6.945443410109444216e-01 0.000000000000000000e+00
2.990729250544121864e-02 4.881065214333554225e-01 1.000000000000000000e+00
2.980718481311409596e-01 9.865862069130171275e-02 0.000000000000000000e+00
3.680525712399523863e-01 7.546624475041949776e-01 1.000000000000000000e+00
8.246079522662920214e-01 1.640185950001684656e-01 0.000000000000000000e+00
2.511172786566392423e-01 3.701552953543739699e-01 0.000000000000000000e+00
5.832568828616966350e-01 4.189350724596373476e-01 1.000000000000000000e+00
6.229451007533030049e-01 4.269259399455581638e-01 1.000000000000000000e+00
8.494220100091712800e-01 7.735860142858935751e-01 0.000000000000000000e+00
1.063413902137976264e-01 7.461026649411045542e-01 0.000000000000000000e+00
6.961386661085495753e-01 1.207316709958277112e-01 0.000000000000000000e+00
3.212231212305253214e-01 9.667501566378294831e-01 0.000000000000000000e+00
2.777342419819306407e-01 4.409949356578267698e-01 0.000000000000000000e+00
6.533072232277473690e-01 6.704359380830849924e-01 1.000000000000000000e+00
1.643260895075017158e-01 4.977283983201008510e-02 0.000000000000000000e+00
6.173462858357834371e-01 7.014139391722362671e-02 1.000000000000000000e+00
5.103326029379098294e-01 1.145075355967313246e-01 1.000000000000000000e+00
4.302998583788408826e-01 4.066687032642166688e-01 1.000000000000000000e+00
4.786690122870479458e-01 6.958980219311263760e-01 1.000000000000000000e+00
9.277260906144041419e-01 4.669044371646713376e-01 0.000000000000000000e+00
2.539411976717204089e-01 1.094688375678679604e-01 0.000000000000000000e+00
7.016684193006083037e-01 9.511071168198770298e-02 0.000000000000000000e+00
3.708735295969465273e-01 4.091094120384649591e-01 0.000000000000000000e+00
3.913778123569565670e-01 6.295120609003681533e-01 1.000000000000000000e+00
7.567673778293315667e-02 5.624523016330610359e-01 1.000000000000000000e+00
1.117104649630864532e-01 5.048074476650905584e-01 1.000000000000000000e+00
5.287086309271804563e-02 6.137401763496042051e-01 1.000000000000000000e+00
9.740655507211526398e-02 2.644283416930102160e-01 0.000000000000000000e+00
8.692926364154195396e-01 1.914241734582885490e-01 0.000000000000000000e+00
7.755733974171481471e-01 4.438198115628684270e-01 1.000000000000000000e+00
4.096774702522488765e-01 5.702041319240465089e-01 1.000000000000000000e+00
1.685571062480402116e-01 9.491668188262237793e-01 0.000000000000000000e+00
9.531694710700935325e-01 7.220711058883392264e-01 0.000000000000000000e+00
8.130194592001958043e-01 1.232556815645332593e-01 0.000000000000000000e+00
3.516534446619784537e-01 7.021723276116701440e-01 1.000000000000000000e+00
7.706961669834546669e-01 1.296389108290224579e-01 0.000000000000000000e+00
9.936347217813734645e-02 2.545460638501634287e-01 0.000000000000000000e+00
9.946391754098570237e-01 1.908390868678562224e-01 0.000000000000000000e+00
4.210567863839619340e-01 3.345586117152611338e-01 0.000000000000000000e+00
6.514544752706369346e-01 9.126800528579556149e-01 1.000000000000000000e+00
3.536530687071804957e-01 8.273049471476850991e-01 0.000000000000000000e+00
3.456488594031118522e-01 1.678635188037391757e-01 0.000000000000000000e+00
4.992400536428861502e-01 5.872739801722616226e-01 1.000000000000000000e+00
5.487703454731194253e-01 8.814661107933738915e-01 1.000000000000000000e+00
5.315463412705874191e-01 9.014967405128485600e-01 1.000000000000000000e+00
6.401061701099345358e-01 2.024660194664578139e-01 0.000000000000000000e+00
9.577198332281519066e-01 7.319493390892670703e-01 0.000000000000000000e+00
2.151570466394854275e-01 1.008632251702751281e-01 0.000000000000000000e+00
4.365803293465788659e-01 2.148756118442085583e-01 0.000000000000000000e+00
7.126247939594276826e-01 4.465835623634452078e-01 1.000000000000000000e+00
1.457485825569230231e-01 6.199582067752162917e-02 0.000000000000000000e+00
6.902628386236719926e-02 7.998333707189967390e-01 0.000000000000000000e+00
9.757731538207510269e-01 5.005982433660431941e-01 0.000000000000000000e+00
9.775430755167597852e-01 1.933085514806281990e-01 0.000000000000000000e+00
9.105958719132150048e-01 4.537310634237776696e-01 0.000000000000000000e+00
6.275480949716061296e-02 3.863473914822922461e-01 0.000000000000000000e+00
5.435918146017695296e-01 9.447606111540201024e-01 0.000000000000000000e+00
7.763631473529013505e-01 6.404570990262857810e-01 1.000000000000000000e+00
9.418877854936419380e-01 7.176340945118485637e-01 0.000000000000000000e+00
7.185085064403160526e-01 6.277755061801427727e-01 1.000000000000000000e+00
1.028216630706135781e-02 4.768760139639302009e-01 1.000000000000000000e+00
1.891328292685690027e-02 3.388696344379471537e-02 0.000000000000000000e+00
3.855099077671577668e-01 1.251251535496353817e-01 0.000000000000000000e+00
2.543386900938323647e-01 8.121944908020183318e-01 0.000000000000000000e+00
2.644228367489630527e-01 5.114086824876012960e-01 0.000000000000000000e+00
3.384927967593478471e-01 7.693198651542354494e-01 0.000000000000000000e+00
1.338654356725215155e-01 8.344334848220452683e-01 0.000000000000000000e+00
8.444382444590906589e-01 3.054756689486864962e-01 0.000000000000000000e+00
2.818635870830416001e-01 2.786743292797015936e-01 0.000000000000000000e+00
9.761327686115860436e-01 1.856000275803566524e-01 0.000000000000000000e+00
4.952684729166122457e-01 6.812728341118603481e-01 1.000000000000000000e+00
4.836789587461522988e-01 7.897346019724205135e-02 1.000000000000000000e+00
2.955477496111569291e-01 8.825316809512595562e-03 0.000000000000000000e+00
5.199047737998557794e-01 4.446232602657176347e-01 1.000000000000000000e+00
3.285451157135391709e-01 2.505842150529488110e-01 0.000000000000000000e+00
5.380118418047008522e-02 7.547209754759750533e-01 0.000000000000000000e+00
7.679327921659983014e-01 8.065244845986074829e-01 0.000000000000000000e+00
4.488724447899726799e-01 6.897915806804388872e-01 1.000000000000000000e+00
5.316957983845768121e-01 5.340892703246769013e-01 1.000000000000000000e+00
6.772564854568334791e-01 7.723643960299912958e-01 1.000000000000000000e+00
3.706236079980740339e-01 3.343360482241217735e-01 0.000000000000000000e+00
7.313920527388065862e-01 4.918981463461832293e-01 1.000000000000000000e+00
5.203580624133057331e-01 7.124614982715727907e-01 1.000000000000000000e+00
7.587272630750464542e-01 9.672017190881376791e-02 0.000000000000000000e+00
6.403073979632231127e-01 4.067325693559591393e-01 1.000000000000000000e+00
3.143568933925178222e-02 6.060973971419340023e-01 1.000000000000000000e+00
3.611064433199528967e-01 6.508218887371054473e-01 1.000000000000000000e+00
7.603129791530465198e-01 4.662238822048455633e-01 1.000000000000000000e+00
4.053691231213688573e-01 2.812086842149388310e-01 0.000000000000000000e+00
2.132818407492361734e-01 1.801874597966376390e-01 0.000000000000000000e+00
9.932732464867826128e-01 8.491739573382037776e-01 0.000000000000000000e+00
5.566066376257645665e-01 5.079485572662709725e-01 1.000000000000000000e+00
7.849363454808966356e-01 3.869522290240240414e-01 0.000000000000000000e+00
8.444984873654098889e-01 1.288576133814245406e-02 0.000000000000000000e+00
3.314137102410877889e-01 2.069854177380484606e-01 0.000000000000000000e+00
6.435151240532879235e-01 9.960740965207827147e-01 0.000000000000000000e+00
5.386580058513087410e-01 7.741317970434521412e-01 1.000000000000000000e+00
2.800596937955113219e-01 6.909802256878052606e-01 0.000000000000000000e+00
5.997707043112910918e-01 7.163821879178873253e-01 1.000000000000000000e+00
8.530073429572978538e-01 1.702072703443903157e-01 0.000000000000000000e+00
5.397665437180455550e-01 3.878918009142423573e-01 1.000000000000000000e+00
9.639311893655447827e-01 2.552224912884430985e-01 0.000000000000000000e+00
9.434644781250494106e-01 4.647873726058172617e-01 0.000000000000000000e+00
4.661106276558246719e-02 8.161693970409839016e-01 0.000000000000000000e+00
5.257822649352333899e-01 4.337432555193174721e-01 1.000000000000000000e+00
6.486178504373092402e-01 8.845293660639952371e-02 1.000000000000000000e+00
4.229851181846669972e-01 1.212222894151162578e-01 0.000000000000000000e+00
7.965122624131044660e-01 4.723706324333443174e-01 1.000000000000000000e+00
8.241592520235079267e-01 7.150754420443161674e-01 1.000000000000000000e+00
1.441735557380320332e-01 7.229538631063271437e-01 0.000000000000000000e+00
3.636264708075955809e-01 8.632376099430139060e-02 0.000000000000000000e+00
4.650108328002851010e-01 3.189196971213859033e-02 1.000000000000000000e+00
6.315745979103016827e-01 6.296651224340467090e-01 1.000000000000000000e+00
8.574376550652063056e-02 6.628590027348244540e-01 1.000000000000000000e+00
7.229223142625905707e-01 2.563307747441542217e-01 0.000000000000000000e+00
4.295249398882000635e-01 2.137938749688483853e-02 1.000000000000000000e+00
2.171322596210458755e-01 2.035081970768346515e-01 0.000000000000000000e+00
7.900099847764651129e-01 2.679028465560439054e-01 0.000000000000000000e+00
6.673071528215704928e-01 5.914744026760686557e-01 1.000000000000000000e+00
3.481806744255843133e-01 1.445033413693734836e-01 0.000000000000000000e+00
2.417094259300733849e-02 3.439694509492303709e-01 0.000000000000000000e+00
9.443070473226888861e-01 8.416288057343555007e-01 0.000000000000000000e+00
7.906396489995983767e-01 9.311570270439453179e-01 0.000000000000000000e+00
6.117000601891450229e-01 6.358199802927111399e-01 1.000000000000000000e+00
2.627732406572601542e-01 2.542639635376660046e-01 0.000000000000000000e+00
1.698367112215518615e-01 9.224413933633131002e-01 0.000000000000000000e+00
1.153117222021570187e-01 9.544954246612517013e-01 0.000000000000000000e+00
5.499861525245668403e-01 8.648060778928700065e-01 1.000000000000000000e+00
1.821288941690931695e-01 7.194104399573328923e-01 0.000000000000000000e+00
8.632820263974446684e-01 7.993437193663617268e-01 0.000000000000000000e+00
9.724855121192834684e-01 4.769989024821509327e-01 0.000000000000000000e+00
2.790534833562975381e-01 8.455510227898443976e-01 0.000000000000000000e+00
8.176507313773746510e-01 3.333159390291271507e-01 0.000000000000000000e+00
8.301481217912631827e-01 6.390317697702581068e-01 1.000000000000000000e+00
3.413572326430240889e-01 5.017461036157666587e-02 0.000000000000000000e+00
2.055125580797833029e-01 7.465887763397427435e-02 0.000000000000000000e+00
1.088104505307837533e-01 1.980231729357898596e-01 0.000000000000000000e+00
2.549692505092505668e-01 6.707088960476526029e-02 0.000000000000000000e+00
2.629030777582248568e-01 3.723829494545251029e-01 0.000000000000000000e+00
8.990425594250843755e-01 2.695843503130271879e-01 0.000000000000000000e+00
1.021264388399689693e-02 9.389398308522218795e-01 0.000000000000000000e+00
9.776363729412602677e-01 4.175623800511352179e-02 0.000000000000000000e+00
6.759569088304300255e-01 4.116246054351150319e-01 1.000000000000000000e+00
6.542725896979678657e-01 6.513980382062928287e-01 1.000000000000000000e+00
1.114081998172290477e-01 2.632602327336309722e-01 0.000000000000000000e+00
9.796973852254503567e-01 1.216699636568763232e-01 0.000000000000000000e+00
1.293896572419543922e-01 3.081920419353549878e-01 0.000000000000000000e+00
9.557766878527185206e-01 5.169049145267469170e-01 0.000000000000000000e+00
3.832833829764656919e-01 2.783808744306558447e-01 0.000000000000000000e+00
9.485511554566461445e-01 6.002397337542830780e-02 0.000000000000000000e+00
3.952952611559691354e-01 9.953542540606408195e-02 0.000000000000000000e+00
9.738386968679545452e-01 4.075815712730551654e-01 0.000000000000000000e+00
6.990823318392237473e-01 3.052924796404284935e-01 0.000000000000000000e+00
3.058062167895820860e-01 7.748619977873948406e-01 0.000000000000000000e+00
5.097301461070756767e-01 5.103925344610984460e-01 1.000000000000000000e+00
3.996360887616181579e-01 3.454073116081968209e-02 0.000000000000000000e+00
8.903290969850542469e-01 5.017083299819380393e-02 0.000000000000000000e+00
5.529718901096778438e-01 3.690374574590533641e-01 1.000000000000000000e+00
7.728375396695337241e-01 4.308223992057541585e-01 1.000000000000000000e+00
1.104178482581124054e-01 7.882627686144174639e-01 0.000000000000000000e+00
1.101308514185738163e-01 1.275275917209688359e-01 0.000000000000000000e+00
5.017854111432429320e-01 6.469632927280026813e-01 1.000000000000000000e+00
9.092486355420267286e-01 3.809689356182089925e-01 0.000000000000000000e+00
1.932859954684218451e-01 1.987572948864932965e-01 0.000000000000000000e+00
8.941591723945661041e-01 4.949707969044750966e-01 0.000000000000000000e+00
9.386173738063966487e-01 9.497577364089740959e-01 0.000000000000000000e+00
4.349224389377277511e-01 2.188624663236425905e-01 0.000000000000000000e+00
4.543868043448359151e-01 4.130123343482653420e-01 1.000000000000000000e+00
7.925357430947128634e-01 5.327880216121244628e-01 1.000000000000000000e+00
7.466515135468712039e-01 5.195883532356515566e-02 0.000000000000000000e+00
2.250869944369887632e-01 6.922412854452483222e-01 0.000000000000000000e+00
5.274097382110207732e-01 1.639820416234648581e-01 0.000000000000000000e+00
4.625993304837751063e-01 7.429181942988832832e-01 1.000000000000000000e+00
2.573455114231736340e-01 7.936577232298639428e-01 0.000000000000000000e+00
9.896621565988710234e-01 4.393882134157376385e-01 0.000000000000000000e+00
2.450737635702043837e-01 7.675760494619600083e-01 0.000000000000000000e+00
1.137629570585987349e-01 8.089971872171398681e-01 0.000000000000000000e+00
2.954123856279803340e-01 6.627033454909719845e-01 1.000000000000000000e+00
8.271679468800161583e-01 5.516260456183188499e-01 1.000000000000000000e+00
9.209294243975651995e-01 9.207793006260232005e-01 0.000000000000000000e+00
3.391126153209389482e-02 4.525352325083906724e-01 1.000000000000000000e+00
1.154757276176789915e-01 6.130547130463412930e-01 1.000000000000000000e+00
5.665634387706999231e-01 7.823103776973204804e-01 1.000000000000000000e+00
9.383124367405342170e-01 9.260580428295137612e-01 0.000000000000000000e+00
9.878438099103143966e-01 7.805903450755631301e-01 0.000000000000000000e+00
2.866273008491572183e-01 2.256201037046086100e-01 0.000000000000000000e+00
5.482266401384533472e-01 9.842654965896852071e-01 0.000000000000000000e+00
2.975095137369569986e-01 8.398479813538538563e-01 0.000000000000000000e+00
7.103183900788838656e-01 4.697775051591384088e-01 1.000000000000000000e+00
9.052239125488270588e-01 7.152132075948246515e-01 0.000000000000000000e+00
9.889169849671306523e-01 7.453554453028259363e-01 0.000000000000000000e+00
4.535925593003087286e-03 8.044709757897501312e-01 0.000000000000000000e+00
3.869110696283211137e-01 7.702756607358974827e-01 1.000000000000000000e+00
8.910413109047854441e-02 6.239521243063719247e-01 1.000000000000000000e+00
3.271576393604158639e-01 9.597762555430540132e-01 0.000000000000000000e+00
3.119492828794683259e-01 1.173188100353385055e-01 0.000000000000000000e+00
4.920071580799456612e-02 4.484786990412243934e-01 1.000000000000000000e+00
8.999818114844128081e-01 4.585587259564279927e-01 0.000000000000000000e+00
2.151665152664141711e-01 4.158300502380547492e-01 0.000000000000000000e+00
5.714511714663056408e-01 2.861242783916363441e-01 1.000000000000000000e+00
4.786227488889341908e-01 1.487226417986676763e-01 0.000000000000000000e+00
7.068190493381731887e-02 3.037916731023115879e-02 0.000000000000000000e+00
7.796944530111304950e-02 9.685785428205502257e-01 0.000000000000000000e+00
8.667475986387072062e-01 2.372640523567068893e-01 0.000000000000000000e+00
7.070787511224977395e-01 8.991413873815198299e-01 0.000000000000000000e+00
8.623711962275022458e-01 6.986858625209746432e-02 0.000000000000000000e+00
6.818301591560793629e-01 5.458370714638036691e-01 1.000000000000000000e+00
8.635189305136818927e-01 5.647458515192224082e-01 1.000000000000000000e+00
3.055032163165070092e-01 4.415664231864586675e-01 0.000000000000000000e+00
8.180091306689599717e-01 8.309387154460547986e-01 0.000000000000000000e+00
8.197787872389367125e-01 8.466180065462158844e-01 0.000000000000000000e+00
6.711995609088931003e-01 3.953978800712421027e-02 1.000000000000000000e+00
6.419872100923862401e-01 4.570822312980553637e-01 1.000000000000000000e+00
7.385835866570282793e-01 4.458027058006590604e-01 1.000000000000000000e+00
6.395334374831496138e-02 7.048128576489787189e-01 1.000000000000000000e+00
1.949987224201922276e-01 8.738921040426826936e-01 0.000000000000000000e+00
2.804789007158690062e-01 4.627065819039704042e-01 0.000000000000000000e+00
8.330826704733427235e-01 5.407847352650311246e-01 1.000000000000000000e+00
9.253492120493089779e-01 3.470620837123838953e-01 0.000000000000000000e+00
5.087419558865735603e-02 7.000699334782454208e-01 1.000000000000000000e+00
2.931859882264676864e-01 2.952293779737228396e-01 0.000000000000000000e+00
9.575427292504199439e-01 7.753636832683382663e-01 0.000000000000000000e+00
6.302148572249761660e-01 2.987347915785233399e-01 1.000000000000000000e+00
9.878732107492849135e-02 2.497993132172401376e-01 0.000000000000000000e+00
7.955497408144081017e-01 5.853955657985890904e-01 1.000000000000000000e+00
5.475407721535382466e-01 7.036344889741129593e-01 1.000000000000000000e+00
3.488911477892360224e-01 9.743184005460017172e-01 0.000000000000000000e+00
4.738821945502358357e-01 4.015284861551069451e-01 1.000000000000000000e+00
4.229187439789356961e-01 6.646294844647904210e-02 0.000000000000000000e+00
4.266932815722773720e-01 6.562306704224085685e-03 1.000000000000000000e+00
4.114291428183025623e-02 3.917001092042861066e-01 0.000000000000000000e+00
7.781379799521558338e-01 6.945310458068875148e-01 1.000000000000000000e+00
6.028080480590358725e-01 9.496848717850977506e-01 1.000000000000000000e+00
7.178282477572583975e-01 6.239714192681655724e-02 1.000000000000000000e+00
3.939742562997583519e-02 1.115751169940510934e-01 0.000000000000000000e+00
4.876384484074977044e-01 8.099980054062045909e-01 1.000000000000000000e+00
4.931286578418359046e-02 4.656815250779616777e-01 1.000000000000000000e+00
4.929420722576534075e-01 9.358391839593575012e-01 0.000000000000000000e+00
4.238692677961863886e-01 3.408268099554276898e-01 0.000000000000000000e+00
4.158725658851288864e-01 3.436772143037429839e-01 0.000000000000000000e+00
2.118981320391533085e-01 4.486701197240396954e-01 0.000000000000000000e+00
4.080700100097057748e-01 6.179959451174622531e-01 1.000000000000000000e+00
3.238533241236140059e-01 2.716871923147379242e-01 0.000000000000000000e+00
5.680080041699303584e-01 1.532675623670145537e-01 1.000000000000000000e+00
8.737912219066257258e-01 8.963701978568313633e-01 0.000000000000000000e+00
2.711063771916133458e-02 7.256098325337586585e-01 1.000000000000000000e+00
5.894523636756866525e-01 2.344413039376017638e-01 1.000000000000000000e+00
3.237722611384165061e-01 1.982709626169851802e-01 0.000000000000000000e+00
6.452825854391373017e-01 5.801111619758351212e-01 1.000000000000000000e+00
8.854413756976415861e-01 4.724070008625647077e-02 0.000000000000000000e+00
1.339209725928045547e-01 2.911722046207507741e-01 0.000000000000000000e+00
2.333652801249397335e-02 8.036891766681397709e-02 0.000000000000000000e+00
3.000082679465558844e-01 6.138552600061709663e-01 1.000000000000000000e+00
6.104068543707541483e-01 8.992156559185121578e-01 1.000000000000000000e+00
2.162792806309841165e-01 8.727241606535796059e-01 0.000000000000000000e+00
6.790812227320427441e-01 7.924463468011857525e-01 1.000000000000000000e+00
2.882343689135209441e-01 2.701483807929800918e-01 0.000000000000000000e+00
2.174094166870884637e-01 7.485928203103336953e-01 0.000000000000000000e+00
6.435592065490928215e-01 8.516645952109386242e-01 1.000000000000000000e+00
3.608319759432845331e-01 8.166904781968138405e-01 0.000000000000000000e+00
2.979364931043414488e-01 5.401979866744888170e-01 1.000000000000000000e+00
6.751600331140422684e-01 2.614218871196999361e-01 0.000000000000000000e+00
9.863882176118866640e-01 3.366838504794231746e-01 0.000000000000000000e+00
4.222979360424377049e-01 8.093471968914663917e-01 1.000000000000000000e+00
2.120106357113373807e-01 6.919787599212551266e-01 0.000000000000000000e+00
7.252942876182467691e-01 1.833492077150926658e-01 0.000000000000000000e+00
1.789291089642331967e-01 3.413334175813044213e-01 0.000000000000000000e+00
6.216732029216769373e-01 4.297421127517657702e-01 1.000000000000000000e+00
8.212294367109488347e-01 9.314329866582877759e-01 0.000000000000000000e+00
8.680134523041593830e-02 6.518868963986550469e-01 1.000000000000000000e+00
3.617124518184289261e-01 6.931885654854236245e-01 1.000000000000000000e+00
9.214731648887635185e-01 6.503824296880398315e-01 0.000000000000000000e+00
9.643650336434962389e-01 1.585237689973069131e-01 0.000000000000000000e+00
1.971617310043320970e-01 6.688502057200427231e-01 0.000000000000000000e+00
5.349252090737220966e-01 1.508137783820149291e-01 0.000000000000000000e+00
5.079727595028373788e-01 4.766574635262595949e-01 1.000000000000000000e+00
5.007471823505087460e-01 4.437484891215807137e-01 1.000000000000000000e+00
1.192333036864272611e-01 3.471266830579172735e-01 0.000000000000000000e+00
3.604943312199148098e-01 8.376806555113611719e-01 0.000000000000000000e+00
7.623052913519695606e-01 3.601090531418486007e-01 0.000000000000000000e+00
7.205244910465001817e-01 5.681950510206162930e-01 1.000000000000000000e+00
2.723969136861428275e-01 4.173615304639799461e-02 0.000000000000000000e+00
8.448735363234259887e-01 6.574297189041307110e-01 1.000000000000000000e+00
1.036030819165892902e-01 3.709037044658677340e-01 0.000000000000000000e+00
2.775838552028891959e-01 4.898112026741228142e-01 0.000000000000000000e+00
4.880051888527184856e-01 5.989505454518260219e-01 1.000000000000000000e+00
4.518930086056603956e-01 5.601897994073750109e-01 1.000000000000000000e+00
8.854143343715258352e-01 4.115904184535243981e-01 0.000000000000000000e+00
6.221971618623831635e-01 8.767121570176771295e-01 1.000000000000000000e+00
4.428058849570314370e-01 7.903025454796364091e-01 1.000000000000000000e+00
1.337636450585247827e-01 6.445017595600455174e-03 0.000000000000000000e+00
2.174464234021777909e-01 5.401418679160018277e-01 0.000000000000000000e+00
5.676415290179940287e-01 5.973065599442233253e-01 1.000000000000000000e+00
5.253405456353930081e-01 5.100052345772486673e-01 1.000000000000000000e+00
4.433417856367963816e-01 5.362712583611641826e-01 1.000000000000000000e+00
4.681063498868591743e-01 2.452759625949603173e-01 0.000000000000000000e+00
4.221913509610062398e-01 5.821592220878578638e-01 1.000000000000000000e+00
3.876291927557460326e-01 4.185502859449207191e-01 1.000000000000000000e+00
8.814946658738593843e-01 5.048122737973056440e-01 1.000000000000000000e+00
7.362441233208153468e-01 1.998360085236490225e-01 0.000000000000000000e+00
4.205984017358771476e-01 5.459069730848687962e-01 1.000000000000000000e+00
8.495758636405552622e-01 6.987499877503862145e-01 1.000000000000000000e+00
2.733672018452572017e-01 6.607251991121697587e-01 1.000000000000000000e+00
3.966240271789125416e-01 5.036325625866311384e-03 0.000000000000000000e+00
1.450366464017136536e-01 5.293929758688632470e-01 0.000000000000000000e+00
1.245828742029386760e-01 2.313435276848976319e-01 0.000000000000000000e+00
2.182108205898899422e-01 9.628871673109807849e-01 0.000000000000000000e+00
7.793749605722543050e-01 7.731920284756012007e-01 1.000000000000000000e+00
7.531780286473552799e-01 6.223344106497685768e-01 1.000000000000000000e+00
4.282622034983913917e-01 7.628795136214935324e-01 1.000000000000000000e+00
7.358595807517336329e-01 8.354937045230633741e-01 0.000000000000000000e+00
4.559081655256849164e-01 5.953212594801114976e-01 1.000000000000000000e+00
6.951221745754803116e-01 1.027182196650371360e-01 0.000000000000000000e+00
5.357253827917146660e-01 8.702934507071483639e-01 1.000000000000000000e+00
4.366916255612237618e-01 7.318728717373139681e-01 1.000000000000000000e+00
9.904478035121566659e-01 3.682122578195289320e-01 0.000000000000000000e+00
3.087195884849462946e-01 9.783510753522175474e-01 0.000000000000000000e+00
8.371471078001209154e-01 2.703158680697438365e-01 0.000000000000000000e+00
3.394023307911923082e-01 6.054738820430490831e-01 1.000000000000000000e+00
6.232834893281968824e-03 1.516844605144020974e-01 0.000000000000000000e+00
8.156563022114272643e-01 9.844961224699017022e-01 0.000000000000000000e+00
3.693365000135147014e-01 7.692065082176529067e-01 0.000000000000000000e+00
6.642535472419996978e-01 6.088736369155856032e-01 1.000000000000000000e+00
9.876354292024336345e-01 5.152158821983672254e-01 0.000000000000000000e+00
4.986526981579711970e-01 3.416508516234796344e-01 1.000000000000000000e+00
5.016500389673277382e-01 1.661776454590645491e-01 0.000000000000000000e+00
4.160892448577672154e-01 8.113718788413185612e-01 0.000000000000000000e+00
6.754424036043592539e-01 1.558833468207758699e-01 0.000000000000000000e+00
4.304666626611300950e-01 1.123883193025712046e-01 0.000000000000000000e+00
2.695494385523911074e-01 2.798946236277477517e-02 0.000000000000000000e+00
4.286927643388072084e-01 3.086137968264142106e-01 0.000000000000000000e+00
8.420333946458407048e-01 8.267955627264195195e-01 0.000000000000000000e+00
4.964280860644293414e-01 3.948785178136479113e-01 1.000000000000000000e+00
8.976837643904457265e-01 2.996879665418554772e-01 0.000000000000000000e+00
4.265714562923604847e-01 8.136904191552811749e-01 1.000000000000000000e+00
1.636487824258514578e-02 5.278865063078970188e-01 1.000000000000000000e+00
4.084497958755393121e-01 3.455136918740792096e-01 0.000000000000000000e+00
7.807478866523640537e-01 2.973692440048438801e-01 0.000000000000000000e+00
8.053658342996100616e-01 6.992749560588471525e-01 1.000000000000000000e+00
9.293988913491831871e-01 5.823698494436575501e-01 1.000000000000000000e+00
5.057883167131596025e-01 7.030452882723402519e-01 1.000000000000000000e+00
7.551939402918079747e-01 8.434685853421503010e-01 0.000000000000000000e+00
7.121610063852134020e-01 6.006124346723121787e-01 1.000000000000000000e+00
9.681872744183028789e-01 6.222361247757272062e-01 0.000000000000000000e+00
2.380339091897284431e-01 4.719795521841710917e-01 0.000000000000000000e+00
5.094886517448697916e-01 3.239554928028856029e-01 1.000000000000000000e+00
4.966797023797454580e-01 8.211559453987302692e-01 1.000000000000000000e+00
5.561179442906494241e-02 9.206175852863059950e-01 0.000000000000000000e+00
7.631605249852176920e-01 3.458591476341226212e-01 0.000000000000000000e+00
1.357639581599550116e-01 7.887466588075171536e-01 0.000000000000000000e+00
5.332943108819441225e-01 5.126943925937148538e-01 1.000000000000000000e+00
2.124147913286107414e-01 7.054748362838788589e-01 0.000000000000000000e+00
6.022175552406150434e-01 4.934773674711488978e-01 1.000000000000000000e+00
8.320808441552165480e-01 8.685810556174279329e-01 0.000000000000000000e+00
4.806861602255757537e-01 3.755864255146790232e-02 1.000000000000000000e+00
2.613851054638829385e-01 2.848479633359257690e-01 0.000000000000000000e+00
8.446249667692480312e-01 2.179346874063781136e-02 0.000000000000000000e+00
8.286458970202551511e-01 8.064515517689738733e-01 0.000000000000000000e+00
8.587016881717136618e-01 5.158306517160179405e-01 1.000000000000000000e+00
8.556388165544625002e-01 2.601224906344402621e-01 0.000000000000000000e+00
9.081037800378609637e-01 8.299340194115053526e-01 0.000000000000000000e+00
2.774057354452182933e-01 7.532913186479724965e-01 0.000000000000000000e+00
1.816264499704783875e-01 5.643463680346330058e-01 0.000000000000000000e+00
7.191748041112115963e-01 3.063631572497348410e-01 0.000000000000000000e+00
9.255824450236715961e-02 3.361393253680847737e-01 0.000000000000000000e+00
7.447733555329417721e-01 9.461742654418500154e-01 0.000000000000000000e+00
8.953424357758729135e-01 6.680451550843429231e-01 1.000000000000000000e+00
6.124387244663980212e-01 7.505714761533809343e-01 1.000000000000000000e+00
5.882771015702954465e-01 1.632737377707299542e-01 1.000000000000000000e+00
5.530145543233278005e-03 8.996878360537352570e-01 0.000000000000000000e+00
8.312394764992082630e-01 7.778205075768920285e-01 0.000000000000000000e+00
3.745161880539658039e-01 2.278419635515885888e-01 0.000000000000000000e+00
3.088651025326704103e-01 9.343440206522251046e-01 0.000000000000000000e+00
1.981391600923959606e-01 5.433146368074186494e-01 0.000000000000000000e+00
1.529260728434469474e-01 1.020163470751832557e-01 0.000000000000000000e+00
4.392283849946609919e-01 4.233954746941037683e-01 1.000000000000000000e+00
1.246536749857455328e-01 8.471361590334971492e-01 0.000000000000000000e+00
5.710734504186280036e-01 1.044271793889102184e-01 1.000000000000000000e+00
8.290998073909860988e-02 7.902914387585932010e-01 0.000000000000000000e+00
7.985362836134977105e-01 1.449212728606652512e-01 0.000000000000000000e+00
8.322292187480248016e-01 3.156429182809973311e-01 0.000000000000000000e+00
5.747245190094957268e-01 2.693916741059043662e-02 1.000000000000000000e+00
5.843362041468393997e-01 1.428200012126822349e-01 1.000000000000000000e+00
5.293737868019590120e-01 4.070382113202134500e-01 1.000000000000000000e+00
5.272852072102838239e-01 9.876307353459676808e-01 0.000000000000000000e+00
2.511074166781223083e-01 7.219303721412447805e-01 0.000000000000000000e+00
2.664727425923920645e-01 8.420633197583626828e-02 0.000000000000000000e+00
1.840026359027260305e-01 6.895434623585778855e-01 0.000000000000000000e+00
6.105556885361704822e-01 2.986604652327065068e-01 1.000000000000000000e+00
4.288165059831533510e-01 2.690642132228215910e-01 0.000000000000000000e+00
4.003015979553818937e-01 6.896311968735167053e-01 1.000000000000000000e+00
2.842314013912993209e-01 1.071064106190520171e-01 0.000000000000000000e+00
9.576837048993239732e-01 2.629320625002626866e-01 0.000000000000000000e+00
1.875445051805736396e-01 7.366661703640575709e-02 0.000000000000000000e+00
4.818617159250679904e-01 1.248321568781514124e-01 0.000000000000000000e+00
9.840491875116157416e-01 3.900118706949841085e-01 0.000000000000000000e+00
8.562686647006724217e-01 9.809771334452213054e-01 0.000000000000000000e+00
7.300843696880706668e-01 9.389850527597073393e-01 0.000000000000000000e+00
8.150049897587476888e-01 7.199510583843971023e-02 0.000000000000000000e+00
6.262012578076190383e-01 1.340443060110658724e-01 1.000000000000000000e+00
5.387230070010984306e-02 8.189018041559179562e-01 0.000000000000000000e+00
7.505164331424742929e-01 1.157005645402821026e-01 0.000000000000000000e+00
9.661431391581991601e-01 4.953359839404535281e-01 0.000000000000000000e+00
3.016978927062718974e-01 2.441956149288789790e-01 0.000000000000000000e+00
1.915843402106992555e-01 4.477220813083913065e-01 0.000000000000000000e+00
4.722624634169887425e-01 6.668944324182181083e-01 1.000000000000000000e+00
3.786041262349465475e-01 7.970102640168451602e-01 0.000000000000000000e+00
4.452057736991514858e-01 4.878900230275253769e-01 1.000000000000000000e+00
2.405708919734750317e-01 5.002451085538373032e-02 0.000000000000000000e+00
9.728758031333106793e-03 1.514069927232746249e-01 0.000000000000000000e+00
4.001971968028702475e-01 9.752343359847082116e-02 0.000000000000000000e+00
9.443944614899986156e-01 6.785342099953901585e-01 0.000000000000000000e+00
2.506171472813659706e-01 8.175231481272162704e-01 0.000000000000000000e+00
5.611003592068002366e-01 2.777997870178925410e-01 1.000000000000000000e+00
4.300640999644930185e-01 9.140454467015535212e-02 0.000000000000000000e+00
8.249396912945186067e-01 3.933260218834945254e-01 0.000000000000000000e+00
1.140933325564000844e-01 3.315248364193518205e-01 0.000000000000000000e+00
3.590132340783489528e-01 1.204529793772204371e-01 0.000000000000000000e+00
4.594979952844857607e-03 6.729985607852051466e-02 0.000000000000000000e+00
9.135636433140625901e-02 2.395702306489027045e-01 0.000000000000000000e+00
8.278791418607633901e-01 3.346597571603073806e-01 0.000000000000000000e+00
4.402410928250857225e-01 9.883695914802095306e-01 0.000000000000000000e+00
3.104060509766708442e-01 2.177069394847427342e-01 0.000000000000000000e+00
3.760326013595778338e-01 7.651185861538682964e-01 1.000000000000000000e+00
9.031018547314314526e-01 3.336990022301780101e-01 0.000000000000000000e+00
2.339414008031720504e-01 6.362646802693979753e-01 0.000000000000000000e+00
5.837856591782775162e-02 2.097962494690774893e-01 0.000000000000000000e+00
2.363011219052219003e-01 4.247257577490726188e-02 0.000000000000000000e+00
3.159710711167823538e-01 3.510866839486024293e-01 0.000000000000000000e+00
9.094633191965054708e-01 2.484990311212409431e-03 0.000000000000000000e+00
1.023589286146189270e-01 8.046712813797600727e-01 0.000000000000000000e+00
8.915780578920610155e-01 4.498395012550630012e-01 0.000000000000000000e+00
8.880243194441880261e-01 2.986917643121232979e-01 0.000000000000000000e+00
9.784226498379255954e-01 7.391520299120637461e-01 0.000000000000000000e+00
9.837891879684009799e-01 2.264136856243105234e-01 0.000000000000000000e+00
6.716623692346306296e-01 7.422165421393412954e-01 1.000000000000000000e+00
5.065820077295312140e-01 2.972843277552518204e-01 1.000000000000000000e+00
3.878500485896931860e-01 2.427933400998246727e-01 0.000000000000000000e+00
2.938937036570454797e-01 4.904115281550268657e-01 0.000000000000000000e+00
5.591875748066195140e-01 9.447877349944607817e-01 1.000000000000000000e+00
7.896168435396581087e-01 3.259236161378276098e-02 0.000000000000000000e+00
2.619718366527385989e-01 9.968401061525475892e-01 0.000000000000000000e+00
9.848133166372329272e-01 8.602958151562257738e-01 0.000000000000000000e+00
6.616940943017408649e-01 3.645091086971761207e-01 1.000000000000000000e+00
1.687688983984967361e-01 6.983442673652869859e-01 0.000000000000000000e+00
4.566382613588940709e-01 4.154310277074586555e-01 1.000000000000000000e+00
5.986499381463039615e-01 8.173024017813731446e-01 1.000000000000000000e+00
1.021181038925417228e-01 2.233175253103698576e-01 0.000000000000000000e+00
1.642932132671713896e-01 4.507701310919157711e-01 0.000000000000000000e+00
2.595413201372918088e-01 8.295248794869997111e-01 0.000000000000000000e+00
5.563294050443456928e-02 8.973726109910177273e-01 0.000000000000000000e+00
2.233056182210092500e-01 1.678059273372789484e-01 0.000000000000000000e+00
4.954138963754696201e-01 1.494990070521943215e-01 0.000000000000000000e+00
8.068942879413717462e-01 7.654313989405370222e-01 0.000000000000000000e+00
9.643421525378429449e-01 6.698817861028649734e-02 0.000000000000000000e+00
6.256819927892229849e-01 1.635310279714834447e-01 0.000000000000000000e+00
3.277748752992136749e-01 1.979396616305593160e-01 0.000000000000000000e+00
8.051601262127172642e-01 7.621801924884661350e-01 1.000000000000000000e+00
8.295728376015369943e-01 2.932541917955834299e-01 0.000000000000000000e+00
2.883917095878242298e-01 2.888162395542211991e-01 0.000000000000000000e+00
8.593904153694865711e-01 9.327343118795194954e-01 0.000000000000000000e+00
4.754163407701045285e-01 4.326999883164980298e-01 1.000000000000000000e+00
2.080146862766542037e-01 2.618411257088744115e-01 0.000000000000000000e+00
3.734372143107789199e-02 8.255443899188356083e-01 0.000000000000000000e+00
9.704147240273781616e-01 9.241159430682114317e-01 0.000000000000000000e+00
1.898271423258598434e-01 9.667649485581475410e-01 0.000000000000000000e+00
4.069990778438381529e-02 8.742138829714906079e-01 0.000000000000000000e+00
3.511330877449735377e-01 7.461360655553078702e-01 0.000000000000000000e+00
9.948359001766986509e-01 7.096251094682749505e-01 0.000000000000000000e+00
4.051989711005551387e-01 2.726492992808049465e-01 0.000000000000000000e+00
3.207702170510997597e-01 3.480497966305003965e-01 0.000000000000000000e+00
7.198085306140666884e-01 9.317964715459219338e-01 0.000000000000000000e+00
6.687163542050549303e-01 5.124518056174185432e-01 1.000000000000000000e+00
2.183331280707432320e-01 2.561752266834678160e-01 0.000000000000000000e+00
3.219117182185761150e-01 3.074661129954769923e-02 0.000000000000000000e+00
4.448976491729831340e-01 1.842818746634965477e-01 0.000000000000000000e+00
8.802343204486526851e-01 6.778772055767298133e-01 1.000000000000000000e+00
5.210292562148053364e-01 4.113162549748977659e-01 1.000000000000000000e+00
9.458936697705113694e-01 8.623696556353130926e-01 0.000000000000000000e+00
6.957927241471217883e-02 1.638746032822223642e-01 0.000000000000000000e+00
3.818152527007316888e-01 7.774556979104109145e-01 0.000000000000000000e+00
5.934482195229550117e-01 6.108514354453317141e-01 1.000000000000000000e+00
9.553749841161857104e-01 3.196140314785994585e-01 0.000000000000000000e+00
9.616850368653275805e-01 8.481290388532539692e-01 0.000000000000000000e+00
3.240864751603020899e-01 8.010820813911103677e-01 0.000000000000000000e+00
8.448026336794963731e-01 5.164051627820247514e-01 1.000000000000000000e+00
6.386277823355229755e-01 5.916600499430563209e-01 1.000000000000000000e+00
4.446768541496339822e-01 4.001528229213239252e-01 1.000000000000000000e+00
9.835335972100845980e-01 3.813517319227379687e-01 0.000000000000000000e+00
4.927241953888156223e-01 1.506061775524530910e-01 0.000000000000000000e+00
8.727214440182540223e-01 9.021810957009410714e-01 0.000000000000000000e+00
2.084906239407171569e-01 6.330015549201948311e-01 0.000000000000000000e+00
3.863375151854619993e-02 4.034465398062836439e-01 0.000000000000000000e+00
4.813228887660824240e-01 2.731719256831082188e-01 0.000000000000000000e+00
5.276842385862083873e-01 5.738237398606660378e-02 1.000000000000000000e+00
5.944405115323010413e-01 1.255438452645800673e-01 1.000000000000000000e+00
1.138415757281038276e-01 9.930559212237946021e-01 0.000000000000000000e+00
1.023870211218713688e-01 1.284293721359109908e-01 0.000000000000000000e+00
7.264728980943098158e-01 1.709750709578530259e-01 0.000000000000000000e+00
8.662984637585570136e-01 7.836679497946816841e-01 0.000000000000000000e+00
7.589429422597967489e-01 7.712372702068672758e-01 1.000000000000000000e+00
3.455214292504843465e-01 5.215102147858540205e-01 1.000000000000000000e+00
2.767494783051093199e-01 8.849752763462375160e-01 0.000000000000000000e+00
1.961054215316390126e-01 5.399830023228692211e-01 0.000000000000000000e+00
9.574345664512358134e-01 1.927372071576749502e-02 0.000000000000000000e+00
6.057276641232148817e-01 3.197312463332038224e-01 1.000000000000000000e+00
8.462328923484755405e-01 6.286586172284017726e-01 1.000000000000000000e+00
1.660895301712719263e-01 3.288051700825450618e-01 0.000000000000000000e+00
2.307572938003433771e-01 1.244884918177080468e-02 0.000000000000000000e+00
7.213077949784366671e-01 8.990597646744923344e-01 0.000000000000000000e+00
9.666963141334277143e-01 5.179749122622854252e-01 0.000000000000000000e+00
6.383339698611555368e-01 5.921474526128156501e-01 1.000000000000000000e+00
8.112431671847808445e-01 4.198385768979688848e-01 1.000000000000000000e+00
6.805091249007931831e-01 6.518685895071262282e-01 1.000000000000000000e+00
6.283764680986571038e-01 9.051272904851278556e-01 1.000000000000000000e+00
3.281834484439445365e-01 2.034797133863169849e-01 0.000000000000000000e+00
2.653035983504592465e-01 5.413940735184552544e-02 0.000000000000000000e+00
6.688253002753939969e-01 9.337148160418791143e-01 0.000000000000000000e+00
2.621085288536837421e-01 6.184087862314165962e-01 1.000000000000000000e+00
1.618450710381437174e-01 7.196387048409560450e-01 0.000000000000000000e+00
2.453798077149461632e-01 6.494078759836950931e-01 0.000000000000000000e+00
5.920170711543718545e-01 6.412577660421595604e-01 1.000000000000000000e+00
9.151806078023901891e-01 7.448642780682853681e-01 0.000000000000000000e+00
8.723654662614473976e-01 5.852374121661862993e-01 1.000000000000000000e+00
6.258868766499656733e-01 9.886059144147003597e-01 0.000000000000000000e+00
8.055821354952871216e-01 9.035737420528724417e-01 0.000000000000000000e+00
8.121504146348057507e-02 4.231200380846743547e-01 0.000000000000000000e+00
8.029343668271160528e-02 3.108475384007048925e-01 0.000000000000000000e+00
1.734862221432653673e-01 5.370394442385887368e-01 0.000000000000000000e+00
5.870550056008799755e-01 2.409736731713374436e-02 1.000000000000000000e+00
5.784912734063419881e-01 4.830516152606962876e-01 1.000000000000000000e+00
9.561691911132397248e-02 1.862128732193354397e-01 0.000000000000000000e+00
4.347522458266341872e-01 3.563790471713935704e-01 1.000000000000000000e+00
4.614580656512836665e-01 8.111721695379261465e-01 1.000000000000000000e+00
2.975795989777616501e-01 8.004120812322893519e-01 0.000000000000000000e+00
3.124050234451924979e-01 4.022610294176249823e-01 0.000000000000000000e+00
8.759732133721036540e-01 2.956458696107389095e-01 0.000000000000000000e+00
7.510856218038007848e-01 3.056073928294344988e-01 0.000000000000000000e+00
4.867372033111371232e-01 8.064152061287838125e-01 1.000000000000000000e+00
3.951371476801810445e-01 2.636538826511393152e-01 0.000000000000000000e+00
9.624740510997858989e-01 2.642644506342052280e-01 0.000000000000000000e+00
6.454466365828439578e-01 4.666842066541072587e-01 1.000000000000000000e+00
2.761606994057439479e-01 4.918822475930151317e-01 0.000000000000000000e+00
5.068265401317957330e-01 4.790929269202681695e-01 1.000000000000000000e+00
1.748744702766175108e-01 6.860780285350666086e-01 0.000000000000000000e+00
3.381593194574362693e-01 1.757048635340701104e-01 0.000000000000000000e+00
6.024348617316880317e-01 2.465030108767264361e-01 1.000000000000000000e+00
9.598341125900127224e-01 6.296467638980505210e-01 0.000000000000000000e+00
3.688000864752255525e-01 1.178446384076026199e-02 0.000000000000000000e+00
6.989113369066468628e-02 2.598802631116490236e-01 0.000000000000000000e+00
4.273850819305530235e-01 6.450580123299285429e-01 1.000000000000000000e+00
9.288949115732841877e-01 6.388223260275832649e-01 1.000000000000000000e+00
5.040600399303918344e-02 7.700149141021587207e-01 0.000000000000000000e+00
7.996775282297087228e-01 9.947060122273028160e-01 0.000000000000000000e+00
7.318443924012597579e-01 6.026422385046841246e-01 1.000000000000000000e+00
5.857397835282793785e-01 6.795782229640378036e-01 1.000000000000000000e+00
8.558178870328749799e-01 2.037571405300424576e-01 0.000000000000000000e+00
4.594705464068624678e-01 8.872539333198039557e-01 0.000000000000000000e+00
3.149540681135003517e-01 7.890366778086992383e-01 0.000000000000000000e+00
8.948333752219449488e-01 5.888420048906953808e-01 1.000000000000000000e+00
2.504902425223379803e-01 4.245167677607116774e-01 0.000000000000000000e+00
5.544752409665544279e-01 7.600535540976200988e-01 1.000000000000000000e+00
4.131240408500153061e-01 5.126155546871141722e-01 1.000000000000000000e+00
1.760020815706477837e-01 2.599692249378253717e-01 0.000000000000000000e+00
3.581936806305541232e-01 6.578636323462383473e-01 1.000000000000000000e+00
2.990219390660709964e-01 5.213356482128193026e-01 1.000000000000000000e+00
2.774307453046507277e-01 5.774068922099869772e-01 1.000000000000000000e+00
6.771977502092063617e-01 1.683279495777239010e-01 0.000000000000000000e+00
4.283134648193245297e-01 1.032870037538267116e-01 0.000000000000000000e+00
4.058413033893422117e-01 8.812022307909501695e-01 0.000000000000000000e+00
7.240564782457382664e-01 5.277337969194347833e-01 1.000000000000000000e+00
7.550646670030587426e-01 3.973773742552031418e-01 1.000000000000000000e+00
2.287144809558043779e-01 4.891566915857653575e-01 0.000000000000000000e+00
4.868670232537741782e-02 4.532561313374384726e-01 1.000000000000000000e+00
9.318583353354084053e-01 1.944579404634827480e-02 0.000000000000000000e+00
4.114176995093233868e-01 6.978886372617343348e-02 0.000000000000000000e+00
8.536461232239254127e-01 1.343718419921064999e-01 0.000000000000000000e+00
8.347189758730469977e-01 8.769569049106515912e-01 0.000000000000000000e+00
2.984703957381820150e-01 5.495076958589365512e-01 1.000000000000000000e+00
4.134237937751107372e-01 4.169040334388405267e-01 1.000000000000000000e+00
2.846792805227059686e-01 3.555371661658377480e-01 0.000000000000000000e+00
1.338122337581106880e-01 8.526835870572946341e-02 0.000000000000000000e+00
3.428396335752083024e-01 3.571498371936240313e-01 0.000000000000000000e+00
6.944396590520086621e-01 4.329425641846273987e-02 1.000000000000000000e+00
5.761493106677927356e-01 6.066696180739764577e-01 1.000000000000000000e+00
6.050306569328597339e-01 2.794318496447800726e-01 1.000000000000000000e+00
9.210833160624096738e-01 9.819077704685108543e-02 0.000000000000000000e+00
8.043263719339345252e-01 5.916975104172697009e-01 1.000000000000000000e+00
2.098247924783729346e-01 4.507887220418145269e-01 0.000000000000000000e+00
1.292339861803984968e-01 4.845394935942597403e-01 0.000000000000000000e+00
7.173869928718487055e-01 4.367939212403320060e-01 1.000000000000000000e+00
6.129327156337862625e-01 5.021280549289142137e-02 1.000000000000000000e+00
9.574783143931464569e-01 2.065202167092264895e-01 0.000000000000000000e+00
1.342090860708610167e-01 6.496943620363980765e-01 1.000000000000000000e+00
9.207280618486970436e-01 6.860337470776447510e-01 0.000000000000000000e+00
3.544966182034651192e-01 8.135808486876394685e-02 0.000000000000000000e+00
7.732915199184497990e-02 3.067936672145221699e-01 0.000000000000000000e+00
2.089081690405766301e-01 5.937078276881521122e-01 1.000000000000000000e+00
8.315139541638394416e-01 1.702280073440624042e-01 0.000000000000000000e+00
6.399859256984816724e-01 5.064890640364350105e-01 1.000000000000000000e+00
1.649245440894616666e-01 2.128762077662863517e-01 0.000000000000000000e+00
2.717967025767399347e-01 6.512906746910470668e-01 1.000000000000000000e+00
4.351670699922319807e-01 5.122374315543055667e-01 1.000000000000000000e+00
4.293940536026445987e-01 1.808446751404615416e-01 0.000000000000000000e+00
6.277681602607401157e-01 7.809714081794065788e-01 1.000000000000000000e+00
3.515761579870576581e-01 2.226095452952994158e-01 0.000000000000000000e+00
7.244404522796441537e-01 3.852522999108372037e-01 1.000000000000000000e+00
9.206413945853306746e-01 3.957211886996229167e-01 0.000000000000000000e+00
1.090894460087890039e-01 3.261903961598078272e-01 0.000000000000000000e+00
9.127953506045556331e-01 7.292857542328323728e-02 0.000000000000000000e+00
5.096401035081671305e-01 8.194082843761089086e-01 1.000000000000000000e+00
1.529957763925988701e-01 1.647598093881156300e-01 0.000000000000000000e+00
3.899458389247530965e-01 1.957213740925763945e-01 0.000000000000000000e+00
4.034095970882574100e-01 6.580334523365806154e-01 1.000000000000000000e+00
5.454170493768536465e-01 1.483319992702248902e-01 1.000000000000000000e+00
4.565727778116590585e-01 3.347673972610754056e-02 1.000000000000000000e+00
1.480280375956923855e-01 7.634592738545515900e-01 0.000000000000000000e+00
1.001596790120370395e-01 9.919519351874509505e-01 0.000000000000000000e+00
6.501528598717988272e-01 4.817079590637567410e-01 1.000000000000000000e+00
4.861164057585182219e-01 3.331115694119389792e-01 1.000000000000000000e+00
9.270732542614092964e-01 5.943540165597576141e-01 1.000000000000000000e+00
6.770767519448779304e-01 8.935468603997483994e-01 1.000000000000000000e+00
8.700131663667525217e-01 8.294604869703076089e-01 0.000000000000000000e+00
3.033958163076158066e-01 5.054470673674544834e-01 1.000000000000000000e+00
8.510987406320449367e-01 2.222141509178183760e-01 0.000000000000000000e+00
2.229578038402234563e-01 6.310619832869291956e-01 0.000000000000000000e+00
4.517923109357966371e-01 4.230518170518307031e-01 1.000000000000000000e+00
6.031227285691691531e-01 5.673104503630015394e-01 1.000000000000000000e+00
9.364485291482024243e-01 1.615938107481107444e-02 0.000000000000000000e+00
7.457649052640676901e-01 3.069354109793613894e-01 0.000000000000000000e+00
7.055807222515844135e-01 5.791619377131589363e-01 1.000000000000000000e+00
8.071246826344496972e-01 7.011142285175101518e-01 1.000000000000000000e+00
7.895907136908909552e-01 8.172936261643533040e-01 0.000000000000000000e+00
4.564814889678329157e-01 9.771043903174283507e-01 0.000000000000000000e+00
1.350346209653648932e-01 3.651148671614055097e-01 0.000000000000000000e+00
1.999348393961694059e-01 6.398893415868016632e-01 0.000000000000000000e+00
8.509887620945977282e-02 8.391201582159698580e-01 0.000000000000000000e+00
3.498854819470316180e-01 1.848592998182563285e-01 0.000000000000000000e+00
3.374627784548498433e-01 7.874153138405747265e-01 0.000000000000000000e+00
2.603896143240839178e-01 3.089078204843580533e-01 0.000000000000000000e+00
2.060964923966455142e-01 4.104347047309216956e-01 0.000000000000000000e+00
7.792023642542909023e-01 9.902570213747071692e-01 0.000000000000000000e+00
8.657857072252804764e-01 7.759000053503128935e-01 0.000000000000000000e+00
9.610955479224715381e-01 2.645150587065108194e-01 0.000000000000000000e+00
9.640471512503263618e-01 2.458149816645827102e-03 0.000000000000000000e+00
4.435007986146719539e-01 8.263865353828847571e-02 0.000000000000000000e+00
2.251278241951605308e-01 5.972545630964931629e-01 1.000000000000000000e+00
9.099171849996129380e-01 8.985026259618161815e-01 0.000000000000000000e+00
3.493568409039065070e-01 1.501606086084006364e-01 0.000000000000000000e+00
5.015575769999170985e-01 2.458331032989391485e-01 0.000000000000000000e+00
3.864725476038759489e-01 8.411354827798087630e-01 0.000000000000000000e+00
4.904010135269032400e-02 8.142356065784016605e-01 0.000000000000000000e+00
9.287265114656984011e-01 5.022197653864248768e-01 0.000000000000000000e+00
9.467539222819943978e-01 9.021178686975640515e-01 0.000000000000000000e+00
3.856399216860494361e-01 7.771561726090387978e-01 1.000000000000000000e+00
4.888309129204237991e-02 2.076173462855934737e-01 0.000000000000000000e+00
6.771060694033022020e-01 4.605632458798090134e-01 1.000000000000000000e+00
6.979975373635692870e-01 7.867318270482727138e-01 1.000000000000000000e+00
1.994980832100919921e-01 2.781937143423859338e-01 0.000000000000000000e+00
6.547724790366641345e-01 4.105246556621843235e-01 1.000000000000000000e+00
5.988281325904466490e-01 3.256013887325245326e-01 1.000000000000000000e+00
1.124748118577391098e-01 5.123092372712696463e-01 1.000000000000000000e+00
6.985542540825920854e-01 1.894885684038770668e-01 0.000000000000000000e+00
6.963129572232803488e-01 7.096278447019612745e-01 1.000000000000000000e+00
9.865734897050764118e-01 9.335482340738618934e-01 0.000000000000000000e+00
6.832919295375452506e-01 5.062728299468803872e-01 1.000000000000000000e+00
2.295229279982899939e-01 4.905032990077866639e-01 0.000000000000000000e+00
8.417284190430517343e-01 5.386929710568941765e-01 1.000000000000000000e+00
6.388524957270613758e-01 4.579375117005907159e-01 1.000000000000000000e+00
2.795985626013679504e-01 7.857529375516750791e-01 0.000000000000000000e+00
4.683461871046445957e-02 1.244534659160537737e-01 0.000000000000000000e+00
7.723231504369560962e-01 6.836839219286824365e-01 1.000000000000000000e+00
6.545630395122672418e-01 8.476878517941457414e-01 1.000000000000000000e+00
4.094357784698335889e-01 8.167460180963733718e-01 0.000000000000000000e+00
3.232358904959288237e-01 6.391314570651598359e-01 1.000000000000000000e+00
7.278123912074461188e-01 3.573454091239075536e-01 1.000000000000000000e+00
4.114586318961261924e-01 3.356053500995470618e-02 0.000000000000000000e+00
2.674612732707939422e-01 5.961815088508327642e-01 1.000000000000000000e+00
3.452594934920268921e-01 1.680408916679763109e-01 0.000000000000000000e+00
7.817550289295194244e-02 5.968211659525288759e-01 1.000000000000000000e+00
2.072283912171535292e-02 2.206539477157650753e-01 0.000000000000000000e+00
6.186281684501593325e-02 8.496304930498661534e-01 0.000000000000000000e+00
6.159613702136168545e-02 3.437390078861445319e-01 0.000000000000000000e+00
5.001564111941534385e-01 9.423479038500787164e-01 0.000000000000000000e+00
3.108590760741862802e-01 5.495048639617990949e-01 1.000000000000000000e+00
7.938586353809635732e-01 3.590125541930201392e-01 0.000000000000000000e+00
9.202448474993126792e-01 6.909144606936123978e-01 0.000000000000000000e+00
6.541151194001909586e-01 9.089295037454869775e-01 1.000000000000000000e+00
7.774248152070584172e-02 5.490042778144254010e-01 1.000000000000000000e+00
1.955742543163816460e-01 4.053890912692119652e-01 0.000000000000000000e+00
7.649706798306965538e-02 3.688039652386331246e-01 0.000000000000000000e+00
8.314909788981792449e-01 5.229851846229502943e-01 1.000000000000000000e+00
6.397341606546930182e-01 6.576611580731208662e-01 1.000000000000000000e+00
7.526490187772965079e-01 7.337588781803235927e-01 1.000000000000000000e+00
4.309482008232635719e-01 6.898441885373771676e-01 1.000000000000000000e+00
7.038769661507596753e-01 8.354650089379511702e-02 0.000000000000000000e+00
9.894322132639663536e-01 4.681052795385748366e-01 0.000000000000000000e+00
7.513160030496052189e-01 4.183520061228358511e-01 1.000000000000000000e+00
3.443572008567372666e-01 6.862395816229664991e-01 1.000000000000000000e+00
8.475223438954379018e-01 3.527370212551483863e-02 0.000000000000000000e+00
2.747023126400782722e-01 5.000923512201793653e-01 0.000000000000000000e+00
2.382548906226141794e-01 6.404608532809951127e-01 0.000000000000000000e+00
1.759824154683666819e-01 3.578078017314045844e-02 0.000000000000000000e+00
8.028757623576148195e-01 1.453923749256378350e-01 0.000000000000000000e+00
1.715121627053423081e-01 2.949153946415817851e-01 0.000000000000000000e+00
6.150215932169800226e-01 8.136207791356607766e-01 1.000000000000000000e+00
6.807035631292923661e-02 5.370518332392675287e-01 1.000000000000000000e+00
1.058492641826910274e-01 3.313648032097823437e-01 0.000000000000000000e+00
1.407144961838716624e-01 6.202122036460089305e-03 0.000000000000000000e+00
6.158859770719149473e-02 5.239958129629174177e-01 1.000000000000000000e+00
6.216549235486866776e-01 6.444576381771573992e-01 1.000000000000000000e+00
1.407437402676038340e-01 7.002394549619160857e-01 0.000000000000000000e+00
5.525254090800842954e-01 2.426055982758679175e-01 1.000000000000000000e+00
9.385690650650089228e-01 3.718209147203196396e-01 0.000000000000000000e+00
4.288666124964688464e-01 9.273823155851609323e-01 0.000000000000000000e+00
4.331176359313034796e-01 8.735415863908280176e-01 0.000000000000000000e+00
4.094149834523547193e-01 9.513521855156196194e-01 0.000000000000000000e+00
3.525908204410187485e-01 5.049926846127231750e-01 1.000000000000000000e+00
7.514971154230170036e-01 4.409663818040177041e-02 0.000000000000000000e+00
2.926555905464535146e-01 8.533381462586344668e-01 0.000000000000000000e+00
9.044727518694373192e-02 9.347444543911564985e-01 0.000000000000000000e+00
4.132593909539103993e-01 1.813764770924917169e-01 0.000000000000000000e+00
3.669215484438437258e-01 1.055537525140254340e-01 0.000000000000000000e+00
8.121541498618481958e-01 2.451285333577178926e-01 0.000000000000000000e+00
9.951620737019010177e-01 5.914347802532489151e-01 1.000000000000000000e+00
4.331391368792379959e-01 2.905062120972992101e-01 0.000000000000000000e+00
3.851621617985508950e-01 5.084260883983853230e-01 1.000000000000000000e+00
6.896925089731058556e-01 6.768597972276861885e-01 1.000000000000000000e+00
6.045198073920652337e-01 8.641288026241131792e-01 1.000000000000000000e+00
3.499587195510333038e-01 4.178325531772476564e-01 0.000000000000000000e+00
7.020033620022514409e-02 2.118490677295780111e-01 0.000000000000000000e+00
7.045194398897428600e-01 1.297921757306794710e-01 0.000000000000000000e+00
5.937539746139119945e-01 6.102282078846102964e-01 1.000000000000000000e+00
6.818013332281316341e-01 6.229495869826016108e-01 1.000000000000000000e+00
9.421324247238223037e-01 2.997591631176095284e-01 0.000000000000000000e+00
7.635452097820843997e-01 7.502950908729737467e-01 1.000000000000000000e+00
5.794557969587774693e-01 3.038387901332652019e-01 1.000000000000000000e+00
6.383961167871867737e-01 1.301399495355196612e-01 1.000000000000000000e+00
8.530929984945790912e-01 7.699609917179172092e-01 0.000000000000000000e+00
5.749325982887842912e-02 5.117054604951302155e-01 1.000000000000000000e+00
9.653744354073008349e-01 3.359186561434990281e-02 0.000000000000000000e+00
5.345529841034024621e-01 9.786156133416610281e-01 0.000000000000000000e+00
6.538525649395454664e-01 4.533486452726372962e-01 1.000000000000000000e+00
8.384988178947322401e-01 5.142504440790114373e-01 1.000000000000000000e+00
1.931313173315177822e-01 8.904271191262945750e-01 0.000000000000000000e+00
8.138493840518883360e-01 1.133373178849411689e-01 0.000000000000000000e+00
8.261425870339417221e-01 9.436551323201796126e-01 0.000000000000000000e+00
6.233539341742818651e-01 8.683788731801045380e-01 1.000000000000000000e+00
4.569068960520330513e-01 6.335784702767446319e-01 1.000000000000000000e+00
4.432218155361073997e-01 5.841271022209276742e-01 1.000000000000000000e+00
3.541043905535556924e-03 3.329557496150842288e-01 0.000000000000000000e+00
9.232585155344994465e-01 4.219315490127820700e-01 0.000000000000000000e+00
7.200265878752303284e-01 6.776752749606762549e-03 1.000000000000000000e+00
3.343417913648459860e-01 1.826842215490909194e-01 0.000000000000000000e+00
4.501949850733266700e-03 1.605295672699046383e-01 0.000000000000000000e+00
1.695272513340074783e-01 2.497795387370084219e-01 0.000000000000000000e+00
9.630364988782752489e-01 5.072199833843200611e-01 0.000000000000000000e+00
4.357015415634896138e-01 6.564628183454375154e-01 1.000000000000000000e+00
6.216681741119456373e-01 6.928089176208729327e-01 1.000000000000000000e+00
1.262918380571873556e-01 3.963826571032208479e-01 0.000000000000000000e+00
8.719560300405386766e-01 5.517634132637367905e-01 1.000000000000000000e+00
9.365678450637454633e-01 4.032503551415572707e-01 0.000000000000000000e+00
4.024793580882424227e-02 4.441394418879061057e-01 1.000000000000000000e+00
7.256138985713183054e-01 2.770423666948250707e-01 0.000000000000000000e+00
8.000472405099908757e-01 1.974705001809661242e-01 0.000000000000000000e+00
1.395446575813540369e-01 8.357691629656862631e-01 0.000000000000000000e+00
6.778069335155847419e-01 4.477699160652016674e-01 1.000000000000000000e+00
3.916093370078815861e-01 6.301224744110467402e-02 0.000000000000000000e+00
8.864668223983520612e-01 8.250777272768490267e-01 0.000000000000000000e+00
5.269415189305732827e-01 4.987532579051754400e-01 1.000000000000000000e+00
2.047529534175072108e-01 2.442495176475680818e-01 0.000000000000000000e+00
3.134942457099381130e-01 1.064684338056884894e-01 0.000000000000000000e+00
1.068989878791115622e-03 1.000611911542231836e-01 0.000000000000000000e+00
8.207123544993862874e-01 7.401499298354246026e-01 1.000000000000000000e+00
2.755746155271746600e-01 1.829207511016329724e-01 0.000000000000000000e+00
4.560993312547390044e-01 5.445509344360832671e-03 1.000000000000000000e+00
5.200234146054482087e-01 5.670421830238396854e-01 1.000000000000000000e+00
9.268883183414391436e-01 5.171410057279482997e-01 0.000000000000000000e+00
8.498685454333391176e-01 2.710663097459039550e-01 0.000000000000000000e+00
2.846608916568885705e-01 5.463948952407677861e-01 1.000000000000000000e+00
4.101009875416055106e-01 3.915739981498234101e-02 0.000000000000000000e+00
8.282067447517750258e-01 3.320383342795106829e-01 0.000000000000000000e+00
1.857863418031430180e-01 7.439151080313222142e-01 0.000000000000000000e+00
1.855047494126316199e-01 6.627164013116693120e-03 0.000000000000000000e+00
2.562611496498470309e-01 1.753426032213634134e-02 0.000000000000000000e+00
6.666391311357583449e-01 6.226198479776908767e-01 1.000000000000000000e+00
5.801020384720956269e-01 1.422015994980292408e-01 1.000000000000000000e+00
2.795489215283721851e-01 1.440577175021529044e-01 0.000000000000000000e+00
6.546026222031703368e-01 6.209194120527341543e-01 1.000000000000000000e+00
7.623978666513847591e-01 7.429400214124710633e-01 1.000000000000000000e+00
1.116453858034668345e-01 4.830907737547391889e-01 0.000000000000000000e+00
2.758821364446181201e-01 5.814429793753594922e-02 0.000000000000000000e+00
1.747215775816409744e-01 1.960510514495866774e-01 0.000000000000000000e+00
4.413028920468932137e-01 9.208583380239704352e-01 0.000000000000000000e+00
1.271311708253949346e-01 6.904120339076860180e-01 0.000000000000000000e+00
1.393940399568376343e-01 7.846884782447524076e-01 0.000000000000000000e+00
1.260746076035332841e-01 6.701497420082656031e-01 0.000000000000000000e+00
1.473835846947000316e-01 4.086689029641731308e-01 0.000000000000000000e+00
4.407585445421767778e-01 9.347742041998882145e-01 0.000000000000000000e+00
1.202363300640185706e-02 5.094755223619700235e-01 1.000000000000000000e+00
1.771497906239474229e-01 6.837061063444239695e-01 0.000000000000000000e+00
2.487439600907920267e-01 6.483235609786042186e-01 0.000000000000000000e+00
8.531543471428498782e-01 9.968925728826598665e-01 0.000000000000000000e+00
7.558490115889744398e-01 6.527646828275104340e-01 1.000000000000000000e+00
6.754090239585862632e-01 2.628366308123968320e-01 0.000000000000000000e+00
1.337167158989085447e-01 9.248174453200020961e-01 0.000000000000000000e+00
5.716286268077717114e-01 3.929626467343483309e-01 1.000000000000000000e+00
9.527826372030372415e-01 6.068836444933689567e-02 0.000000000000000000e+00
1.524055679283292664e-01 8.428169393199892445e-01 0.000000000000000000e+00
3.252468438687805552e-01 3.185085068029748223e-01 0.000000000000000000e+00
1.575817643339844087e-01 9.435039112729699529e-01 0.000000000000000000e+00
1.304852868875613359e-01 4.475100844296808766e-03 0.000000000000000000e+00
5.350176344200539003e-01 7.959319955192974971e-01 1.000000000000000000e+00
5.360586363299741919e-01 6.751410752412204674e-01 1.000000000000000000e+00
5.178769716915365695e-02 4.355090833550157026e-02 0.000000000000000000e+00
1.367528121391445861e-01 6.875565598845008175e-01 0.000000000000000000e+00
6.030802972881839086e-01 4.642342538475926483e-01 1.000000000000000000e+00
7.785617820930479382e-01 3.831688091514525718e-01 0.000000000000000000e+00
2.629770024683403262e-01 3.002071078006065541e-01 0.000000000000000000e+00
8.579947190405923241e-01 9.512560264242124752e-01 0.000000000000000000e+00
6.048536406119516817e-01 4.213669856155870530e-01 1.000000000000000000e+00
5.443932871229806292e-02 6.060287765852701014e-02 0.000000000000000000e+00
7.643008362668157751e-02 2.988427530306111413e-01 0.000000000000000000e+00
6.478407550917800739e-01 4.471510596666594672e-02 1.000000000000000000e+00
1.389737479812136467e-01 2.432201551841962628e-01 0.000000000000000000e+00
7.137973261097242395e-01 1.818410333357846076e-01 0.000000000000000000e+00
1.262355445313317892e-01 6.758438427547355243e-01 0.000000000000000000e+00
8.725633408330479845e-01 2.613729908618366293e-01 0.000000000000000000e+00
5.310153006994291491e-01 4.170546212814130183e-02 1.000000000000000000e+00
3.146173974344250723e-01 8.149534805897054035e-01 0.000000000000000000e+00
7.418149901686260650e-01 1.724598563874553125e-01 0.000000000000000000e+00
9.060239080391621069e-01 9.539511623319564260e-01 0.000000000000000000e+00
8.716020833827292646e-01 9.576646423144673514e-01 0.000000000000000000e+00
6.682685068258322758e-01 4.845294341722112819e-01 1.000000000000000000e+00
1.388383503991802437e-01 3.311904061708691449e-01 0.000000000000000000e+00
9.080724189478747155e-01 5.865347161791312214e-02 0.000000000000000000e+00
6.043321896705929896e-01 4.902634626507467175e-01 1.000000000000000000e+00
9.712881691556166652e-01 2.167419671312970086e-01 0.000000000000000000e+00
9.341473631995438343e-01 7.665645587218241630e-01 0.000000000000000000e+00
2.596887126468352402e-01 3.359717582406703817e-01 0.000000000000000000e+00
1.529983583283602844e-01 6.533557807856157362e-01 0.000000000000000000e+00
6.849528074236381769e-01 5.808851811465869375e-01 1.000000000000000000e+00
4.503655575409393208e-01 1.070681568328557542e-01 0.000000000000000000e+00
1.795381709265293502e-01 3.826465904777808236e-01 0.000000000000000000e+00
5.571183639343949556e-01 7.623024450300716071e-01 1.000000000000000000e+00
8.475012199415183911e-01 3.441366321404399908e-01 0.000000000000000000e+00
6.589654785886778221e-01 4.037434684736036505e-01 1.000000000000000000e+00
6.018971773367013389e-01 6.677175481248631694e-02 1.000000000000000000e+00
9.468775836324613282e-01 8.728817393399191937e-01 0.000000000000000000e+00
3.020283412231203890e-01 5.345108214787263057e-01 1.000000000000000000e+00
6.276080579045889563e-01 7.132201261306663209e-01 1.000000000000000000e+00
3.189649720687817158e-01 5.126735953078631614e-01 1.000000000000000000e+00
2.093075165460073217e-01 6.838525833631092787e-03 0.000000000000000000e+00
8.404524463310014681e-02 6.515599060634266193e-01 1.000000000000000000e+00
7.404522180542091325e-01 1.592565029356673989e-03 1.000000000000000000e+00
9.624278071137269963e-01 5.251660880183826041e-01 0.000000000000000000e+00
1.175756216134521415e-01 2.952666454288115361e-01 0.000000000000000000e+00
9.743860377553855701e-01 5.360752109178335001e-01 0.000000000000000000e+00
1.991337405340904976e-01 5.096278634666341345e-01 0.000000000000000000e+00
4.681703074288044997e-01 2.719751842374426021e-01 0.000000000000000000e+00
8.410038275335340874e-01 5.686002427909694346e-01 1.000000000000000000e+00
4.256021494000211680e-01 3.278065333793669378e-01 0.000000000000000000e+00
5.267546147340811391e-01 4.738797601346101951e-01 1.000000000000000000e+00
6.220863601132800014e-01 5.206570156362669843e-01 1.000000000000000000e+00
1.594942639632745962e-02 5.903541788380962663e-01 1.000000000000000000e+00
3.656424770398339907e-01 6.934604574881840788e-01 1.000000000000000000e+00
3.302122317921363237e-02 5.017208571996892852e-01 1.000000000000000000e+00
3.459603036120588726e-01 8.943924177945263843e-01 0.000000000000000000e+00
6.221485750412079074e-01 5.516512915271458706e-01 1.000000000000000000e+00
1.186525614810105544e-01 7.602064238558099429e-01 0.000000000000000000e+00
5.221702386386106731e-02 4.755193033874000053e-01 1.000000000000000000e+00
8.473400934113367589e-01 1.234827833465804714e-01 0.000000000000000000e+00
1.940723924974341319e-02 9.843067314675300050e-01 0.000000000000000000e+00
7.893407268224030826e-01 2.487533015492416899e-01 0.000000000000000000e+00
8.695122791310182508e-01 1.614635195406494139e-01 0.000000000000000000e+00
8.821946786903236415e-01 4.826217525536644626e-01 0.000000000000000000e+00
7.169638371500179908e-01 3.096017605257406213e-02 1.000000000000000000e+00
2.375230572269951823e-01 3.600906233968844683e-01 0.000000000000000000e+00
4.237059004735904688e-01 2.752902364584329797e-01 0.000000000000000000e+00
1.579141997605263414e-01 6.371229195403371737e-01 0.000000000000000000e+00
2.501300989707967437e-01 1.255223659600693820e-01 0.000000000000000000e+00
8.572179265571403528e-01 1.186594433966434714e-01 0.000000000000000000e+00
3.923683188325157722e-01 7.671035592796493496e-01 1.000000000000000000e+00
6.269972325106669686e-01 7.859201679615994696e-01 1.000000000000000000e+00
3.097386640102118838e-01 9.078395517768206302e-01 0.000000000000000000e+00
7.245157376833765150e-01 7.491299212540692976e-01 1.000000000000000000e+00
5.945107210106725937e-01 1.609455850362191409e-01 1.000000000000000000e+00
2.434577894345153481e-01 6.300181421917691038e-01 1.000000000000000000e+00
4.837583910037520640e-01 5.474975582730653434e-01 1.000000000000000000e+00
8.074638236270517133e-01 7.506194201648808129e-01 1.000000000000000000e+00
1.238608584795477530e-01 2.812304419668314459e-01 0.000000000000000000e+00
1.460187665923945444e-01 1.139280130642928990e-01 0.000000000000000000e+00
9.102754502915105794e-01 8.872966653067777543e-01 0.000000000000000000e+00
3.294084273123176754e-02 5.607316468010246080e-01 1.000000000000000000e+00
6.605777754972247395e-01 1.471960430788510354e-01 0.000000000000000000e+00
8.166539665075231991e-01 7.963578768114882855e-01 0.000000000000000000e+00
2.574049810853756837e-01 9.901345184116197018e-01 0.000000000000000000e+00
2.677646053675657445e-01 1.138435210756115756e-01 0.000000000000000000e+00
3.192093540079655734e-01 4.458466232473494717e-01 0.000000000000000000e+00
5.386018259051775781e-01 2.204858563534665139e-01 0.000000000000000000e+00
9.189331544594984136e-01 6.767667391221419138e-01 0.000000000000000000e+00
9.259326247375584407e-01 6.832766192150907525e-02 0.000000000000000000e+00
6.689438367087935378e-01 1.674000330446998586e-01 0.000000000000000000e+00
4.907459680406482949e-01 6.953814115236333082e-01 1.000000000000000000e+00
1.258497167199206235e-01 9.516248109187386284e-03 0.000000000000000000e+00
6.906966151744413640e-01 6.983001346055632830e-01 1.000000000000000000e+00
2.072548232806605828e-01 1.742735351498947427e-02 0.000000000000000000e+00
5.960709791337479579e-01 8.752813624799729020e-01 1.000000000000000000e+00
9.506636628814173484e-01 6.567970372547424773e-01 0.000000000000000000e+00
6.519339451443465494e-01 3.701386312740141404e-01 1.000000000000000000e+00
5.328514598784448442e-01 1.318952594540249157e-01 1.000000000000000000e+00
1.338004321836849808e-01 6.843877243310796388e-01 0.000000000000000000e+00
6.847064638470726772e-01 9.693950414258339920e-01 0.000000000000000000e+00
9.160911586002217222e-01 5.678304460996411729e-01 1.000000000000000000e+00
6.894779298980191484e-01 8.246445787083528378e-01 1.000000000000000000e+00
1.266950210309680802e-01 7.766578734383485783e-01 0.000000000000000000e+00
4.672016521921334986e-01 7.987372970343576961e-01 1.000000000000000000e+00
1.368889529349729406e-01 8.870751216030794417e-01 0.000000000000000000e+00
4.582038519509422647e-01 6.586956160366774782e-01 1.000000000000000000e+00
6.685971498836305038e-01 9.182455795570965140e-02 1.000000000000000000e+00
3.132571056483105520e-01 3.764101435992842637e-01 0.000000000000000000e+00
4.263185840228600476e-01 7.319441465206122377e-01 1.000000000000000000e+00
9.507036128377414075e-01 9.069242325949466998e-02 0.000000000000000000e+00
7.294834349797140183e-01 5.180613970428182835e-01 1.000000000000000000e+00
9.199808674931707619e-01 3.855290019751422825e-01 0.000000000000000000e+00
6.857325282239269404e-01 9.373279355599225537e-01 0.000000000000000000e+00
4.137346195624780343e-01 3.895835112700520853e-01 1.000000000000000000e+00
9.301233484985510502e-01 1.795065826923484265e-01 0.000000000000000000e+00
3.428643647198242883e-01 7.351780385632644688e-01 1.000000000000000000e+00
7.865243766242162593e-01 5.624452566800501874e-01 1.000000000000000000e+00
7.102667835942951813e-01 3.909486696322794774e-02 1.000000000000000000e+00
7.330940212126054734e-01 1.766819860283660448e-01 0.000000000000000000e+00
2.433884893473536870e-02 2.716386476585412879e-01 0.000000000000000000e+00
1.724408259561105439e-01 2.317112889479002735e-01 0.000000000000000000e+00
7.252136714368817572e-01 7.557310530655838576e-01 1.000000000000000000e+00
6.878172401919080414e-02 9.597268746896774338e-01 0.000000000000000000e+00
5.353875124628144633e-01 5.555446881108379031e-01 1.000000000000000000e+00
6.146065728025912334e-01 4.748889464489021162e-01 1.000000000000000000e+00
2.218848025057366113e-01 2.745096250771630331e-01 0.000000000000000000e+00
4.139925482068833595e-01 2.123246053766518759e-01 0.000000000000000000e+00
4.469435228037413887e-01 1.484029923509520010e-01 0.000000000000000000e+00
1.124757942749711193e-01 8.993826357764890256e-01 0.000000000000000000e+00
1.301324022021869142e-01 6.566371459933746380e-01 0.000000000000000000e+00
6.955902056509315479e-01 8.236960733367905130e-01 1.000000000000000000e+00
3.332723855075487851e-01 5.758883614096077519e-02 0.000000000000000000e+00
7.747720551923165111e-01 9.480409525552602190e-01 0.000000000000000000e+00
2.386373452674922513e-01 3.103787959049328915e-01 0.000000000000000000e+00
4.574315580448303775e-01 9.485663020884722574e-01 0.000000000000000000e+00
8.533240473247649671e-02 6.590030929139516491e-01 1.000000000000000000e+00
2.302509921332333009e-01 7.142777571192617803e-01 0.000000000000000000e+00
6.565044227990087800e-01 9.552039042745275044e-01 0.000000000000000000e+00
2.201471773753838068e-02 5.482218899729539574e-01 1.000000000000000000e+00
9.972778364120485906e-01 7.366048458048094494e-01 0.000000000000000000e+00
4.778111696892672899e-01 5.516035716732685668e-01 1.000000000000000000e+00
9.001216035909657132e-01 3.227117215092890623e-01 0.000000000000000000e+00
6.018472360483622108e-01 3.664289766677149007e-01 1.000000000000000000e+00
2.787492916779146235e-01 1.514025499024838073e-01 0.000000000000000000e+00
3.489229400642640533e-01 6.632309461015725160e-01 1.000000000000000000e+00
9.499658310622535184e-01 4.195518109209086521e-01 0.000000000000000000e+00
5.949003526006357845e-02 5.451094480728624347e-02 0.000000000000000000e+00
3.722406458133920015e-01 8.647127498450635219e-01 0.000000000000000000e+00
5.365876985400741539e-01 5.598069491439541245e-01 1.000000000000000000e+00
9.282059705703996633e-01 3.757961849885683714e-01 0.000000000000000000e+00
7.193286702469549043e-01 6.455625814334031709e-02 1.000000000000000000e+00
5.006853629088211521e-01 7.973908513279767130e-01 1.000000000000000000e+00
6.930097865621951403e-01 3.619446579122345131e-01 1.000000000000000000e+00
2.538562383195438477e-01 8.653459871129933756e-01 0.000000000000000000e+00
1.085030088428619033e-01 4.388967028241032020e-01 0.000000000000000000e+00
1.794659624127726838e-01 1.262286705721905600e-01 0.000000000000000000e+00
5.148026725935239689e-02 7.759985931552413341e-01 0.000000000000000000e+00
1.870017851277641086e-01 5.456517367204282154e-01 0.000000000000000000e+00
6.018926281250480681e-02 9.697780517152917446e-01 0.000000000000000000e+00
5.234593467512330678e-01 6.100581515597027771e-01 1.000000000000000000e+00
8.383667755395628474e-01 3.453165214348450363e-01 0.000000000000000000e+00
6.221572839563589419e-01 8.476178653024974974e-01 1.000000000000000000e+00
1.936943754301340137e-01 9.998146028088881199e-01 0.000000000000000000e+00
5.844041434113160793e-01 7.835090259175486738e-01 1.000000000000000000e+00
7.954847306904089255e-02 7.900617012173022369e-01 0.000000000000000000e+00
6.960395572750022186e-01 9.189792273257872957e-01 0.000000000000000000e+00
3.330655401067306176e-01 3.746225414954299504e-01 0.000000000000000000e+00
1.069672609957067477e-01 1.341718631830089992e-01 0.000000000000000000e+00
9.494186446585611838e-01 3.635634690020471682e-01 0.000000000000000000e+00
1.025565474511983544e-01 8.704108305296944792e-01 0.000000000000000000e+00
8.009991113713847977e-01 2.727620278380311625e-01 0.000000000000000000e+00
8.943144797929081236e-01 1.376143892634333898e-01 0.000000000000000000e+00
3.505137279694348074e-01 9.627946740362822720e-01 0.000000000000000000e+00
9.257352907465723479e-01 7.694793723648643002e-01 0.000000000000000000e+00
2.765856559186715691e-01 7.558154930337408484e-01 0.000000000000000000e+00
7.646848807566668516e-01 6.904844039216899709e-01 1.000000000000000000e+00
5.689365680607595399e-01 8.072064784637211776e-02 1.000000000000000000e+00
8.102403723171299754e-01 4.309767229613015171e-01 1.000000000000000000e+00
3.503194518309435956e-01 8.225408512771509306e-01 0.000000000000000000e+00
5.800411381938063160e-01 6.068356287658951409e-01 1.000000000000000000e+00
5.400671806787682439e-01 7.927018413666353513e-02 1.000000000000000000e+00
2.304244859879416296e-01 7.093137081913557518e-01 0.000000000000000000e+00
1.747693670882247696e-01 9.997820093418530174e-02 0.000000000000000000e+00
7.306169422240942346e-01 7.852793150711113723e-01 1.000000000000000000e+00
6.541257572104880458e-01 7.198048185375328645e-01 1.000000000000000000e+00
5.532383351899564650e-01 9.403165938634183707e-02 1.000000000000000000e+00
6.175876094594893173e-01 3.578062044114854734e-01 1.000000000000000000e+00
1.031521294733213079e-01 7.440275870216745968e-01 0.000000000000000000e+00
8.364754168030161807e-01 8.119803507763386774e-01 0.000000000000000000e+00
4.629529386376693978e-01 2.290892467078070593e-01 0.000000000000000000e+00
2.464305773834539748e-01 2.210845423566946133e-01 0.000000000000000000e+00
1.817347674443752226e-01 9.979643441639561852e-01 0.000000000000000000e+00
6.789572397602137155e-01 3.855082829460164673e-01 1.000000000000000000e+00
1.243721774112908074e-01 2.475101751851496168e-01 0.000000000000000000e+00
3.610558063133373352e-02 6.480159132143489265e-01 1.000000000000000000e+00
6.629662475274943345e-01 5.281466944321703272e-01 1.000000000000000000e+00
4.444228786667991926e-02 2.179713693878849723e-01 0.000000000000000000e+00
3.249865273389693776e-01 5.786456554379735273e-01 1.000000000000000000e+00
7.973772674046449849e-01 8.860098640204501219e-01 0.000000000000000000e+00
4.872597935793941959e-01 7.202889034294398529e-01 1.000000000000000000e+00
2.552474251168911357e-01 6.710629181575736846e-01 0.000000000000000000e+00
6.931364778012288896e-01 9.654057576983866573e-01 0.000000000000000000e+00
3.950510987368518467e-01 3.755342965728091231e-01 0.000000000000000000e+00
4.235614334051890362e-01 1.644714779257133719e-01 0.000000000000000000e+00
1.262899046277476955e-01 3.712051015975270651e-03 0.000000000000000000e+00
4.795620124405763907e-01 3.974819715587875057e-01 1.000000000000000000e+00
6.858781168114714832e-01 4.396660503445268819e-01 1.000000000000000000e+00
9.430651459499374001e-01 7.910475377399697194e-01 0.000000000000000000e+00
2.115514465242045450e-01 1.025653693252693843e-01 0.000000000000000000e+00
5.691007675594210724e-01 7.834544326276274839e-01 1.000000000000000000e+00
7.907858055853808077e-01 7.508633583652180032e-01 1.000000000000000000e+00
2.451708669491351467e-01 2.168730816423373176e-01 0.000000000000000000e+00
6.039420166648362676e-01 3.986545798609243407e-01 1.000000000000000000e+00
3.101335944577229276e-01 4.869764918485787186e-01 1.000000000000000000e+00
6.612429970713793459e-01 2.245157822493032418e-01 0.000000000000000000e+00
4.130202169295015269e-01 2.638366113063772556e-01 0.000000000000000000e+00
4.601400725272394299e-01 9.897114560777473535e-01 0.000000000000000000e+00
5.464808739025506235e-02 6.872831777762266059e-01 1.000000000000000000e+00
9.700821475570275965e-01 9.256617495861096945e-01 0.000000000000000000e+00
6.061686488393076555e-01 9.255972886527175092e-01 1.000000000000000000e+00
6.653258447539232012e-01 1.177813711429245291e-01 1.000000000000000000e+00
2.565924678528571645e-01 9.286877513250996197e-01 0.000000000000000000e+00
9.614292520808687126e-01 4.580342990340499076e-01 0.000000000000000000e+00
7.473647908846059451e-01 4.807498395662634927e-01 1.000000000000000000e+00
9.782400767131149699e-02 3.466277998538510596e-01 0.000000000000000000e+00
2.982287800693974589e-01 3.842582710249204947e-01 0.000000000000000000e+00
8.471132697113514798e-01 9.686902811512021483e-02 0.000000000000000000e+00
1.514604944431524602e-01 1.863441186004901606e-01 0.000000000000000000e+00
6.021126773926713804e-01 1.390841757823446656e-01 1.000000000000000000e+00
3.848988966714671500e-01 1.531754190706509089e-01 0.000000000000000000e+00
6.453178380369233302e-01 9.083855022169478044e-01 1.000000000000000000e+00
3.559961063848606777e-01 8.839237075338906013e-01 0.000000000000000000e+00
2.350284523450298924e-01 4.946362079819844881e-01 0.000000000000000000e+00
3.799836926019938277e-01 7.246088617735894077e-01 1.000000000000000000e+00
5.228015918641936155e-01 2.363240599687206345e-01 0.000000000000000000e+00
4.674318408724598140e-01 5.446981260389458512e-01 1.000000000000000000e+00
1.302918944974726934e-01 4.354812445464134596e-01 0.000000000000000000e+00
7.235172403084526582e-01 9.643792070306844710e-02 0.000000000000000000e+00
9.850336540714782485e-01 2.905509760206939074e-01 0.000000000000000000e+00
5.664347599506226461e-01 8.811484098898940687e-01 1.000000000000000000e+00
3.154206915540190836e-01 4.909607212995815706e-01 1.000000000000000000e+00
9.494071071294711839e-01 6.345789243788559908e-01 0.000000000000000000e+00
5.559691478794686059e-01 8.860600377264696847e-01 1.000000000000000000e+00
4.046851992464871595e-01 7.777532064729689720e-01 1.000000000000000000e+00
8.625815144610691210e-01 7.245415696047352583e-02 0.000000000000000000e+00
5.349648653516754226e-01 4.856626852641905412e-01 1.000000000000000000e+00
5.747049798791581399e-01 1.650248220307767300e-01 1.000000000000000000e+00
5.238813679258036426e-02 7.492752623061068595e-01 0.000000000000000000e+00
1.717463202107443188e-01 2.527212741955900954e-01 0.000000000000000000e+00
4.400284770685184421e-01 7.332759163187320128e-01 1.000000000000000000e+00
8.539928612555066634e-01 5.547254953348395023e-01 1.000000000000000000e+00
1.628278450044678971e-01 6.251484208669619846e-01 0.000000000000000000e+00
9.420466575701207379e-01 8.216225572359134866e-01 0.000000000000000000e+00
6.554714944220070283e-01 8.559550983936854429e-01 1.000000000000000000e+00
9.733826503556406440e-01 7.344892185778878479e-01 0.000000000000000000e+00
2.847850714548391116e-01 7.759451109136239477e-01 0.000000000000000000e+00
9.071976835039212705e-01 5.537612603545127854e-02 0.000000000000000000e+00
3.604375587199049047e-02 6.190378676935226476e-02 0.000000000000000000e+00
9.970718528139599357e-01 9.525332913240864841e-01 0.000000000000000000e+00
4.024113388609568132e-01 9.005294381453751162e-01 0.000000000000000000e+00
6.484393040002673914e-01 5.266049931178647947e-01 1.000000000000000000e+00
8.276107176723452863e-01 6.794942211919755559e-01 1.000000000000000000e+00
1.588732451582478555e-01 6.361897004768742869e-01 0.000000000000000000e+00
5.945342640888471308e-01 8.997442897004515050e-02 1.000000000000000000e+00
8.265067018522028741e-01 8.865740779862557597e-01 0.000000000000000000e+00
5.553616956363901513e-01 5.284706832129943965e-01 1.000000000000000000e+00
2.858383676614699720e-01 8.188257062570204470e-01 0.000000000000000000e+00
7.584147400849776677e-01 7.342826221485816429e-01 1.000000000000000000e+00
8.051823836218079400e-01 8.544400732940253818e-01 0.000000000000000000e+00
6.481470658583868838e-01 1.507053281588252025e-01 0.000000000000000000e+00
3.312828219226789939e-01 6.861311453636618207e-01 1.000000000000000000e+00
5.513176305401311650e-01 5.948551247023157185e-01 1.000000000000000000e+00
2.849918904267095821e-01 4.156398257539085650e-01 0.000000000000000000e+00
6.516485148592956467e-01 3.175330130017955943e-01 1.000000000000000000e+00
7.949541413490099906e-01 2.892162466179288849e-01 0.000000000000000000e+00
2.082959244989165404e-01 2.167107471714243561e-01 0.000000000000000000e+00
5.434606250412438166e-01 7.721980480791943435e-01 1.000000000000000000e+00
8.594125188053575171e-01 1.217881305996431074e-01 0.000000000000000000e+00
6.845132608688643261e-01 1.578366770698088617e-01 0.000000000000000000e+00
9.918365696011531840e-01 4.974718312097681228e-02 0.000000000000000000e+00
3.242742310206880862e-01 2.833330123566010217e-01 0.000000000000000000e+00
1.927573672669203875e-01 7.285108573229280848e-01 0.000000000000000000e+00
2.245245628425026618e-01 4.599760648991499945e-01 0.000000000000000000e+00
1.485633608652089377e-01 1.032133726182080657e-01 0.000000000000000000e+00
7.835024400725622007e-01 4.464550051335022252e-01 1.000000000000000000e+00
7.100021659091932946e-01 1.259310050586446295e-01 0.000000000000000000e+00
2.216496670589407358e-01 7.064404896042570936e-01 0.000000000000000000e+00
5.764001721172895554e-01 8.508339832045996864e-02 1.000000000000000000e+00
1.832268935482582739e-01 4.666104023911632481e-02 0.000000000000000000e+00
9.229926713402066829e-01 9.916017065288215138e-01 0.000000000000000000e+00
1.085849138973388195e-01 8.512987847787401030e-02 0.000000000000000000e+00
3.047257679624554294e-01 5.499570462995742037e-01 1.000000000000000000e+00
5.353509194199966847e-01 1.647786974368364854e-01 0.000000000000000000e+00
2.493525537646135160e-02 7.397883236226953096e-01 1.000000000000000000e+00
4.217686467443172438e-01 3.976294227145408255e-01 1.000000000000000000e+00
2.075526300280239322e-01 1.186924621550267123e-01 0.000000000000000000e+00
5.409039502211256956e-01 3.796449042103966498e-02 1.000000000000000000e+00
1.316924764234561618e-01 9.829652343643635604e-02 0.000000000000000000e+00
5.704775515743542025e-01 6.233359459122550517e-01 1.000000000000000000e+00
1.070057345430062146e-01 3.617509939909835381e-03 0.000000000000000000e+00
4.306237310697650367e-01 2.748433546835301611e-01 0.000000000000000000e+00
3.831761463842723314e-01 8.497626415415435730e-01 0.000000000000000000e+00
9.720352271115002551e-01 9.448610920842759331e-02 0.000000000000000000e+00
9.602214344894766107e-01 8.418228078679572679e-01 0.000000000000000000e+00
3.750131047978669807e-01 9.831273665672555229e-01 0.000000000000000000e+00
1.876596776254356724e-01 7.510946098167246010e-01 0.000000000000000000e+00
9.741736880160688505e-01 5.578485068258889346e-01 0.000000000000000000e+00
5.391231488718762899e-01 9.945435679503031867e-01 0.000000000000000000e+00
4.393706178599356971e-01 1.129017323258861838e-01 0.000000000000000000e+00
6.410871734476061290e-01 5.458009883639256543e-01 1.000000000000000000e+00
4.071589849038415032e-01 3.743351299774082541e-01 0.000000000000000000e+00
6.303826889948066503e-01 9.194997904352544271e-01 1.000000000000000000e+00
7.529145631695194352e-01 3.417656277230339823e-01 0.000000000000000000e+00
6.823956420179848603e-01 8.680064424064315443e-01 1.000000000000000000e+00
5.489955050711742279e-01 4.555228436725631269e-01 1.000000000000000000e+00
8.215693658141984823e-01 6.323640927404527989e-02 0.000000000000000000e+00
2.385388080957714374e-01 1.273011472559083535e-01 0.000000000000000000e+00
8.025423091613248516e-03 3.652758644695508483e-02 0.000000000000000000e+00
5.259959404339230593e-01 7.060851152653961904e-01 1.000000000000000000e+00
1.977789799422094985e-01 1.222930548241535353e-01 0.000000000000000000e+00
4.628255125545602811e-01 5.878908572612873140e-02 1.000000000000000000e+00
1.956214959924125196e-01 2.646016864949082281e-01 0.000000000000000000e+00
1.236134590671541522e-01 1.765531392911023900e-02 0.000000000000000000e+00
1.926374533201606898e-01 9.725187856396980690e-01 0.000000000000000000e+00
5.290026553893882877e-01 7.994538413995868620e-01 1.000000000000000000e+00
3.819472339006088069e-01 7.442715817109930576e-01 1.000000000000000000e+00
5.081307672176151868e-01 7.209250299126300776e-01 1.000000000000000000e+00
6.349202464182008843e-01 9.133330983793923608e-01 1.000000000000000000e+00
4.187648225614821751e-01 1.473704346379611785e-01 0.000000000000000000e+00
2.916792740119683591e-01 2.014111686354441710e-01 0.000000000000000000e+00
5.006275740180062828e-01 4.175269464014650378e-01 1.000000000000000000e+00
4.574040015835334483e-02 8.976149751272934907e-01 0.000000000000000000e+00
8.733345839200934435e-03 7.220767217909488389e-01 1.000000000000000000e+00
7.411583139539656973e-02 1.347775291724268021e-01 0.000000000000000000e+00
1.916102033217743639e-01 5.036558424409498524e-01 0.000000000000000000e+00
3.973857387882719916e-01 2.770835517114709212e-01 0.000000000000000000e+00
8.317672326212464107e-01 4.053378259246368520e-01 0.000000000000000000e+00
3.936359449103364883e-01 9.662983032588786658e-01 0.000000000000000000e+00
7.938140523880826693e-01 1.331904204423767224e-01 0.000000000000000000e+00
9.651713869990337091e-01 7.658339562666929279e-01 0.000000000000000000e+00
4.599091586095078732e-01 6.930049208353793455e-01 1.000000000000000000e+00
1.619585540144730107e-02 2.611205603183875956e-01 0.000000000000000000e+00
1.784484510468611340e-01 2.943137816680193586e-01 0.000000000000000000e+00
5.420101833859543028e-01 8.376060592550615969e-01 1.000000000000000000e+00
1.006923831540254000e-01 1.046969231668909428e-01 0.000000000000000000e+00
7.858607167225101220e-01 6.386034514971905551e-01 1.000000000000000000e+00
5.797658757752857106e-01 5.980400549417140832e-01 1.000000000000000000e+00
5.755072741140785375e-01 3.834642403318283543e-01 1.000000000000000000e+00
1.239514646552463129e-01 4.987018505626122922e-01 0.000000000000000000e+00
1.005443908196479441e-01 6.632386554718175953e-01 1.000000000000000000e+00
1.180561271539615209e-01 6.664398040684966773e-01 1.000000000000000000e+00
6.634283159755982595e-02 8.958513239636930470e-01 0.000000000000000000e+00
9.820761782368969683e-01 5.726585743854227806e-01 0.000000000000000000e+00
7.298062972064847109e-01 9.742537618327451465e-02 0.000000000000000000e+00
5.892862033661102616e-01 3.596962826321388196e-01 1.000000000000000000e+00
7.015387966862740576e-02 5.113569187227384738e-02 0.000000000000000000e+00
6.012910872598109524e-02 2.186105232931033759e-01 0.000000000000000000e+00
4.719462487587047228e-01 3.287042183235607817e-01 1.000000000000000000e+00
1.823539520710071304e-01 2.230256554167641125e-01 0.000000000000000000e+00
2.863504838005851427e-01 9.957609632980444214e-01 0.000000000000000000e+00
6.002831477537887706e-01 2.485737804862758749e-01 1.000000000000000000e+00
6.235438880503818559e-02 1.584875250262798296e-01 0.000000000000000000e+00
1.192718680060438352e-01 9.493181563071400042e-01 0.000000000000000000e+00
1.638654207143468433e-01 7.588376862778770660e-01 0.000000000000000000e+00
4.578568058641638849e-01 1.606139973256101028e-01 0.000000000000000000e+00
6.111164402074655833e-01 6.662085457714067571e-01 1.000000000000000000e+00
1.652376586236611322e-01 6.546469825227719808e-01 0.000000000000000000e+00
3.638446751869693907e-01 3.082591038422286545e-01 0.000000000000000000e+00
3.801130693467336119e-02 3.820765759971089803e-02 0.000000000000000000e+00
8.013320134173138598e-01 4.326973699540621610e-01 1.000000000000000000e+00
4.365250517802121699e-03 7.732581449903640491e-01 1.000000000000000000e+00
2.774295299857791886e-01 3.546121979409210256e-01 0.000000000000000000e+00
1.445618193799533824e-01 6.563256854966769138e-01 0.000000000000000000e+00
7.199332801000103421e-01 1.370876989400904300e-02 1.000000000000000000e+00
3.083161914640861756e-01 5.578253395307155582e-01 1.000000000000000000e+00
8.424255298416710724e-01 7.741716147063780751e-01 0.000000000000000000e+00
4.096484849847816800e-01 7.771973949821741057e-01 1.000000000000000000e+00
3.282076550178136820e-01 5.056421857267938691e-01 1.000000000000000000e+00
7.021387648314382224e-01 5.489176539914142339e-01 1.000000000000000000e+00
6.365212079183705240e-01 7.841090673686641477e-01 1.000000000000000000e+00
6.620251436329401828e-01 4.190071446624781260e-01 1.000000000000000000e+00
5.287214874264386522e-01 7.489283087606150024e-01 1.000000000000000000e+00
8.742541659205316229e-01 3.503691457579469759e-01 0.000000000000000000e+00
9.157340539202755147e-01 9.991640514980114629e-01 0.000000000000000000e+00
6.933476234833128027e-01 8.957565737249989501e-01 0.000000000000000000e+00
4.489360805893896078e-01 7.447850793439697581e-01 1.000000000000000000e+00
5.384942035449341580e-01 1.314544402080343177e-01 1.000000000000000000e+00
1.749427715154250329e-01 6.083345217676174865e-01 1.000000000000000000e+00
4.965931297596196670e-01 3.794930152421611691e-01 1.000000000000000000e+00
8.161583875731630577e-01 1.661452548741675361e-01 0.000000000000000000e+00
9.219532292294336795e-01 6.834878833190052294e-01 0.000000000000000000e+00
3.679378711563312532e-01 9.679970246210867213e-02 0.000000000000000000e+00
9.571480928815189193e-01 6.283415889550570954e-01 0.000000000000000000e+00
2.103147671503086125e-01 9.430796968860222229e-02 0.000000000000000000e+00
6.002677584278852674e-01 1.231529583017760832e-01 1.000000000000000000e+00
6.300024493555277383e-01 5.786880391518043343e-01 1.000000000000000000e+00
3.045179007008154137e-01 2.297832698464157275e-01 0.000000000000000000e+00
2.536275857196423900e-02 3.925576690645687927e-01 0.000000000000000000e+00
8.268662255265795125e-01 4.125754461293387187e-01 0.000000000000000000e+00
3.982369006019963464e-01 8.557092405611332886e-02 0.000000000000000000e+00
3.127732469893768075e-01 9.330743000928486408e-01 0.000000000000000000e+00
7.722121653283822162e-01 7.418493886317489849e-02 0.000000000000000000e+00
7.005646429047761581e-01 4.031693361657308072e-01 1.000000000000000000e+00
4.027489146947942356e-01 2.207619002998737479e-01 0.000000000000000000e+00
7.603694915189282977e-01 2.773328014689768750e-03 1.000000000000000000e+00
8.934059014350680394e-01 8.377593794977951092e-01 0.000000000000000000e+00
4.652104379540822343e-01 8.630943630539230638e-01 0.000000000000000000e+00
7.173928390850640158e-01 5.317212804912323509e-01 1.000000000000000000e+00
5.466606342217281700e-01 7.499086976667727056e-01 1.000000000000000000e+00
5.760931314042776474e-01 3.016356955088703717e-01 1.000000000000000000e+00
4.129191864374835985e-01 3.384274507369106066e-01 0.000000000000000000e+00
6.562740373920014081e-01 1.694097810748854682e-01 0.000000000000000000e+00
6.480028444305500068e-01 6.195554091514009487e-01 1.000000000000000000e+00
3.053010059923544350e-01 8.227592941545058824e-02 0.000000000000000000e+00
3.961353822245953227e-01 3.957457431094201228e-01 1.000000000000000000e+00
3.400084658294000306e-01 6.926592043726792491e-01 1.000000000000000000e+00
8.715904300258638937e-01 6.549988645767241824e-01 1.000000000000000000e+00
4.986276686281063686e-01 1.647160252824126925e-01 0.000000000000000000e+00
2.858717042803707864e-01 7.292564290303814589e-01 0.000000000000000000e+00
7.315336785622245097e-01 1.453886984086031342e-01 0.000000000000000000e+00
5.471971306975399463e-01 6.204392033719160482e-01 1.000000000000000000e+00
8.449320286480983544e-01 7.592514316891230131e-03 0.000000000000000000e+00
7.458096474342560400e-01 7.296776944897509498e-02 0.000000000000000000e+00
1.682879297279634701e-01 3.569892520978934503e-02 0.000000000000000000e+00
6.665714564296530975e-01 9.318368630950386589e-01 0.000000000000000000e+00
8.016935270536746927e-01 2.384310522877884919e-01 0.000000000000000000e+00
7.800963802204318176e-01 1.433749387136341591e-01 0.000000000000000000e+00
6.222848250053799601e-01 8.277315925280577247e-01 1.000000000000000000e+00
4.734845224849657530e-01 6.108433279004998884e-02 1.000000000000000000e+00
8.856146961488736702e-01 3.080548448689877095e-01 0.000000000000000000e+00
4.029149415863189088e-01 6.224304591031214473e-01 1.000000000000000000e+00
6.955271554475823681e-01 4.232421370847638808e-01 1.000000000000000000e+00
8.285299770983778345e-02 1.528567910008579167e-01 0.000000000000000000e+00
2.164201328528444490e-01 2.662977651411225777e-01 0.000000000000000000e+00
1.813406307159604047e-02 7.904357917103445041e-01 0.000000000000000000e+00
7.547476689128793659e-01 1.761951991435265485e-01 0.000000000000000000e+00
8.012391654226114213e-02 3.412555566749451152e-01 0.000000000000000000e+00
1.625258235611461988e-01 3.968187582429066884e-01 0.000000000000000000e+00
6.044309397951513896e-01 3.227981832903423776e-01 1.000000000000000000e+00
7.258214493125220157e-01 9.721427281166121759e-01 0.000000000000000000e+00
7.013621790371996623e-01 1.346326673900815063e-01 0.000000000000000000e+00
3.152769559612292882e-01 5.184346294263129096e-01 1.000000000000000000e+00
1.209581824333867406e-01 1.760452055455972165e-01 0.000000000000000000e+00
6.089743090388110014e-01 6.374321051487752410e-02 1.000000000000000000e+00
9.767608260288713762e-01 4.349550105291538626e-01 0.000000000000000000e+00
9.423401793674011095e-01 8.439806870922165194e-01 0.000000000000000000e+00
9.618892144357020779e-01 1.654922794703672650e-01 0.000000000000000000e+00
4.183904729512192278e-01 8.039735548958969469e-01 1.000000000000000000e+00
4.107724774216172658e-01 8.572648477093433028e-01 0.000000000000000000e+00
3.666722522369622039e-01 6.515653995569322676e-01 1.000000000000000000e+00
2.272912211214702660e-01 3.580615267760720588e-01 0.000000000000000000e+00
8.389740436657466827e-02 3.684017073957853716e-01 0.000000000000000000e+00
1.101874938295719364e-01 6.109183430948931237e-01 1.000000000000000000e+00
5.207884736780087342e-01 5.750621107096813844e-01 1.000000000000000000e+00
9.947478778021330292e-01 3.409881149145729262e-01 0.000000000000000000e+00
2.682263074162740679e-01 8.150757407475062166e-02 0.000000000000000000e+00
9.525483234099531016e-01 8.968169649238233454e-01 0.000000000000000000e+00
1.874676305540609045e-01 2.498290631200057454e-01 0.000000000000000000e+00
9.151490465672339480e-01 4.933968839853740684e-01 0.000000000000000000e+00
9.637204322603761808e-01 2.048270031267067637e-01 0.000000000000000000e+00
5.380153195864434412e-02 1.963983669577596958e-01 0.000000000000000000e+00
5.927379403536198188e-01 1.769269560754460624e-02 1.000000000000000000e+00
9.322911200882597615e-01 9.474950626926553765e-01 0.000000000000000000e+00
8.180420916516722984e-01 8.101972755093798106e-01 0.000000000000000000e+00
4.947516877950314251e-01 1.756785648153218471e-01 0.000000000000000000e+00
3.163057407747591476e-01 7.600048508588759244e-01 0.000000000000000000e+00
7.802526285199473666e-01 2.331782006691829334e-01 0.000000000000000000e+00
2.459760263606578512e-01 4.948427775753524438e-01 0.000000000000000000e+00
3.076582986313023405e-01 2.350129163561054391e-01 0.000000000000000000e+00
4.037104801247645147e-01 4.609488975458840843e-01 1.000000000000000000e+00
6.818086306413129183e-02 8.368681224901092230e-01 0.000000000000000000e+00
1.575565170722519337e-01 9.691668399441186743e-01 0.000000000000000000e+00
1.807147690341819324e-01 1.582485171472037822e-01 0.000000000000000000e+00
5.998571896645722434e-01 2.306187635245641188e-01 1.000000000000000000e+00
8.469758222481894583e-01 5.117112043673621713e-01 1.000000000000000000e+00
8.958548023474425248e-01 2.427449169977382581e-01 0.000000000000000000e+00
9.670951712357103158e-01 3.176906305955212728e-01 0.000000000000000000e+00
2.253543594501127290e-01 8.722652173178941926e-01 0.000000000000000000e+00
1.757111621438924853e-01 2.438486769924130826e-02 0.000000000000000000e+00
5.419170655092263589e-01 7.015423673725128539e-01 1.000000000000000000e+00
1.238991025515961963e-01 3.423374374485552707e-01 0.000000000000000000e+00
3.678742216625578987e-01 7.183546856402850400e-01 1.000000000000000000e+00
4.774010288890548903e-01 8.330269782975672221e-01 1.000000000000000000e+00
9.752684467735367457e-01 9.815567070546693529e-02 0.000000000000000000e+00
8.007725629498302355e-01 4.578856300489219100e-01 1.000000000000000000e+00
7.308344941853909260e-01 9.104116597859035487e-03 1.000000000000000000e+00
9.063311530410254058e-01 8.007357289800466349e-01 0.000000000000000000e+00
3.184120107152204060e-01 5.600063179709247052e-01 1.000000000000000000e+00
2.141382566011402755e-01 6.055324787326887837e-01 1.000000000000000000e+00
5.736465895236828594e-01 2.462180276094440012e-01 1.000000000000000000e+00
1.013680123449534065e-01 1.705010888845358563e-01 0.000000000000000000e+00
8.097615560032478399e-02 7.329417378763649626e-01 0.000000000000000000e+00
7.537130986805814503e-01 9.281516163294145638e-02 0.000000000000000000e+00
5.727131629181779759e-01 8.937406400866126921e-01 1.000000000000000000e+00
3.627452623417535271e-01 5.210109944986429653e-01 1.000000000000000000e+00
5.819892423454620101e-02 9.633866376315844970e-01 0.000000000000000000e+00
8.231273784248180903e-01 8.104787245993533285e-01 0.000000000000000000e+00
9.018103431990769359e-01 5.980562577827317483e-01 1.000000000000000000e+00
4.670595285605280145e-01 9.987301787687479226e-01 0.000000000000000000e+00
7.014706384901534530e-01 1.325982460912400462e-02 1.000000000000000000e+00
2.679613432919633054e-01 3.715696731616985327e-01 0.000000000000000000e+00
1.487542445854262985e-01 4.063307588024028805e-01 0.000000000000000000e+00
6.374266774368043675e-01 4.866072453279370880e-01 1.000000000000000000e+00
4.250598300515551209e-02 3.663452878687629699e-01 0.000000000000000000e+00
5.565689985925285077e-01 7.627654369517106181e-01 1.000000000000000000e+00
2.833614697626709589e-01 3.619613353086303942e-02 0.000000000000000000e+00
9.012823371394529381e-03 2.828648634864393552e-01 0.000000000000000000e+00
4.789197699323256563e-01 7.720830115806437410e-01 1.000000000000000000e+00
9.702149230115164613e-01 7.665214048512437595e-01 0.000000000000000000e+00
7.695740326416911081e-01 5.550645543120158454e-01 1.000000000000000000e+00
3.109257875259801018e-01 5.858129885895135835e-01 1.000000000000000000e+00
4.152055414199194994e-01 7.876825639847017113e-01 1.000000000000000000e+00
6.002730428610129065e-01 2.050009226758097158e-01 0.000000000000000000e+00
8.106665502386678490e-02 6.480308129568530529e-01 1.000000000000000000e+00
3.914531129434917212e-01 7.691121394756037510e-01 1.000000000000000000e+00
1.758028722050788417e-01 1.809191730471609860e-01 0.000000000000000000e+00
6.837155299932026198e-01 9.847198393798626270e-01 0.000000000000000000e+00
7.451582847772393325e-01 3.627399007404972231e-01 1.000000000000000000e+00
7.052205657363286306e-02 6.463926209055278482e-01 1.000000000000000000e+00
3.516883692034963316e-01 9.306707433894775283e-01 0.000000000000000000e+00
5.029899975997165207e-01 9.260983056831117999e-01 0.000000000000000000e+00
3.992303334024884798e-01 1.804031056855964765e-01 0.000000000000000000e+00
6.982806101867186088e-01 2.376897549777303720e-01 0.000000000000000000e+00
6.114913473149630185e-01 5.422978204336250663e-01 1.000000000000000000e+00
5.453068946860195609e-01 6.465283699937569573e-01 1.000000000000000000e+00
3.447774277363917506e-01 3.500107374688609108e-01 0.000000000000000000e+00
6.205186911617313061e-01 3.569403700587567840e-01 1.000000000000000000e+00
8.474685921012237166e-01 7.683226242067031642e-01 0.000000000000000000e+00
7.044510631688100100e-01 6.012375496031131528e-01 1.000000000000000000e+00
4.831836774298529091e-01 2.145419267477289837e-01 0.000000000000000000e+00
7.133281303539332763e-01 7.563243437835154293e-01 1.000000000000000000e+00
7.248217935645143717e-01 5.791440649061481150e-01 1.000000000000000000e+00
2.309544850223108625e-01 2.696756308356411669e-01 0.000000000000000000e+00
5.319310928943730143e-01 8.194285789666598818e-01 1.000000000000000000e+00
6.824963939692889614e-01 1.092692597281735845e-01 0.000000000000000000e+00
9.695535521213097807e-01 1.627896136932593940e-01 0.000000000000000000e+00
7.569312946858629543e-01 5.285226343429438867e-01 1.000000000000000000e+00
1.076378502507027157e-01 8.013068511956931150e-01 0.000000000000000000e+00
3.208941675235059687e-01 2.765277894193596264e-02 0.000000000000000000e+00
1.040055930232675063e-01 8.263746051603769738e-01 0.000000000000000000e+00
2.716357394291573080e-01 8.954592691124291237e-01 0.000000000000000000e+00
6.584694762827628667e-01 7.958646496751541344e-01 1.000000000000000000e+00
1.501917344393496334e-01 9.545414038088910758e-01 0.000000000000000000e+00
5.558340617229773351e-01 8.603785141490541966e-01 1.000000000000000000e+00
1.434151841557057550e-01 9.753898276558203850e-01 0.000000000000000000e+00
3.277807770893055306e-01 2.075281644000966930e-01 0.000000000000000000e+00
8.853509159192580746e-01 4.195069713457156846e-01 0.000000000000000000e+00
3.278504382074437506e-01 5.245102381020678717e-01 1.000000000000000000e+00
8.993834563430701534e-01 2.253144452016223598e-01 0.000000000000000000e+00
4.554685877904856017e-01 2.607816446601340932e-02 1.000000000000000000e+00
6.869773512289009121e-01 7.056795072558001980e-01 1.000000000000000000e+00
7.125695586339541032e-01 7.211873884756069275e-01 1.000000000000000000e+00
7.954347821353863202e-01 5.275067666328827620e-01 1.000000000000000000e+00
4.135870564336862065e-01 4.055381316176090989e-01 1.000000000000000000e+00
8.138597781709111523e-03 2.213366251526571737e-01 0.000000000000000000e+00
5.079312756222769121e-01 4.592457356338847108e-01 1.000000000000000000e+00
4.555607603426012897e-01 7.331323383713866937e-01 1.000000000000000000e+00
2.933049966064057434e-01 1.680926695478587307e-01 0.000000000000000000e+00
2.054559961940516377e-01 4.589800442491968058e-01 0.000000000000000000e+00
8.578239646167080679e-01 9.364602122534780859e-01 0.000000000000000000e+00
5.302426740849264242e-01 9.911394533955668606e-01 0.000000000000000000e+00
7.782828760609663554e-01 4.471398920969111845e-01 1.000000000000000000e+00
3.899626262773525642e-02 8.567178617709196864e-01 0.000000000000000000e+00
5.122967832951669243e-01 5.190025731307852386e-01 1.000000000000000000e+00
6.184751867755623467e-01 6.741668098893482952e-02 1.000000000000000000e+00
9.545309097920920971e-01 3.302449732723009568e-01 0.000000000000000000e+00
6.127526158715734805e-01 8.085279915599203893e-01 1.000000000000000000e+00
1.815149677844862808e-01 2.951553311648629219e-01 0.000000000000000000e+00
4.939735885647267288e-01 7.648098394397264688e-01 1.000000000000000000e+00
3.074898322707775300e-01 7.791330649389935914e-01 0.000000000000000000e+00
9.926929192421485304e-01 5.467379360692163903e-01 0.000000000000000000e+00
4.905297144486508998e-01 1.523571534418288742e-02 1.000000000000000000e+00
2.458133944025802098e-01 8.891959474872173086e-01 0.000000000000000000e+00
7.199197292438734852e-01 9.376553391218143130e-01 0.000000000000000000e+00
3.371869011857312470e-01 1.011008789502486627e-01 0.000000000000000000e+00
3.706284641294961268e-01 9.113034354523641412e-02 0.000000000000000000e+00
7.186477257280189379e-01 3.547924560622841561e-01 1.000000000000000000e+00
4.568004525741139465e-01 2.687930504956407285e-01 0.000000000000000000e+00
6.575150083661616129e-01 4.592812898302568447e-01 1.000000000000000000e+00
5.769443949723161991e-01 2.066611702766329994e-01 0.000000000000000000e+00
5.509450354798109961e-01 7.157643798580681782e-02 1.000000000000000000e+00
2.870585316236284878e-02 2.159494516690211308e-01 0.000000000000000000e+00
6.624764331112620308e-02 3.229716613952061666e-01 0.000000000000000000e+00
9.346225035881082777e-01 7.158541106881657345e-01 0.000000000000000000e+00
8.359834052161425610e-01 3.925643406978289729e-01 0.000000000000000000e+00
7.246086259102897387e-01 8.695394468498505169e-01 0.000000000000000000e+00
7.993947485276459153e-01 3.515951244573916057e-01 0.000000000000000000e+00
7.865275763743272419e-01 1.521768905543063877e-01 0.000000000000000000e+00
5.210023871341478152e-01 4.566166777318285686e-01 1.000000000000000000e+00
7.004593919133542679e-01 3.956726562755841226e-01 1.000000000000000000e+00
7.556177304884365009e-01 4.289708496741005961e-01 1.000000000000000000e+00
4.981968864832734267e-01 1.195510644130168831e-01 0.000000000000000000e+00
5.710953905805635777e-01 1.727304154533867431e-01 1.000000000000000000e+00
2.392253141693740925e-01 6.206381474196207559e-01 1.000000000000000000e+00
9.661650193193328517e-01 1.878488405746328027e-01 0.000000000000000000e+00
1.487645871784910589e-01 5.121891259761697235e-01 0.000000000000000000e+00
3.033041027964031855e-01 4.295593909060135829e-01 0.000000000000000000e+00
4.707372029116007051e-01 3.761964453652574258e-01 1.000000000000000000e+00
6.356922427588065361e-01 7.719361231805850210e-01 1.000000000000000000e+00
5.680542334575038321e-01 3.232667049328595832e-01 1.000000000000000000e+00
6.206393485536209065e-01 1.877683477884046770e-01 0.000000000000000000e+00
7.000347314890148498e-01 6.975941501861847582e-01 1.000000000000000000e+00
8.425489253300240122e-01 7.048030279378447727e-02 0.000000000000000000e+00
4.653232864299309268e-01 6.964405174521822728e-01 1.000000000000000000e+00
7.558228067236316683e-02 3.268747015877363493e-01 0.000000000000000000e+00
8.980189782673096976e-01 8.447535599874982370e-01 0.000000000000000000e+00
2.904237548291661586e-01 1.125458731373202292e-01 0.000000000000000000e+00
3.000368425471748868e-01 6.771062836610295399e-01 1.000000000000000000e+00
7.484805791855032586e-01 2.768468340077157031e-01 0.000000000000000000e+00
9.332448724423353381e-01 1.067143077904217918e-01 0.000000000000000000e+00
6.663193823373766422e-01 3.828239684174962187e-01 1.000000000000000000e+00
9.081927440844627109e-01 4.251910969323570155e-01 0.000000000000000000e+00
6.604889360090105965e-01 1.926454547295020081e-02 1.000000000000000000e+00
9.185644737166109852e-02 3.654595587127441592e-01 0.000000000000000000e+00
5.590482588658097773e-01 7.768949594912555323e-01 1.000000000000000000e+00
7.594075985817492214e-01 9.050663534770377883e-01 0.000000000000000000e+00
4.949561481708381061e-01 3.941953312437600498e-01 1.000000000000000000e+00
4.046104137878536733e-02 7.599570618745545847e-01 0.000000000000000000e+00
8.706063033217856795e-01 1.056239576634485644e-01 0.000000000000000000e+00
5.370585596378295579e-01 9.544848305564308522e-01 0.000000000000000000e+00
2.054108186378755807e-02 1.515085161276411574e-01 0.000000000000000000e+00
2.406596844245489919e-04 1.163210127602155586e-01 0.000000000000000000e+00
6.780127754292989417e-01 5.080448985535521711e-01 1.000000000000000000e+00
5.812425171539754576e-01 9.736618861034199712e-01 1.000000000000000000e+00
9.743456727127617345e-01 5.948878739808995952e-01 1.000000000000000000e+00
1.360275068442925450e-01 1.390563471920310823e-01 0.000000000000000000e+00
9.429728265206727134e-02 1.932584277824069829e-01 0.000000000000000000e+00
1.908389950149279590e-01 9.806360257560788884e-01 0.000000000000000000e+00
9.557596375704519032e-01 1.046845744209408124e-01 0.000000000000000000e+00
6.272638750932869600e-01 8.188527092445129218e-01 1.000000000000000000e+00
2.617904983750840575e-02 5.336345012795444820e-01 1.000000000000000000e+00
7.259503735702468319e-01 6.521263134400805406e-01 1.000000000000000000e+00
7.955716215766478472e-01 6.316925714195821273e-01 1.000000000000000000e+00
3.941712065522322561e-01 6.564661790678305575e-02 0.000000000000000000e+00
2.738235821664571912e-01 8.014725699568943096e-01 0.000000000000000000e+00
6.882846906171217194e-01 1.551994546434011246e-01 0.000000000000000000e+00
9.261844510090885274e-01 6.792491548260687351e-01 0.000000000000000000e+00
4.674039479864635638e-01 1.106754230139929129e-01 0.000000000000000000e+00
2.558180307302501122e-01 9.655513753786580944e-01 0.000000000000000000e+00
3.123665247042989312e-01 6.014141333584405169e-01 1.000000000000000000e+00
8.626592827000861829e-01 4.440279333240187976e-01 0.000000000000000000e+00
4.220420203020752714e-01 9.013395463201052671e-01 0.000000000000000000e+00
3.887449371994984304e-01 9.990033973402516754e-01 0.000000000000000000e+00
2.672137345558474042e-01 8.953406375141047535e-01 0.000000000000000000e+00
8.361587781135951802e-01 5.833822727474745617e-01 1.000000000000000000e+00
7.134417629913337722e-01 7.826829385198487143e-01 1.000000000000000000e+00
8.062704514861229743e-01 8.325271505409413964e-01 0.000000000000000000e+00
7.133222660662750236e-01 5.886624528686330571e-01 1.000000000000000000e+00
2.333690580358167566e-01 7.590568161677113679e-01 0.000000000000000000e+00
7.301114455634708511e-01 7.244956411272562846e-02 0.000000000000000000e+00
6.330935718453870598e-01 6.185783913723994498e-01 1.000000000000000000e+00
5.124502436030243802e-01 9.863381998347942048e-02 1.000000000000000000e+00
8.295097980651987557e-01 6.758849762471926814e-01 1.000000000000000000e+00
4.324150351495854583e-01 8.083541876259822123e-01 1.000000000000000000e+00
8.832061005587605873e-01 9.745400743728901416e-01 0.000000000000000000e+00
4.547067235121018403e-01 5.937170275695500266e-01 1.000000000000000000e+00
8.023656537056300664e-02 3.774351660896243521e-01 0.000000000000000000e+00
5.861226618121898602e-01 4.106255833316869719e-01 1.000000000000000000e+00
9.718955287905851614e-01 7.579991420913256839e-01 0.000000000000000000e+00
6.325930807758640695e-01 2.834658410590626954e-01 1.000000000000000000e+00
7.189495444706999194e-01 3.279708792157960406e-01 1.000000000000000000e+00
7.962948244075495063e-01 5.890420902824411442e-01 1.000000000000000000e+00
4.989852943651538197e-01 3.730008088573097957e-01 1.000000000000000000e+00
6.915563417864881712e-01 9.773148532138636879e-01 0.000000000000000000e+00
2.099509341897193293e-01 6.425642512906271087e-01 0.000000000000000000e+00
8.270656631661735814e-01 8.418284223182117554e-01 0.000000000000000000e+00
7.748207739887449375e-01 6.305951078300551238e-01 1.000000000000000000e+00
1.758929989926922843e-01 2.576652665082886928e-01 0.000000000000000000e+00
3.414214883563755354e-01 6.326490524039817265e-01 1.000000000000000000e+00
9.796360626026173746e-01 9.875979353698542962e-01 0.000000000000000000e+00
9.618637475743331278e-01 3.934382690187707698e-01 0.000000000000000000e+00
5.031696207760291140e-01 8.927549203262635791e-01 1.000000000000000000e+00
6.711068995870713705e-01 4.886417825266506920e-01 1.000000000000000000e+00
1.797554978842887952e-01 9.497945470441609972e-01 0.000000000000000000e+00
2.095336300818255726e-01 3.458463453306870328e-02 0.000000000000000000e+00
1.313247721047735572e-01 5.683078529551207625e-01 1.000000000000000000e+00
7.819648223558883782e-02 7.115110147170938815e-01 0.000000000000000000e+00
2.439332521290593636e-02 9.184035633421276934e-01 0.000000000000000000e+00
9.117162769853147664e-01 6.398985784814167355e-01 1.000000000000000000e+00
7.977731886264016747e-01 9.220429214672525298e-01 0.000000000000000000e+00
1.547205624298558790e-01 4.380533999374180976e-01 0.000000000000000000e+00
4.994469205313734061e-02 7.726737240401725382e-01 0.000000000000000000e+00
3.179185989990543915e-01 3.724444240809997586e-01 0.000000000000000000e+00
5.045498055181552033e-02 4.838242323225118158e-01 1.000000000000000000e+00
7.235804759559881782e-01 3.965295758492193290e-02 1.000000000000000000e+00
3.200521208860305222e-01 9.105718584271219607e-01 0.000000000000000000e+00
7.184199339814130170e-01 9.626453641808802031e-01 0.000000000000000000e+00
3.242370328594028628e-01 8.756505856815840483e-01 0.000000000000000000e+00
8.252720766613808046e-01 5.000945335938924430e-01 1.000000000000000000e+00
7.288574362311756039e-01 2.252953269043092011e-01 0.000000000000000000e+00
5.137639878906634650e-01 3.946097295297809060e-01 1.000000000000000000e+00
1.477655493887515270e-01 4.305045444505994912e-01 0.000000000000000000e+00
3.237364706009425719e-01 4.941132252273322534e-01 1.000000000000000000e+00
9.426084246552690615e-01 6.660269013084640921e-02 0.000000000000000000e+00
7.802808879194463865e-01 2.012155840214701064e-01 0.000000000000000000e+00
8.089856006761394491e-01 1.712784259993124225e-01 0.000000000000000000e+00
8.753433580406668746e-01 5.938246967991244185e-01 1.000000000000000000e+00
4.439645557865257164e-02 6.004564924718198693e-01 1.000000000000000000e+00
6.064891650501108566e-01 4.522943896930025076e-01 1.000000000000000000e+00
3.163897395193208117e-01 9.208739958159628536e-02 0.000000000000000000e+00
8.307490413392654149e-01 5.173618597664070284e-01 1.000000000000000000e+00
1.582190496321422835e-01 9.697268962340359622e-01 0.000000000000000000e+00
7.763896333105579917e-02 7.411122685363947804e-01 0.000000000000000000e+00
8.290550793422462039e-01 6.502360528745017021e-01 1.000000000000000000e+00
7.562150016068419633e-01 4.787845013098460667e-01 1.000000000000000000e+00
7.420692542741879061e-01 9.874414951933102591e-01 0.000000000000000000e+00
7.913444597118790558e-01 6.293963875952082176e-01 1.000000000000000000e+00
8.601716672254074991e-01 1.416072053970078848e-01 0.000000000000000000e+00
6.744359096059928671e-01 8.039323581248227768e-01 1.000000000000000000e+00
9.793836950772432104e-01 9.262845833535974238e-01 0.000000000000000000e+00
9.653814431429754706e-01 2.774253603097764920e-01 0.000000000000000000e+00
4.297129533614696406e-02 8.377980617058997659e-01 0.000000000000000000e+00
8.963670929902550766e-01 8.514123699572611059e-01 0.000000000000000000e+00
3.409438412245212602e-01 5.131179120629227874e-01 1.000000000000000000e+00
8.976082731761536593e-02 2.724919172078128504e-01 0.000000000000000000e+00
6.299887600512112940e-01 2.976330736864647442e-01 1.000000000000000000e+00
4.075905335385493489e-01 8.978203920363522217e-01 0.000000000000000000e+00
6.905250499240846995e-01 2.047941273073548007e-01 0.000000000000000000e+00
6.398863725478799447e-01 1.086502270042788432e-02 1.000000000000000000e+00
6.315396268918749278e-01 8.991175749136440798e-01 1.000000000000000000e+00
5.935277403281445929e-01 8.332636179224055528e-01 1.000000000000000000e+00
2.020249053117405547e-01 9.844159157425690365e-01 0.000000000000000000e+00
1.426605906988981376e-01 8.138174978668866189e-01 0.000000000000000000e+00
7.818816791801774801e-02 5.064067488014216689e-01 1.000000000000000000e+00
9.213013978262816206e-01 9.346220326570697789e-02 0.000000000000000000e+00
5.835612997846021388e-01 2.482633556442784828e-01 1.000000000000000000e+00
1.205914653849554652e-01 8.070375542724292917e-01 0.000000000000000000e+00
1.554504183432174891e-01 2.538822756110260537e-01 0.000000000000000000e+00
2.317761162055507196e-01 1.644099288731215580e-04 0.000000000000000000e+00
2.136887898114505635e-01 9.799433067342691039e-01 0.000000000000000000e+00
7.975640210661736340e-01 6.693726790804155335e-02 0.000000000000000000e+00
8.361947945287234729e-01 1.976821641191887080e-01 0.000000000000000000e+00
5.359930863877857554e-01 6.157671249056215768e-01 1.000000000000000000e+00
7.188506622311869876e-01 3.110722989315606313e-02 1.000000000000000000e+00
2.936725389876589931e-01 2.182555666036009034e-01 0.000000000000000000e+00
5.866104127413075409e-01 9.015351174128695133e-01 1.000000000000000000e+00
8.498340775910615541e-01 4.570118819214099570e-01 0.000000000000000000e+00
3.707195940453970051e-01 4.740637086893900731e-01 1.000000000000000000e+00
3.019188443063244298e-01 1.776476218872475865e-01 0.000000000000000000e+00
6.232312136466124919e-01 9.223168613472798594e-02 1.000000000000000000e+00
2.810262221856355547e-01 7.535329024849340973e-01 0.000000000000000000e+00
6.176291929736215103e-01 3.802244160010617158e-01 1.000000000000000000e+00
1.638088650255183909e-01 7.706884093601916730e-01 0.000000000000000000e+00
7.205105303489888202e-01 9.563385672752781064e-01 0.000000000000000000e+00
4.100023910728589627e-02 5.975885876003715902e-01 1.000000000000000000e+00
6.746444130470394818e-01 6.479582299044071014e-01 1.000000000000000000e+00
1.207677878505721836e-01 4.018413760121691825e-01 0.000000000000000000e+00
9.759418079077525343e-01 5.042280345544087883e-01 0.000000000000000000e+00
6.244623352701160757e-01 7.443169701510500280e-01 1.000000000000000000e+00
7.838752015094737624e-01 4.433074084670282078e-01 1.000000000000000000e+00
5.641378517105811730e-01 4.685225672385774365e-01 1.000000000000000000e+00
5.316228733610753876e-01 8.520940719302384503e-01 1.000000000000000000e+00
1.925556868571892677e-01 2.556389589307660470e-01 0.000000000000000000e+00
4.515096040460609972e-01 2.487238799642608189e-01 0.000000000000000000e+00
5.039096801298872386e-01 3.397360176943607923e-01 1.000000000000000000e+00
1.606577396260187029e-01 3.395648119542945542e-01 0.000000000000000000e+00
5.256860267123473207e-01 8.515503818905124644e-01 1.000000000000000000e+00
3.597605328885042919e-01 3.011106362705671113e-01 0.000000000000000000e+00
9.113349860763757526e-01 1.536771221660101494e-01 0.000000000000000000e+00
8.584175276578812630e-01 1.192484965621284365e-01 0.000000000000000000e+00
8.990791153071979736e-01 8.002936884546215657e-01 0.000000000000000000e+00
1.127414509983756252e-01 6.731095994583459197e-01 0.000000000000000000e+00
3.564554005684008597e-01 1.989406048523750803e-01 0.000000000000000000e+00
6.119156194940758020e-01 2.225199212330956078e-01 1.000000000000000000e+00
6.260889767548513118e-01 5.977421790425919701e-01 1.000000000000000000e+00
3.554023952338259962e-01 2.565019135255308669e-02 0.000000000000000000e+00
3.419882692961639936e-02 6.817971747638817970e-02 0.000000000000000000e+00
3.572447985562866579e-01 9.385596402768883184e-01 0.000000000000000000e+00
3.013673961796696776e-01 5.842503975226090995e-01 1.000000000000000000e+00
8.910583575273819390e-01 6.301272132339330589e-01 1.000000000000000000e+00
7.853840502138509372e-02 1.734062478349509551e-01 0.000000000000000000e+00
8.537112967161701871e-01 1.451442730749727961e-01 0.000000000000000000e+00
8.740995462794578508e-01 6.626008836087390330e-01 1.000000000000000000e+00
2.635506341106670369e-01 7.094247574525284206e-01 0.000000000000000000e+00
1.367792959889081450e-01 9.696611558727751268e-01 0.000000000000000000e+00
4.419952794018483511e-01 6.975409839973605308e-01 1.000000000000000000e+00
7.625209101477085083e-01 8.470091867455620260e-03 1.000000000000000000e+00
6.997849385970243974e-01 2.703093456873907341e-01 0.000000000000000000e+00
2.610329770919873615e-01 4.526094712747996684e-01 0.000000000000000000e+00
9.393725507044581313e-01 4.450187348136412924e-01 0.000000000000000000e+00
1.863139312997300623e-01 9.062051987773608319e-01 0.000000000000000000e+00
8.579574725811404123e-01 9.114517422755386011e-01 0.000000000000000000e+00
4.483054544528864982e-01 1.390123353223772229e-01 0.000000000000000000e+00
5.785535967091272047e-01 1.774461965879232661e-01 1.000000000000000000e+00
8.441591527656783223e-01 4.060901696034699970e-01 0.000000000000000000e+00
8.735087665981173810e-01 9.965268922660508455e-01 0.000000000000000000e+00
9.778702750111482045e-01 4.353663967996018735e-01 0.000000000000000000e+00
6.208478952334286483e-01 6.610834357544872475e-01 1.000000000000000000e+00
6.840350235957975977e-01 6.284975126831002790e-01 1.000000000000000000e+00
7.239862147029855199e-01 1.499592346258156184e-01 0.000000000000000000e+00
2.170036933278357560e-01 8.136409153114645409e-01 0.000000000000000000e+00
9.501101434055555517e-01 7.195935283789562931e-01 0.000000000000000000e+00
7.645071486056898014e-01 1.581907484415915333e-01 0.000000000000000000e+00
2.042423796529438951e-01 8.330576685221966482e-01 0.000000000000000000e+00
7.645083231700728899e-01 2.617867240637281601e-01 0.000000000000000000e+00
5.512072026913381606e-01 6.007788615305582614e-01 1.000000000000000000e+00
6.168054443824608768e-01 1.879818698011124223e-01 0.000000000000000000e+00
8.821160841926347640e-01 8.389486902826018833e-01 0.000000000000000000e+00
9.232087411283808054e-01 3.963436794587987810e-01 0.000000000000000000e+00
3.851706228143376709e-01 8.533140050021386092e-01 0.000000000000000000e+00
1.995642354842461774e-01 6.042463002472043820e-01 0.000000000000000000e+00
8.149246123849498424e-01 5.926832664313408383e-02 0.000000000000000000e+00
5.179496386171601463e-01 8.629508908899503616e-01 1.000000000000000000e+00
5.090591644902822122e-01 1.638550289764997281e-01 0.000000000000000000e+00
8.901739944747800726e-01 7.083258659381838074e-01 0.000000000000000000e+00
7.330745582832149942e-01 9.733241771424891997e-01 0.000000000000000000e+00
7.661328757529666245e-01 3.340358928732540811e-01 0.000000000000000000e+00
9.256147152503986231e-01 1.145409857370589535e-01 0.000000000000000000e+00
1.812330840955701516e-01 9.049319901422913093e-01 0.000000000000000000e+00
7.324468790258642503e-01 6.553376575671475690e-01 1.000000000000000000e+00
8.300044904614921615e-01 7.393615724277228241e-01 1.000000000000000000e+00
2.884700778832182122e-01 6.395691427614207392e-01 1.000000000000000000e+00
9.761616392338402504e-01 8.537259636475128532e-01 0.000000000000000000e+00
7.097271779999025920e-02 5.236229938678464979e-01 1.000000000000000000e+00
7.335024149356340617e-01 4.143096467549941542e-01 1.000000000000000000e+00
8.555251518972460945e-01 1.484295980438979923e-01 0.000000000000000000e+00
9.378202111710176592e-01 5.425193870628484127e-01 0.000000000000000000e+00
2.069208066811880631e-01 9.992432372137467489e-01 0.000000000000000000e+00
4.939811845265891233e-01 4.973185983705540325e-01 1.000000000000000000e+00
9.687858641368241042e-02 1.395743899560656365e-01 0.000000000000000000e+00
7.523376449437080282e-02 8.909680159608537320e-01 0.000000000000000000e+00
8.038476204813580495e-01 9.858068489075244578e-01 0.000000000000000000e+00
2.888358511079228697e-01 2.692421053497007222e-02 0.000000000000000000e+00
4.466437217992463848e-01 4.770644946890699734e-01 1.000000000000000000e+00
6.200800052964776654e-01 6.010845377139987233e-01 1.000000000000000000e+00
3.390445098895383813e-01 2.755462772596523058e-01 0.000000000000000000e+00
8.708375660788959527e-01 1.040416659927079213e-01 0.000000000000000000e+00
2.795291006228035613e-01 7.847697866062155470e-01 0.000000000000000000e+00
6.096503514981415073e-01 5.413863742737528018e-01 1.000000000000000000e+00
5.364069233008074145e-01 6.647788730229987619e-01 1.000000000000000000e+00
3.115044052342152980e-01 5.265525951755611889e-02 0.000000000000000000e+00
2.745989514276314658e-01 6.806303032827152322e-01 0.000000000000000000e+00
8.109886855261656535e-01 7.780842699458893064e-01 0.000000000000000000e+00
4.450344951603900645e-01 6.763080076831435861e-01 1.000000000000000000e+00
1.417351669245995316e-01 5.843147410189634128e-01 1.000000000000000000e+00
6.688249541939143006e-01 1.024272312628912163e-01 1.000000000000000000e+00
3.438293481352944214e-01 6.094513181308627292e-01 1.000000000000000000e+00
9.826197185137778289e-01 3.333157961988458817e-01 0.000000000000000000e+00
7.458401984771431126e-01 8.398835978103810218e-01 0.000000000000000000e+00
2.408501102011506578e-01 8.599367821973044057e-01 0.000000000000000000e+00
2.028459440895968857e-01 7.290008586639086241e-01 0.000000000000000000e+00
9.023297509732727262e-01 3.609196255609723458e-01 0.000000000000000000e+00
8.480216678334278058e-01 7.661248798266304672e-01 0.000000000000000000e+00
1.990128516238606204e-01 4.232336669940383045e-01 0.000000000000000000e+00
7.420858402480613458e-01 7.959213422844304553e-01 1.000000000000000000e+00
5.211308415770178337e-01 8.129919030109058475e-01 1.000000000000000000e+00
5.978344292884028022e-01 6.558419376159342340e-01 1.000000000000000000e+00
6.194528299581271158e-01 1.155276574099365350e-01 1.000000000000000000e+00
5.634775467197649101e-01 9.261689575667172436e-01 1.000000000000000000e+00
4.819231610530969601e-01 1.815395227788243471e-01 0.000000000000000000e+00
4.225763290830188978e-01 6.313933727503620030e-01 1.000000000000000000e+00
7.181544065655908193e-01 7.493440573938617844e-01 1.000000000000000000e+00
8.088705238594046110e-01 5.802114407131169216e-01 1.000000000000000000e+00
4.949978592652757303e-01 5.772930216180746088e-01 1.000000000000000000e+00
2.602072468086106261e-01 2.273696947833242499e-01 0.000000000000000000e+00
2.955008206457484521e-01 2.544869038806640837e-01 0.000000000000000000e+00
1.560944139804565367e-03 2.040038659936700416e-01 0.000000000000000000e+00
9.020996483813491507e-01 6.941741847494294904e-01 0.000000000000000000e+00
4.270529170277925779e-02 8.861435191318247639e-01 0.000000000000000000e+00
5.871184571891395754e-01 5.812819871158241281e-01 1.000000000000000000e+00
4.041668101492520426e-01 6.509761331507284421e-01 1.000000000000000000e+00
8.002420370011161799e-01 7.064877662531656721e-01 1.000000000000000000e+00
1.070703878295589107e-01 4.138531181013501703e-01 0.000000000000000000e+00
6.020234803485254860e-01 6.393468857943130912e-01 1.000000000000000000e+00
9.746665312882814014e-01 8.816864047419342709e-01 0.000000000000000000e+00
5.068139550970381935e-01 3.856828969483139247e-03 1.000000000000000000e+00
1.927266058400970428e-01 6.218602916732935970e-01 0.000000000000000000e+00
3.918619788346289212e-03 4.024514718484963893e-01 1.000000000000000000e+00
6.317381652499655109e-01 8.907109181460403091e-01 1.000000000000000000e+00
2.453799031447058132e-01 4.191640524419513181e-01 0.000000000000000000e+00
1.649330756791710373e-01 5.447032616162292840e-01 0.000000000000000000e+00
4.401986224607925546e-01 9.622134990486197470e-02 0.000000000000000000e+00
4.694453660174101595e-01 5.765131422236958736e-01 1.000000000000000000e+00
7.040049012529250305e-01 7.549459904540812838e-01 1.000000000000000000e+00
7.041829949951182721e-01 5.892306522388457424e-02 1.000000000000000000e+00
3.520941643107455832e-02 8.593522700584144136e-02 0.000000000000000000e+00
5.622891056858310144e-01 9.498414051954517934e-02 1.000000000000000000e+00
1.407467602063511292e-01 6.284102889785309065e-01 1.000000000000000000e+00
8.297009560033921094e-01 9.612793771908212381e-01 0.000000000000000000e+00
1.108380921341270975e-01 4.845655228823678717e-01 0.000000000000000000e+00
5.354445098243324486e-01 6.840085486110009105e-01 1.000000000000000000e+00
2.066638675151103444e-01 5.068053035027920705e-01 0.000000000000000000e+00
5.901642872094594594e-01 4.566675895971415988e-01 1.000000000000000000e+00
3.717485268251429220e-01 5.771032706839296367e-01 1.000000000000000000e+00
1.609120800189477452e-01 3.667112823585354509e-01 0.000000000000000000e+00
9.997601032713254732e-01 4.889078931654091686e-01 0.000000000000000000e+00
8.861895423103581804e-01 8.975582985035720496e-01 0.000000000000000000e+00
1.588489354572640844e-01 9.939755039371015455e-01 0.000000000000000000e+00
1.917376496841494138e-02 7.333237642401176926e-01 1.000000000000000000e+00
3.508716747073401532e-01 4.405406109913988510e-01 1.000000000000000000e+00
9.404958278192251386e-01 2.814231777721544203e-01 0.000000000000000000e+00
7.876891413851265789e-01 2.438285464156788596e-01 0.000000000000000000e+00
6.731442492219474882e-01 8.492692338795433393e-01 1.000000000000000000e+00
9.791003992918145826e-01 3.481769141683055402e-01 0.000000000000000000e+00
8.387597642079707150e-01 1.115619876537817801e-01 0.000000000000000000e+00
8.384217852841274743e-01 3.188697047828896736e-01 0.000000000000000000e+00
5.539584993112639522e-01 2.148877767626721225e-01 0.000000000000000000e+00
7.829393533324723320e-01 6.684623477736784114e-02 0.000000000000000000e+00
2.476418827720731075e-01 5.653505335192655634e-01 1.000000000000000000e+00
3.565792266053440240e-01 7.032084017010420407e-02 0.000000000000000000e+00
3.992153292799310860e-01 7.400196004978543129e-03 0.000000000000000000e+00
7.984239546798949094e-01 8.801918438253935051e-01 0.000000000000000000e+00
7.816615815748205742e-01 9.814508801412807903e-01 0.000000000000000000e+00
7.915651906183462927e-02 2.051511868735466093e-01 0.000000000000000000e+00
8.227803878823951589e-01 1.626432883632289439e-01 0.000000000000000000e+00
8.996462002778808920e-01 8.695389053954946101e-01 0.000000000000000000e+00
2.338977549767807806e-01 8.677254404598574444e-01 0.000000000000000000e+00
1.666364023540242156e-01 6.134392052668131701e-01 1.000000000000000000e+00
7.511846176999215086e-01 7.760277946044902286e-02 0.000000000000000000e+00
1.779138268813895696e-01 5.805582856595994379e-01 1.000000000000000000e+00
8.531161969037187598e-01 1.716543058625896734e-02 0.000000000000000000e+00
9.063333660677633796e-01 8.049071954677406993e-01 0.000000000000000000e+00
4.030948786636687764e-01 4.263605593520883863e-01 1.000000000000000000e+00
4.924370108163800275e-02 7.318341505934942148e-01 1.000000000000000000e+00
5.317846200779718924e-02 2.319241809857671699e-01 0.000000000000000000e+00
8.946258103461645073e-01 9.327665119205674760e-01 0.000000000000000000e+00
4.206558302550704731e-01 6.067641520668758393e-01 1.000000000000000000e+00
9.230324238513710755e-01 6.532787432955282636e-01 0.000000000000000000e+00
9.678934702455846972e-01 8.513383847956639272e-01 0.000000000000000000e+00
2.634163966015375946e-01 6.181199052195363031e-02 0.000000000000000000e+00
4.447997434193229349e-02 7.598732433050819912e-01 0.000000000000000000e+00
9.419264978128858434e-01 2.883830544210344016e-01 0.000000000000000000e+00
2.750576718185212544e-01 5.571184965174491577e-01 1.000000000000000000e+00
8.407141177764421158e-02 8.944340151804757166e-01 0.000000000000000000e+00
6.217129004365929967e-01 6.807305256806850391e-02 1.000000000000000000e+00
1.780812735710668449e-01 6.939846613401975395e-01 0.000000000000000000e+00
2.238912551944637341e-01 5.697763853836514958e-01 1.000000000000000000e+00
8.735812654692850510e-01 3.603120871708358486e-01 0.000000000000000000e+00
4.509171182095070840e-01 2.398999843946477695e-01 0.000000000000000000e+00
1.415463409357977653e-01 6.780105301287376873e-01 0.000000000000000000e+00
9.073601515884524016e-01 8.227703757501937387e-01 0.000000000000000000e+00
9.817196619505920152e-01 5.970528295366733795e-01 0.000000000000000000e+00
8.740746637448310041e-01 1.604839248249234629e-02 0.000000000000000000e+00
1.139114129074633164e-01 6.093254456183554435e-01 1.000000000000000000e+00
9.929096439951526909e-01 9.161112498767554069e-02 0.000000000000000000e+00
8.067146031844217857e-01 2.596640913601515610e-01 0.000000000000000000e+00
5.425324926640870959e-01 8.880858643105937755e-02 1.000000000000000000e+00
7.052346608259485450e-04 2.829216137398361530e-01 0.000000000000000000e+00
7.927141109355019255e-01 7.650483475099031372e-01 1.000000000000000000e+00
2.446548634093215213e-02 8.584151389635920060e-01 0.000000000000000000e+00
5.987809412768274608e-02 4.365149387027433825e-02 0.000000000000000000e+00
9.359665146565798732e-02 5.431717650947190945e-01 1.000000000000000000e+00
5.533300199396240515e-01 4.744878020502846239e-01 1.000000000000000000e+00
5.628168180716467406e-01 9.816470570998800937e-01 0.000000000000000000e+00
3.131239078881065119e-02 4.615486370758364876e-01 1.000000000000000000e+00
4.591928098232624933e-01 6.781035057542424971e-01 1.000000000000000000e+00
2.851989929266262047e-01 5.612597621272162884e-01 1.000000000000000000e+00
3.318357001181312382e-01 5.175222706929122340e-01 1.000000000000000000e+00
9.753744784651274813e-02 2.701756825064455247e-01 0.000000000000000000e+00
7.632428706096415771e-01 7.971718591507929164e-01 1.000000000000000000e+00
7.508557676840268424e-01 4.067610427316512567e-01 1.000000000000000000e+00
4.026354679882736542e-01 3.742429009604745227e-01 0.000000000000000000e+00
4.998076200793383217e-01 5.506118075729412586e-01 1.000000000000000000e+00
4.629492037002463922e-01 1.052674445764623101e-02 1.000000000000000000e+00
9.418350534310926392e-02 1.684219715890938884e-01 0.000000000000000000e+00
9.941156860679675189e-01 9.776595984335613165e-01 0.000000000000000000e+00
6.018629274822173691e-02 8.987448371528854452e-01 0.000000000000000000e+00
5.304250695607378718e-01 3.130447221247227851e-01 1.000000000000000000e+00
4.104790874756516494e-01 5.037092400513558665e-01 1.000000000000000000e+00
3.881961299067593352e-02 6.279405332544910623e-01 1.000000000000000000e+00
8.656855960845858400e-01 7.578445691688878716e-01 0.000000000000000000e+00
9.298549756236251795e-01 5.231303957341318922e-01 0.000000000000000000e+00
3.836118298450661435e-01 7.952721070376561618e-01 0.000000000000000000e+00
2.584571562670845424e-01 5.432497225949493025e-01 1.000000000000000000e+00
5.174956707431631608e-01 1.814592461441171256e-01 0.000000000000000000e+00
2.018886208873796884e-01 8.587372603546414851e-01 0.000000000000000000e+00
3.353384237518025612e-01 9.185805820778654152e-01 0.000000000000000000e+00
5.857180937466996973e-01 5.166521060762738760e-01 1.000000000000000000e+00
6.421338932645668240e-01 9.797967107522673746e-01 0.000000000000000000e+00
8.096564575390614582e-01 9.144177579444037196e-01 0.000000000000000000e+00
4.034348371006633016e-01 6.648852317177434967e-01 1.000000000000000000e+00
1.091659356772023415e-02 4.078907042032255958e-01 1.000000000000000000e+00
4.424336085427238441e-02 1.748643599508926672e-01 0.000000000000000000e+00
7.597339648922342148e-01 5.817390706009812895e-01 1.000000000000000000e+00
7.007017081327011621e-01 5.289212704576681245e-01 1.000000000000000000e+00
9.805039446339526288e-01 1.400570582559089727e-01 0.000000000000000000e+00
1.506015226052518363e-01 1.651219526976460683e-01 0.000000000000000000e+00
2.923154744562181939e-01 5.706329112135415382e-01 1.000000000000000000e+00
6.828804540593389483e-01 8.852432270713798124e-01 1.000000000000000000e+00
5.270046846209609503e-01 8.510520361274894752e-01 1.000000000000000000e+00
9.453902772562630119e-01 5.143192358926862440e-02 0.000000000000000000e+00
8.313453453395313053e-01 2.647624741117381442e-01 0.000000000000000000e+00
4.180808922564316354e-01 3.930538703782412435e-01 1.000000000000000000e+00
7.034079906228166701e-01 5.632907915541894850e-01 1.000000000000000000e+00
7.294252084675334480e-02 9.436923491876727521e-01 0.000000000000000000e+00
9.549490415632729823e-01 2.731209602419172322e-01 0.000000000000000000e+00
8.001755359083395636e-01 2.175754611739558753e-01 0.000000000000000000e+00
1.240371725129996161e-01 8.388859213649325630e-01 0.000000000000000000e+00
2.987600263095742115e-01 1.109840743569162624e-01 0.000000000000000000e+00
8.379649111075129220e-01 5.964166595705502338e-01 1.000000000000000000e+00
4.888540852761558142e-01 8.248855651115808429e-01 1.000000000000000000e+00
6.605225829018853689e-01 2.970846093498101803e-01 1.000000000000000000e+00
9.029588587323157389e-01 6.581671328499797413e-01 1.000000000000000000e+00
1.502928407621979545e-01 8.861979378563064058e-01 0.000000000000000000e+00
9.090714415635869905e-01 3.041632167406457254e-01 0.000000000000000000e+00
1.475426513481814528e-02 7.840553460759362991e-01 0.000000000000000000e+00
5.929989851288394176e-01 8.148704360158371962e-01 1.000000000000000000e+00
9.016665502983766123e-01 1.017564178072307701e-01 0.000000000000000000e+00
5.489779462430054435e-01 9.570735085072652470e-01 0.000000000000000000e+00
5.046166885348970510e-01 7.161099921506050014e-01 1.000000000000000000e+00
4.302497721840145006e-01 2.955071216788792698e-01 0.000000000000000000e+00
1.966458167540625634e-01 8.281720055473336117e-01 0.000000000000000000e+00
3.587351387737347519e-02 9.042171704780213037e-01 0.000000000000000000e+00
1.703093567475353343e-01 4.519051624830515701e-01 0.000000000000000000e+00
7.996601997116601357e-01 5.574605382330867220e-01 1.000000000000000000e+00
4.707994901379338737e-01 8.324697680723849302e-01 1.000000000000000000e+00
1.427262417047227006e-01 2.329547982758317648e-01 0.000000000000000000e+00
3.753786255819413498e-01 2.245632306861223837e-01 0.000000000000000000e+00
9.164628982457335704e-01 4.442832251542926381e-01 0.000000000000000000e+00
2.608767517248241630e-01 2.976402833447875373e-01 0.000000000000000000e+00
4.960011799453646342e-01 6.118822667757581879e-01 1.000000000000000000e+00
3.092821770719672569e-01 7.520367506225683618e-01 0.000000000000000000e+00
6.441870120543290446e-01 5.158879699825045240e-01 1.000000000000000000e+00
6.860791419962575244e-02 6.272904475986670336e-01 1.000000000000000000e+00
7.375365676357958922e-01 6.325681145104988801e-01 1.000000000000000000e+00
3.673410636300977750e-02 1.908867057908856246e-01 0.000000000000000000e+00
2.452792772217109452e-01 3.704998958301394252e-01 0.000000000000000000e+00
4.749340605739790222e-01 5.492420652662659553e-01 1.000000000000000000e+00
4.453839834159291078e-01 7.803222201717354700e-01 1.000000000000000000e+00
5.111050870177813454e-01 8.967144663182136100e-02 1.000000000000000000e+00
8.646053697175747343e-01 6.850617249377103368e-01 1.000000000000000000e+00
5.562737388274038297e-01 8.143574854312044531e-01 1.000000000000000000e+00
4.046346558121647341e-01 5.942956810598952755e-01 1.000000000000000000e+00
9.965825920679113326e-01 8.218814084923146135e-01 0.000000000000000000e+00
6.232860543838044665e-01 2.255328557435256620e-01 0.000000000000000000e+00
7.222933092333331251e-01 7.831569346883671123e-01 1.000000000000000000e+00
7.971195046021386510e-01 8.057931065407922810e-01 0.000000000000000000e+00
8.817317760652838565e-01 4.211254989897853518e-01 0.000000000000000000e+00
3.006262151057312870e-01 3.177462186960489099e-02 0.000000000000000000e+00
6.364645472338508192e-01 9.733231794160602801e-01 0.000000000000000000e+00
1.708193508038132746e-01 4.238226311611503760e-02 0.000000000000000000e+00
7.505876097421199100e-01 9.018790545915265078e-01 0.000000000000000000e+00
3.963745345598508329e-01 7.639297964252745876e-01 1.000000000000000000e+00
3.377071830054377832e-01 5.729338013630298487e-01 1.000000000000000000e+00
2.801599899179065822e-01 6.642061960136673715e-01 1.000000000000000000e+00
6.146584318866120666e-01 1.008866927212495046e-01 1.000000000000000000e+00
2.202307170324820929e-01 7.662424132704821478e-01 0.000000000000000000e+00
9.749632762613065218e-01 5.896069204120379936e-02 0.000000000000000000e+00
6.248684175204387570e-01 5.550783865089142788e-01 1.000000000000000000e+00
1.931863974759033820e-01 6.943371608688795327e-01 0.000000000000000000e+00
3.526132071609244800e-01 5.568204988079805684e-01 1.000000000000000000e+00
5.756365392551442417e-01 5.136053361743615486e-01 1.000000000000000000e+00
2.017958764801630611e-01 1.500809584868458835e-01 0.000000000000000000e+00
7.697905841564798290e-01 9.689756195474725775e-01 0.000000000000000000e+00
2.466174733079603554e-01 6.273240366383896482e-01 1.000000000000000000e+00
1.623088561479811842e-01 4.704715615021002328e-01 0.000000000000000000e+00
8.583916845348833480e-01 1.341642202966870645e-01 0.000000000000000000e+00
6.585443851437711160e-02 6.362539172315163638e-01 1.000000000000000000e+00
9.289107530830925663e-01 4.692396227773242279e-01 0.000000000000000000e+00
1.548071604647676125e-01 3.397416693900857654e-01 0.000000000000000000e+00
1.991492534634311529e-01 2.388439457251831932e-01 0.000000000000000000e+00
2.748400764195633172e-01 7.257788856378734055e-01 0.000000000000000000e+00
6.889625778302014281e-01 5.463246390269761443e-01 1.000000000000000000e+00
6.366047785824480165e-02 2.339076751164049783e-01 0.000000000000000000e+00
3.724530020547167641e-02 6.691716325309149394e-02 0.000000000000000000e+00
4.930205407972254594e-02 4.972541963168062296e-01 1.000000000000000000e+00
2.714132326251138538e-01 9.819855372364131307e-01 0.000000000000000000e+00
2.502335104848614211e-01 1.465333673749213972e-02 0.000000000000000000e+00
9.706720981730270204e-01 8.537447789782728336e-01 0.000000000000000000e+00
8.312491374207784389e-01 8.143118695744477886e-01 0.000000000000000000e+00
8.793437029335710031e-01 3.848006528988795472e-01 0.000000000000000000e+00
6.727913559555322998e-01 5.160487678190566196e-01 1.000000000000000000e+00
9.656576127906935092e-01 4.092213818979849593e-01 0.000000000000000000e+00
8.917132590004638315e-01 6.140994349695421128e-01 1.000000000000000000e+00
1.695811900257434557e-01 7.934996217783302219e-01 0.000000000000000000e+00
1.105220972475839947e-02 8.056121462677157119e-02 0.000000000000000000e+00
3.463313174233737524e-01 6.936356723755865428e-01 1.000000000000000000e+00
8.590879996771314531e-01 4.118079540381535120e-01 0.000000000000000000e+00
8.125359836384042911e-01 1.927488889392062754e-01 0.000000000000000000e+00
7.079086108060015370e-01 6.434739160191518259e-01 1.000000000000000000e+00
8.460098445653253529e-01 6.604801626999694530e-01 1.000000000000000000e+00
8.163493429105533883e-01 3.143727885067293393e-02 0.000000000000000000e+00
1.471546477717637913e-01 6.154343210818294940e-01 1.000000000000000000e+00
5.516409414835353742e-01 8.941910650804146821e-01 1.000000000000000000e+00
3.653493811932428947e-02 7.555575495340141057e-01 0.000000000000000000e+00
2.094988078447084234e-01 4.920251054740694130e-01 0.000000000000000000e+00
2.006992009824056789e-01 4.565821372839740100e-01 0.000000000000000000e+00
8.088628827053330195e-01 2.726235225823619990e-01 0.000000000000000000e+00
9.442703376916273816e-01 7.511357638010369708e-01 0.000000000000000000e+00
7.122336440410692582e-01 2.766374758693526115e-01 0.000000000000000000e+00
4.546459036213734706e-02 5.637530066645286553e-01 1.000000000000000000e+00
8.222849148161966992e-01 8.063637908602812043e-01 0.000000000000000000e+00
3.764832676371553388e-01 6.607563609325100007e-01 1.000000000000000000e+00
4.857544793073209632e-01 6.233552095062310228e-01 1.000000000000000000e+00
5.301812911699517183e-01 4.922466466842382316e-01 1.000000000000000000e+00
9.896793786156461437e-01 2.138699143691576987e-01 0.000000000000000000e+00
9.721099267206558814e-01 3.567867254146930289e-01 0.000000000000000000e+00
4.861824384644664043e-02 9.292494150325938396e-01 0.000000000000000000e+00
1.029755913535203016e-01 5.397394484295725547e-01 1.000000000000000000e+00
9.026547824086398331e-01 2.907126917530611365e-02 0.000000000000000000e+00
7.733496659446519317e-01 8.333547270326483458e-01 0.000000000000000000e+00
6.124994496473890049e-01 5.671315454979424242e-01 1.000000000000000000e+00
2.783488350511206244e-01 6.324998753387789385e-01 1.000000000000000000e+00
5.643718024588900706e-01 1.707299495890289842e-01 1.000000000000000000e+00
2.181197413941167174e-01 7.926924883038195535e-01 0.000000000000000000e+00
7.493110250632362135e-02 5.469868161638458126e-01 1.000000000000000000e+00
9.285703902833787327e-01 9.429095378497408531e-01 0.000000000000000000e+00
3.833050937153421600e-01 9.795198661100223969e-02 0.000000000000000000e+00
1.210882638553548718e-01 7.751027218975764521e-01 0.000000000000000000e+00
2.864136108921813140e-01 5.533569949302119539e-01 1.000000000000000000e+00
5.404400043174806267e-01 3.146619432567769881e-01 1.000000000000000000e+00
5.607040362903478181e-01 7.918770320153997178e-01 1.000000000000000000e+00
4.127111176468005738e-01 3.562403088707946086e-01 0.000000000000000000e+00
6.994032620721566396e-01 3.345903097166391671e-01 1.000000000000000000e+00
9.964533645769557690e-01 8.315688777342566951e-02 0.000000000000000000e+00
2.035037441058042962e-01 2.772077114787305785e-01 0.000000000000000000e+00
8.880313311775315244e-01 9.871842050419921133e-02 0.000000000000000000e+00
1.850064655051452123e-01 6.881304378199015748e-02 0.000000000000000000e+00
5.003464764491843964e-01 2.098001766561986559e-01 0.000000000000000000e+00
5.414549954622507322e-01 4.261913505175513039e-01 1.000000000000000000e+00
6.656316569629107116e-01 2.477468678590986073e-01 0.000000000000000000e+00
3.152533196441212882e-01 7.402556991200909264e-01 0.000000000000000000e+00
6.672961766258741489e-01 8.558030573041024436e-01 1.000000000000000000e+00
7.089539787351224476e-01 9.995666210173405064e-01 0.000000000000000000e+00
1.262537036471750307e-01 5.615912497062901521e-01 1.000000000000000000e+00
7.322959102212327487e-01 6.748678263047314108e-02 0.000000000000000000e+00
3.660378645006374665e-01 9.865528072810292315e-01 0.000000000000000000e+00
3.523155601434827533e-01 8.635031124693609561e-01 0.000000000000000000e+00
2.812699046753869281e-01 2.798483761866382702e-01 0.000000000000000000e+00
1.969910175758382564e-02 1.015839533930451566e-01 0.000000000000000000e+00
9.115540326461759602e-01 5.131291090107359398e-02 0.000000000000000000e+00
7.110586903303904860e-01 3.455149394376889616e-01 1.000000000000000000e+00
6.670295509621371188e-01 6.722971699008710722e-01 1.000000000000000000e+00
9.194088519681140603e-01 9.075361443409922790e-01 0.000000000000000000e+00
9.553049323332678533e-01 4.872482787964242945e-01 0.000000000000000000e+00
7.933060070013058240e-01 9.939504702307367934e-01 0.000000000000000000e+00
3.836468414184057707e-01 7.794283351217127231e-01 0.000000000000000000e+00
4.126466000362181141e-01 3.557784293139476528e-01 0.000000000000000000e+00
2.233875659914169587e-01 5.620238111478970122e-01 1.000000000000000000e+00
1.534118204839058919e-01 1.355789876300925734e-01 0.000000000000000000e+00
5.583410559877325374e-01 4.318930953629497305e-01 1.000000000000000000e+00
8.332701610989602381e-01 2.946170296109349440e-01 0.000000000000000000e+00
4.368540638345737026e-01 9.158159144462912904e-01 0.000000000000000000e+00
5.247826484477682296e-01 4.569866796016011090e-01 1.000000000000000000e+00
5.424756591952976104e-01 9.689558494759444862e-01 0.000000000000000000e+00
7.684103077935078296e-02 6.398331099333176564e-01 1.000000000000000000e+00
9.738621588090016212e-01 8.612553223580577955e-01 0.000000000000000000e+00
2.719785807249983645e-01 4.090730105066145983e-01 0.000000000000000000e+00
9.794721969112503146e-01 8.499527835282755239e-01 0.000000000000000000e+00
4.621509565606185532e-02 1.310057193094640304e-01 0.000000000000000000e+00
8.901019473445532793e-01 5.835077122973907349e-01 1.000000000000000000e+00
6.575907518291791432e-01 8.588445889100815300e-02 1.000000000000000000e+00
9.759132053296296627e-01 4.770041291282500762e-01 0.000000000000000000e+00
2.337146593753393065e-01 2.112265406152777913e-01 0.000000000000000000e+00
8.883039798530327769e-01 2.215477685585760526e-01 0.000000000000000000e+00
9.264080876908398210e-02 2.187916323551389874e-01 0.000000000000000000e+00
8.131065534581795040e-01 4.919500631884872188e-01 1.000000000000000000e+00
3.283927924123541953e-01 7.683783417537147775e-01 0.000000000000000000e+00
7.530065940259852431e-01 7.908783134404713255e-01 1.000000000000000000e+00
4.754969861873047376e-01 6.315727473293715200e-01 1.000000000000000000e+00
7.060722584241683197e-01 8.530327842157658935e-02 0.000000000000000000e+00
8.591866157513998736e-01 8.942324555943884645e-01 0.000000000000000000e+00
8.143141161386989735e-01 8.886407033961505331e-01 0.000000000000000000e+00
9.535966942883190578e-01 7.330707236047936393e-01 0.000000000000000000e+00
5.023587122605810418e-02 6.228364804454102899e-01 1.000000000000000000e+00
6.787300782173205649e-01 7.649763322727237691e-01 1.000000000000000000e+00
1.262367439019208559e-01 2.268750522964378957e-01 0.000000000000000000e+00
4.020611712143378202e-01 3.581948969354944445e-01 0.000000000000000000e+00
9.689150024520074567e-01 3.953854898465796186e-01 0.000000000000000000e+00
8.389511987995967868e-02 5.405737569563439093e-01 1.000000000000000000e+00
4.524272871832040188e-01 2.416760511359972163e-01 0.000000000000000000e+00
7.030466444703653561e-02 1.065344591824639586e-01 0.000000000000000000e+00
2.058811191519661632e-01 7.335812749867981486e-01 0.000000000000000000e+00
1.046281865947741307e-01 1.804663857459242182e-01 0.000000000000000000e+00
5.783744321255623877e-02 1.457888882868475511e-01 0.000000000000000000e+00
8.124640139225451918e-01 2.292822102467179102e-01 0.000000000000000000e+00
6.463390519007017332e-02 4.985543706721957680e-01 1.000000000000000000e+00
1.996669583141954529e-01 1.250899419741434704e-01 0.000000000000000000e+00
3.938441462636009804e-01 5.790810472769114536e-02 0.000000000000000000e+00
2.099861721771345557e-01 9.694607235695889003e-01 0.000000000000000000e+00
3.516217431094448287e-02 3.681669938735732117e-02 0.000000000000000000e+00
6.589889974292583164e-01 4.727876076700751051e-01 1.000000000000000000e+00
4.086967152304736839e-01 4.492575633303627081e-01 1.000000000000000000e+00
1.079050776220965568e-01 4.837503172363101234e-01 0.000000000000000000e+00
7.885307480529045732e-01 3.749821069448043831e-01 0.000000000000000000e+00
4.784522096333709840e-02 4.979033544746273021e-01 1.000000000000000000e+00
3.773443682114807629e-01 7.301518711256130834e-01 1.000000000000000000e+00
8.707087722581622335e-01 6.169656138237805676e-01 1.000000000000000000e+00
4.292480300307073282e-01 4.489623013500725346e-01 1.000000000000000000e+00
5.834102583737621472e-03 8.003316053409569308e-01 0.000000000000000000e+00
8.543735845975614085e-01 6.858038993978309295e-01 1.000000000000000000e+00
2.509133168670545366e-01 4.289027586968291450e-01 0.000000000000000000e+00
6.849790212104741594e-01 7.902842332575341633e-01 1.000000000000000000e+00
8.023621650717245313e-01 5.718593994198806207e-01 1.000000000000000000e+00
1.255479259635853273e-01 7.302165363498736017e-02 0.000000000000000000e+00
7.859336738937451328e-01 3.241169565487134197e-01 0.000000000000000000e+00
2.995981601594919219e-01 6.848745418470039148e-01 1.000000000000000000e+00
6.890870118780504372e-01 9.426202538506662787e-01 0.000000000000000000e+00
3.886914477396989920e-01 8.088973094452889256e-01 0.000000000000000000e+00
2.348731610197813957e-01 7.406463630954429611e-01 0.000000000000000000e+00
3.003273979259082349e-01 5.512084220195972994e-01 1.000000000000000000e+00
9.309130782286351158e-01 3.640746824580787244e-01 0.000000000000000000e+00
3.059589083070989313e-01 8.679502651622579279e-01 0.000000000000000000e+00
5.443511791140691614e-01 5.164850891111034681e-01 1.000000000000000000e+00
7.515259996760215166e-01 2.588871656342566219e-01 0.000000000000000000e+00
7.305458808913368740e-01 7.664408057797262863e-01 1.000000000000000000e+00
8.321839819201671817e-01 4.616881880824180717e-01 1.000000000000000000e+00
5.070437304866709516e-01 5.442559387364501733e-01 1.000000000000000000e+00
1.348012063505926728e-01 5.667897228821290323e-01 1.000000000000000000e+00
1.457558424687240839e-01 7.658712867683399317e-01 0.000000000000000000e+00
9.000717964104314461e-01 9.247191917075953116e-01 0.000000000000000000e+00
7.853139870868423023e-01 9.292241321434829837e-01 0.000000000000000000e+00
9.712055643545361994e-01 8.441238757322223618e-01 0.000000000000000000e+00
4.891544760338225606e-01 1.734329663182700987e-01 0.000000000000000000e+00
2.404606944243636857e-02 3.466418806605225944e-01 0.000000000000000000e+00
7.898928688997134406e-01 3.935502537092588904e-01 0.000000000000000000e+00
3.354210016663060623e-01 6.851482069269119179e-01 1.000000000000000000e+00
1.466019459465165431e-01 2.580555706170745145e-01 0.000000000000000000e+00
5.571285471103272213e-01 9.328660792545429015e-01 1.000000000000000000e+00
2.199487822273968884e-01 8.133223543030099201e-02 0.000000000000000000e+00
4.457372052546367813e-01 3.589247339293011319e-02 1.000000000000000000e+00
3.708826584090763046e-02 2.230044031612605782e-01 0.000000000000000000e+00
6.979958187468717767e-01 7.990007339455775792e-01 1.000000000000000000e+00
8.198448783731040468e-01 6.895327561814106332e-01 1.000000000000000000e+00
8.118144078062106139e-02 7.826834253162673338e-02 0.000000000000000000e+00
7.836631397022597589e-02 2.100239091158303539e-01 0.000000000000000000e+00
5.372262909847888013e-01 2.297278476495330235e-01 0.000000000000000000e+00
4.272181132318614294e-01 4.981594665776707398e-01 1.000000000000000000e+00
3.478494316050841917e-01 6.831775196246332449e-01 1.000000000000000000e+00
1.945519560950922378e-01 5.047125694339155144e-01 0.000000000000000000e+00
1.914558509117935126e-01 2.260167015453981021e-01 0.000000000000000000e+00
6.580592247398031613e-02 5.157841733127550565e-01 1.000000000000000000e+00
4.759509862399881053e-01 6.790638207242195579e-01 1.000000000000000000e+00
9.149721381462865288e-01 6.935868382748471284e-01 0.000000000000000000e+00
3.645653613967050344e-01 1.456152533622194767e-01 0.000000000000000000e+00
9.050453094724614234e-01 2.400212927388294393e-01 0.000000000000000000e+00
3.024624988651537505e-01 9.907789292726987274e-02 0.000000000000000000e+00
3.570629820791237918e-02 7.152554260794947716e-01 1.000000000000000000e+00
5.302150236704517017e-02 9.464679020695782041e-01 0.000000000000000000e+00
3.871235469044158606e-01 1.503644802810699677e-01 0.000000000000000000e+00
9.915888264586570910e-01 5.316877773270245466e-02 0.000000000000000000e+00
8.920950454543985497e-02 9.119452017544917855e-01 0.000000000000000000e+00
7.092080846370910630e-01 9.626967430112973734e-01 0.000000000000000000e+00
3.682221536771025372e-01 2.313210326851293797e-01 0.000000000000000000e+00
4.654846646854293724e-01 7.281345616793358788e-01 1.000000000000000000e+00
3.148544382127008712e-01 7.369918841543600108e-01 0.000000000000000000e+00
7.938968326003578158e-01 9.527343437392750136e-01 0.000000000000000000e+00
3.995218530955176872e-01 9.578001155144334477e-01 0.000000000000000000e+00
3.812701917281153818e-01 9.431451663710710420e-01 0.000000000000000000e+00
9.427680168741500166e-01 1.082258326013872951e-01 0.000000000000000000e+00
4.898206185340439056e-01 1.433265485060835065e-01 0.000000000000000000e+00
1.811563640074063120e-01 1.974730067411796242e-01 0.000000000000000000e+00
4.943008952483519680e-01 2.815086179575289060e-01 0.000000000000000000e+00
1.461195738258902477e-02 5.243937752576990352e-01 1.000000000000000000e+00
4.328978980274954536e-01 9.325708279849908022e-01 0.000000000000000000e+00
3.783752801349926642e-02 4.814416418855536062e-01 1.000000000000000000e+00
3.727209916425492375e-01 5.502851134617074980e-01 1.000000000000000000e+00
7.384977823444224265e-01 6.680615661608766409e-01 1.000000000000000000e+00
1.618905803281515121e-01 1.416797716565088017e-02 0.000000000000000000e+00
5.508183446774089775e-01 4.998433392955206056e-01 1.000000000000000000e+00
3.248559206510068798e-01 5.586005759546652794e-02 0.000000000000000000e+00
6.835673811907867492e-01 2.226212723463948384e-01 0.000000000000000000e+00
9.817257909640997315e-01 8.980932618834550629e-01 0.000000000000000000e+00
9.606503998910268516e-01 4.191745744913334404e-01 0.000000000000000000e+00
5.054325044892766794e-01 5.947234077145224784e-02 1.000000000000000000e+00
6.304251854450887427e-01 8.306612136994830919e-01 1.000000000000000000e+00
2.667449034415791953e-02 5.459886721401474574e-01 1.000000000000000000e+00
9.359188284507734545e-01 6.601178854388393136e-01 0.000000000000000000e+00
7.615515058803418169e-01 3.625843904068004608e-02 0.000000000000000000e+00
8.714008453217785277e-01 2.744794190969481740e-01 0.000000000000000000e+00
7.444910536293509740e-01 2.070552748427134659e-02 1.000000000000000000e+00
1.385357098574282464e-01 5.535005435691822129e-01 1.000000000000000000e+00
3.815179173575524718e-01 4.522511289048867233e-01 1.000000000000000000e+00
7.043638269324381529e-01 6.647230697280771539e-01 1.000000000000000000e+00
9.889467592461140821e-01 8.603780215972737233e-01 0.000000000000000000e+00
3.372343544234897017e-01 3.225758719862229507e-01 0.000000000000000000e+00
8.082328604180278875e-01 2.092851709040455255e-01 0.000000000000000000e+00
1.542153881328927056e-01 2.490236616376290124e-01 0.000000000000000000e+00
7.526244626313414177e-01 4.874342402840037280e-01 1.000000000000000000e+00
7.798646140468296073e-01 7.474723827868895443e-01 1.000000000000000000e+00
8.951755008242645584e-01 1.989797324661667366e-01 0.000000000000000000e+00
6.407698209854666427e-01 6.133671487343882456e-01 1.000000000000000000e+00
5.934111550456729889e-01 2.951819350720996660e-02 1.000000000000000000e+00
1.783244049927412700e-02 1.167038430253906078e-01 0.000000000000000000e+00
9.097459997278706245e-01 7.725724435522836053e-01 0.000000000000000000e+00
8.477858930860215914e-01 1.781644473640765503e-01 0.000000000000000000e+00
3.874562353086188349e-01 8.575183412906239866e-02 0.000000000000000000e+00
9.138867319202196304e-01 8.834163667634907791e-01 0.000000000000000000e+00
6.471206140933933870e-01 8.865097829294259490e-01 1.000000000000000000e+00
1.952624657720447576e-01 3.703493657543417417e-01 0.000000000000000000e+00
9.508458251561546781e-01 8.385477595946161378e-01 0.000000000000000000e+00
6.239101266606874585e-01 1.388226524025287789e-01 1.000000000000000000e+00
7.748118142078443960e-01 1.109701910231356559e-01 0.000000000000000000e+00
8.247678599199989025e-01 4.686344086336651227e-01 1.000000000000000000e+00
2.065808399490386416e-01 9.739489529395581879e-01 0.000000000000000000e+00
6.536990440075975961e-01 1.075257548459920276e-01 1.000000000000000000e+00
4.472463162281344884e-01 5.230205431365539948e-01 1.000000000000000000e+00
5.449165668417578212e-01 1.425756515118736800e-01 1.000000000000000000e+00
2.191055799373383683e-01 8.387078214536365373e-01 0.000000000000000000e+00
1.923256752607638287e-01 3.669898891594932655e-01 0.000000000000000000e+00
5.504161804667319080e-01 3.110104157853650353e-01 1.000000000000000000e+00
4.195120136320966697e-01 4.953675764370379930e-01 1.000000000000000000e+00
1.667687271068728494e-01 1.111022260654747074e-01 0.000000000000000000e+00
9.465023041347899735e-01 2.648423238335497754e-01 0.000000000000000000e+00
7.636151496026736263e-01 1.586236385353290146e-02 1.000000000000000000e+00
1.685566032792985558e-01 1.294220455954241400e-01 0.000000000000000000e+00
9.538076242498724211e-01 2.506020071985173292e-01 0.000000000000000000e+00
2.969033005631628308e-01 8.661402117932737177e-01 0.000000000000000000e+00
4.993104171040929629e-01 1.817890195945200960e-01 0.000000000000000000e+00
8.297497335563860377e-01 7.317687631448953622e-01 1.000000000000000000e+00
8.877090757794999787e-01 8.615410009345330078e-01 0.000000000000000000e+00
5.502961194756548213e-01 5.780281020860730257e-01 1.000000000000000000e+00
5.433223403293233611e-01 6.394458737710765339e-01 1.000000000000000000e+00
1.424815442053831704e-01 6.810687118656510997e-03 0.000000000000000000e+00
6.618720948359277934e-01 5.457980394670575164e-01 1.000000000000000000e+00
6.365120199482847685e-01 7.589609664284918678e-01 1.000000000000000000e+00
3.033781513931355089e-01 3.839735986223296038e-01 0.000000000000000000e+00
4.203056470319008753e-01 3.304036007471687908e-01 0.000000000000000000e+00
8.743408753700143698e-02 9.802560227834992146e-01 0.000000000000000000e+00
7.177090838412002460e-01 7.279578196828530023e-01 1.000000000000000000e+00
8.418089832318415011e-01 9.017882117256427188e-01 0.000000000000000000e+00
1.852541481421330349e-01 7.490706248874019479e-01 0.000000000000000000e+00
3.828099795222726920e-01 2.261440058134785991e-01 0.000000000000000000e+00
1.684052282172359138e-01 6.240522076765827597e-01 0.000000000000000000e+00
3.032969182461257018e-01 3.583877786872317062e-01 0.000000000000000000e+00
4.454196265790574261e-01 2.699181187195054399e-02 1.000000000000000000e+00
3.452553045919981578e-02 3.182540010049773604e-01 0.000000000000000000e+00
7.800747706851706154e-01 7.686776211875406828e-01 1.000000000000000000e+00
9.806123554318543212e-01 5.707090794325573313e-01 0.000000000000000000e+00
9.947328741401175733e-01 1.333509678582724955e-01 0.000000000000000000e+00
2.166886524138798009e-01 4.567773483831614190e-01 0.000000000000000000e+00
3.609173731468223734e-01 2.479930781986746657e-01 0.000000000000000000e+00
9.004079930757843409e-01 6.533181592332326648e-01 1.000000000000000000e+00
9.274961719528318493e-01 1.485947140478491857e-01 0.000000000000000000e+00
4.457221191794187298e-01 4.633702228854572613e-01 1.000000000000000000e+00
4.663307624229909853e-01 2.970273948287760479e-01 0.000000000000000000e+00
7.560765711757442276e-01 8.109444158826695226e-02 0.000000000000000000e+00
2.134358065437931273e-01 9.157663952629047088e-02 0.000000000000000000e+00
6.669545107228118663e-01 1.001154814409925820e-01 1.000000000000000000e+00
8.145650792171443833e-03 9.709455297666448326e-01 0.000000000000000000e+00
9.349290187727754553e-01 4.258564224192141756e-01 0.000000000000000000e+00
6.782680158357842215e-01 6.993486230817147487e-01 1.000000000000000000e+00
6.003659696309889826e-01 3.322506877562464433e-01 1.000000000000000000e+00
1.916183779601933201e-01 7.495718949065074410e-01 0.000000000000000000e+00
4.816177719139436153e-02 5.470909610031028381e-01 1.000000000000000000e+00
8.991006115000242938e-01 6.724331589711168844e-01 0.000000000000000000e+00
9.550872519801325566e-01 4.954965025617793506e-01 0.000000000000000000e+00
4.574144122556826897e-01 8.727865735821053184e-01 0.000000000000000000e+00
2.758836342591874935e-01 4.074095975898797128e-01 0.000000000000000000e+00
9.205025688528680750e-01 5.702145672967715573e-01 1.000000000000000000e+00
9.756747333848958537e-02 8.522960664402873254e-01 0.000000000000000000e+00
9.396083108959940589e-01 4.491929373033813899e-01 0.000000000000000000e+00
3.792945965086667037e-01 6.164376303997023410e-01 1.000000000000000000e+00
4.343483745041539779e-01 1.232641282416274686e-01 0.000000000000000000e+00
4.219501116077545300e-01 7.220113002736285868e-01 1.000000000000000000e+00
8.596411533497483326e-01 2.570189107697330444e-01 0.000000000000000000e+00
9.089838350673986600e-01 8.525975906441252139e-02 0.000000000000000000e+00
4.292821571807988734e-01 9.426381392310860807e-01 0.000000000000000000e+00
6.795560974648359176e-01 7.222989428661082956e-01 1.000000000000000000e+00
9.981213896661740304e-01 1.229686324038140599e-01 0.000000000000000000e+00
4.919156364240051538e-01 8.751831644322437542e-01 1.000000000000000000e+00
1.856205675941342559e-01 6.584787878765350211e-01 0.000000000000000000e+00
3.806912150695666019e-01 9.544704042850725711e-01 0.000000000000000000e+00
3.609235731474028652e-01 7.381157574391584708e-01 1.000000000000000000e+00
8.982145073427276749e-01 3.384522902929554267e-02 0.000000000000000000e+00
5.633654526454578981e-02 3.637780034084472369e-01 0.000000000000000000e+00
1.641049194890676910e-01 7.655607227486151967e-01 0.000000000000000000e+00
8.211618477942801420e-01 6.497051398281041834e-01 1.000000000000000000e+00
5.908622019132214742e-02 6.155005540892590776e-01 1.000000000000000000e+00
2.221359822164903353e-02 3.613919289632188114e-01 0.000000000000000000e+00
2.595497829307321647e-01 5.414232622936708816e-01 1.000000000000000000e+00
4.266039109777746141e-01 3.719228999794597090e-01 1.000000000000000000e+00
5.610351450141853880e-01 8.945669560047632141e-01 1.000000000000000000e+00
6.763733310223860595e-01 6.270534646821681601e-01 1.000000000000000000e+00
4.643568080998784486e-01 8.352340213250176726e-01 1.000000000000000000e+00
2.543848894124722815e-01 4.920131772845180995e-01 0.000000000000000000e+00
3.115178061099577178e-02 4.387626415736932683e-01 1.000000000000000000e+00
9.331440461425977162e-01 4.576773270657370496e-01 0.000000000000000000e+00
4.371522955409937738e-01 4.444152466496418263e-01 1.000000000000000000e+00
8.549239386665311580e-01 1.547003356614071734e-01 0.000000000000000000e+00
8.012859521218693715e-01 7.621392055704345747e-01 1.000000000000000000e+00
4.020444256928185078e-01 7.233562129867685542e-01 1.000000000000000000e+00
6.729576893683451022e-01 1.210142518714784066e-01 0.000000000000000000e+00
3.189834511700804232e-01 2.625792894540477374e-01 0.000000000000000000e+00
5.872937849323245363e-01 4.152273775804038447e-02 1.000000000000000000e+00
5.063223691701290718e-01 1.220186407797660966e-01 0.000000000000000000e+00
6.241014342543208526e-01 9.870427964764195705e-01 0.000000000000000000e+00
9.105442219043222707e-01 2.329983509165653999e-01 0.000000000000000000e+00
3.850275657447044253e-01 8.706031764629196257e-01 0.000000000000000000e+00
8.721159954953766613e-01 8.447716823278542675e-01 0.000000000000000000e+00
2.910312174674166696e-01 2.060520114989712326e-01 0.000000000000000000e+00
9.874140722276630866e-01 1.021972273597107073e-01 0.000000000000000000e+00
6.574086063091610921e-02 2.053492334825371968e-01 0.000000000000000000e+00
6.791569566425810223e-01 5.163459948396020849e-01 1.000000000000000000e+00
2.381861231996917905e-01 8.333390165341718614e-01 0.000000000000000000e+00
2.945642642656333132e-01 8.828811107370441169e-01 0.000000000000000000e+00
7.045847523935678813e-01 3.563132429096960152e-02 1.000000000000000000e+00
5.569709763899372001e-01 2.849889012462620830e-01 1.000000000000000000e+00
9.268983819872281815e-01 1.512710784041937373e-02 0.000000000000000000e+00
3.721528702988926574e-01 5.376277180602226924e-01 1.000000000000000000e+00
2.453024689793701363e-01 6.103702674138051787e-01 1.000000000000000000e+00
8.592122174740046692e-02 5.184014298717942726e-02 0.000000000000000000e+00
6.631455544240212330e-01 5.939716261540045616e-01 1.000000000000000000e+00
1.141952571136584105e-03 5.729504215981467974e-01 1.000000000000000000e+00
1.292912322223311872e-01 5.455447470240297747e-01 1.000000000000000000e+00
8.282634370956698522e-02 6.423671715822065753e-02 0.000000000000000000e+00
8.562409674124517034e-01 5.945378525723883367e-01 1.000000000000000000e+00
8.965439600871848436e-01 5.728242362933088083e-01 1.000000000000000000e+00
6.022601554579316563e-01 2.149582211857259395e-01 1.000000000000000000e+00
2.218423520376189284e-01 4.124301792283043833e-01 0.000000000000000000e+00
3.337741598394504683e-01 3.258538870021800982e-01 0.000000000000000000e+00
9.758563276964258293e-01 5.981856123536926084e-01 0.000000000000000000e+00
9.209036573480230414e-01 2.557970945376654148e-01 0.000000000000000000e+00
7.062053436452929711e-01 6.033204967109336847e-01 1.000000000000000000e+00
5.935183780198711734e-01 5.612422559864378435e-01 1.000000000000000000e+00
6.365156798942728233e-02 9.897576381569431758e-01 0.000000000000000000e+00
7.547209708075393042e-01 1.663774325486195860e-01 0.000000000000000000e+00
5.449419719356307645e-03 5.066713948105846521e-01 1.000000000000000000e+00
2.123573230498286835e-01 2.521337770908699261e-01 0.000000000000000000e+00
3.353935045283165106e-01 6.143192035027721376e-01 1.000000000000000000e+00
4.411974768931152813e-01 1.782681750973855728e-01 0.000000000000000000e+00
6.426762015962150798e-02 6.690002492405122680e-02 0.000000000000000000e+00
1.532839078261999388e-01 6.937059355112018544e-03 0.000000000000000000e+00
9.802082667781537584e-01 5.933305827915461572e-01 0.000000000000000000e+00
4.063105066218840600e-01 4.885013595682613508e-01 1.000000000000000000e+00
1.062236253655809426e-01 6.945949371722275334e-01 0.000000000000000000e+00
6.300672737945052226e-01 5.625432744073974867e-01 1.000000000000000000e+00
4.693584744818473098e-01 5.575662081827603700e-01 1.000000000000000000e+00
1.833616064130937362e-01 2.312640797528197067e-01 0.000000000000000000e+00
6.657762688973389853e-01 6.454104328066805341e-01 1.000000000000000000e+00
8.430726438183517857e-01 5.218675723368236818e-01 1.000000000000000000e+00
7.665952435056232472e-01 8.377714720299312967e-01 0.000000000000000000e+00
3.568476447102747473e-01 9.451732403533600335e-01 0.000000000000000000e+00
5.090560070137736259e-01 1.669975413669071429e-01 0.000000000000000000e+00
8.951648519923194325e-02 7.874605877201582560e-01 0.000000000000000000e+00
5.919449077167185935e-01 3.928458631857610905e-01 1.000000000000000000e+00
5.451439632851609041e-01 3.931398173608107172e-01 1.000000000000000000e+00
3.807295687886526059e-01 8.482618103050321157e-02 0.000000000000000000e+00
8.501570810670433520e-02 2.714915607165430123e-01 0.000000000000000000e+00
7.906594315927980565e-01 7.426277493875055313e-02 0.000000000000000000e+00
7.857212913350837269e-01 5.480586309952530932e-01 1.000000000000000000e+00
1.855500692899386683e-01 5.343133775782659134e-01 0.000000000000000000e+00
4.897536721376972713e-01 5.993931383816814007e-01 1.000000000000000000e+00
4.466271524005371862e-01 4.832360826885432337e-01 1.000000000000000000e+00
4.939748910510350921e-01 7.364106756574487767e-01 1.000000000000000000e+00
6.802041789260898641e-01 8.505844539853464337e-01 1.000000000000000000e+00
7.378025679939373971e-01 3.388246185573239311e-01 0.000000000000000000e+00
1.126351755276723265e-01 4.036924192447544080e-01 0.000000000000000000e+00
7.386057684323669159e-01 6.338181976804069251e-02 0.000000000000000000e+00
9.041734159234668944e-01 7.203434166588544851e-01 0.000000000000000000e+00
4.642944804440489737e-01 7.000981011866197479e-01 1.000000000000000000e+00
1.006804531389984270e-01 5.052961197653111913e-01 1.000000000000000000e+00
8.617890141882050825e-01 7.704126529331010165e-01 0.000000000000000000e+00
8.981665675842542829e-02 3.505664907203110969e-01 0.000000000000000000e+00
8.753239898519293849e-02 1.895426011169024649e-01 0.000000000000000000e+00
9.771515369457286493e-01 4.303161516061694281e-01 0.000000000000000000e+00
9.609148995356158185e-01 3.080798800350337263e-02 0.000000000000000000e+00
2.850754009366095465e-01 5.114429499470929397e-01 1.000000000000000000e+00
6.164351395093192743e-01 4.463666663621359554e-01 1.000000000000000000e+00
3.459770268611717103e-02 1.830003449717930719e-01 0.000000000000000000e+00
6.741266641866664466e-01 8.306372662961070130e-02 1.000000000000000000e+00
1.697997425279158534e-01 3.873800031866718729e-01 0.000000000000000000e+00
5.760839249905121973e-01 8.598833224236510642e-01 1.000000000000000000e+00
9.219729231237385747e-01 8.475178872819464360e-01 0.000000000000000000e+00
2.921496724726683203e-01 9.537053008526977793e-01 0.000000000000000000e+00
6.596037018247180583e-04 4.575298387988633309e-01 1.000000000000000000e+00
3.098890395028292000e-01 4.324745854068424711e-01 0.000000000000000000e+00
5.224220870561839813e-01 2.003181992831964964e-01 0.000000000000000000e+00
6.063591263085655880e-01 7.165154107581257481e-01 1.000000000000000000e+00
4.275910175380600586e-01 3.727224410495416640e-01 1.000000000000000000e+00
3.445838533108401824e-01 3.743288384623441045e-01 0.000000000000000000e+00
1.158496708069056691e-01 9.343128923715913192e-01 0.000000000000000000e+00
6.068331168463022562e-01 4.956976813704196960e-01 1.000000000000000000e+00
4.757440755879616123e-01 3.802750265867296253e-01 1.000000000000000000e+00
4.219795992280208630e-01 2.993442481810927314e-01 0.000000000000000000e+00
3.435519056675195859e-01 1.635879303017240272e-01 0.000000000000000000e+00
1.529267842339654404e-02 8.221287250829815152e-01 0.000000000000000000e+00
9.887636974242981491e-01 4.069084943175405034e-01 0.000000000000000000e+00
7.961353317150018372e-01 4.368019236475823019e-01 1.000000000000000000e+00
7.801744824154628333e-01 8.624353296454603246e-01 0.000000000000000000e+00
1.990258620630852571e-01 1.447093465328574968e-02 0.000000000000000000e+00
5.660225588859063572e-01 4.313622616010217570e-01 1.000000000000000000e+00
2.759813453123557414e-01 5.073203818698571732e-01 0.000000000000000000e+00
7.510472520902128357e-01 5.362979213051433103e-01 1.000000000000000000e+00
9.829070675665637635e-01 5.753070802144563123e-01 0.000000000000000000e+00
9.174738107758574346e-01 1.633369627378500333e-02 0.000000000000000000e+00
1.383213425292103560e-01 6.983507090612625090e-01 0.000000000000000000e+00
3.656408696224469068e-01 2.454670839763385404e-01 0.000000000000000000e+00
3.971265153390285407e-01 4.533629548570705659e-02 0.000000000000000000e+00
1.771976606673258958e-01 5.307211077869473659e-01 0.000000000000000000e+00
9.027213144266446054e-01 9.570800828418475348e-01 0.000000000000000000e+00
2.498822039850147059e-01 8.327788547460447388e-01 0.000000000000000000e+00
3.720652264914309226e-01 8.651864570807314969e-01 0.000000000000000000e+00
4.345086611979666058e-01 2.515880352825975441e-01 0.000000000000000000e+00
4.984813361030084877e-01 7.186461294279716805e-01 1.000000000000000000e+00
2.563184294593403578e-01 6.108023900358671154e-01 1.000000000000000000e+00
1.839943063457706307e-01 1.202966210722377083e-01 0.000000000000000000e+00
9.641123679469151275e-01 2.507692119049896862e-01 0.000000000000000000e+00
9.370440277971529008e-01 1.950247357030814310e-01 0.000000000000000000e+00
6.694393233009274802e-01 4.410501457924622670e-01 1.000000000000000000e+00
5.948610986972548975e-01 5.015494234968576048e-01 1.000000000000000000e+00
9.386353221110567135e-01 6.693008890732614624e-01 0.000000000000000000e+00
7.789124869559560516e-01 7.067183410272064314e-01 1.000000000000000000e+00
3.244154599898607660e-01 2.443600363507547613e-04 0.000000000000000000e+00
7.114398031950550649e-01 5.087450841996320472e-01 1.000000000000000000e+00
8.200964848978530286e-01 4.982166434223378459e-01 1.000000000000000000e+00
8.686768426470725668e-02 2.426361387980479067e-01 0.000000000000000000e+00
4.361545761704378465e-01 5.764160564912271800e-01 1.000000000000000000e+00
1.238989827828502754e-01 1.173014009537204361e-01 0.000000000000000000e+00
5.555204784152203423e-01 5.461465203019890691e-01 1.000000000000000000e+00
5.019830132027631731e-01 6.269703763726883761e-01 1.000000000000000000e+00
8.929382979578278645e-01 3.928283146703879236e-01 0.000000000000000000e+00
6.551947209502033687e-01 3.855803299581865851e-01 1.000000000000000000e+00
7.862664739478518738e-01 6.805643696888817873e-01 1.000000000000000000e+00
6.143244059161392379e-01 3.825459166313660564e-01 1.000000000000000000e+00
2.593171248055261557e-01 1.223967253300959346e-01 0.000000000000000000e+00
5.174521266208548242e-01 1.462970849695648390e-01 0.000000000000000000e+00
9.713905574348815630e-01 2.774552868302058162e-01 0.000000000000000000e+00
2.989605364994214476e-01 4.869111658741465121e-01 1.000000000000000000e+00
4.910378171615887855e-01 2.764871841594052082e-01 0.000000000000000000e+00
9.804757203018168443e-01 6.554927254234006462e-01 0.000000000000000000e+00
7.997572242975726775e-01 7.600743695064977601e-01 1.000000000000000000e+00
6.113605795863278347e-01 2.173544234215221138e-01 0.000000000000000000e+00
4.218389507795073934e-01 8.864120085397220183e-01 0.000000000000000000e+00
3.346082805148120620e-01 6.945361256964770469e-01 1.000000000000000000e+00
4.612661043074667289e-01 5.179992584196235761e-02 1.000000000000000000e+00
2.661977709207546949e-01 2.524837258807907103e-01 0.000000000000000000e+00
1.468064925038966573e-01 3.061275930115699984e-01 0.000000000000000000e+00
9.617253855998160184e-01 1.391928692804634826e-01 0.000000000000000000e+00
5.757357337226444161e-01 4.603092415766839585e-01 1.000000000000000000e+00
9.448815933555733126e-01 6.998964531165638991e-01 0.000000000000000000e+00
3.889463753463040518e-02 4.877721054912710352e-01 1.000000000000000000e+00
3.803401535892168006e-01 5.215229595816127661e-01 1.000000000000000000e+00
5.159505640072706845e-01 7.559648718816273094e-01 1.000000000000000000e+00
8.669361962665421695e-01 8.991784225892835991e-01 0.000000000000000000e+00
5.444122355306644234e-01 2.453676343709886298e-01 1.000000000000000000e+00
2.755808470454355064e-01 1.187464480254800669e-01 0.000000000000000000e+00
6.028533944796233834e-01 7.099763585924556697e-01 1.000000000000000000e+00
6.571462231926339381e-01 5.917406298612204463e-02 1.000000000000000000e+00
6.978458772071349792e-02 4.742475376849838442e-01 1.000000000000000000e+00
4.581032771332251841e-01 7.224053247622774787e-02 0.000000000000000000e+00
8.428133311389571780e-01 3.719250182408286864e-01 0.000000000000000000e+00
4.343789454219093571e-02 3.612430590278780107e-01 0.000000000000000000e+00
5.305897259749747796e-01 6.905002155747363979e-01 1.000000000000000000e+00
4.708429907665092617e-01 1.356967867337299793e-01 0.000000000000000000e+00
8.274608680955403139e-01 9.574808362576723297e-01 0.000000000000000000e+00
1.587551769423973802e-01 6.714741779195141369e-01 0.000000000000000000e+00
2.559647164157559107e-01 8.287251234059952454e-01 0.000000000000000000e+00
3.665138377478535103e-01 9.833138309156383983e-01 0.000000000000000000e+00
7.264157770620366383e-01 8.458381562774153206e-01 0.000000000000000000e+00
1.531094359939282334e-01 7.288230257595277317e-01 0.000000000000000000e+00
2.809171679539420596e-01 7.100065166823692486e-01 0.000000000000000000e+00
9.988504396080241099e-01 2.396516411254407952e-01 0.000000000000000000e+00
3.198343133060834731e-01 4.971738855273063473e-01 1.000000000000000000e+00
1.300815798346521834e-01 8.921320512714352446e-01 0.000000000000000000e+00
2.188379623372580518e-01 9.548944825736186415e-01 0.000000000000000000e+00
4.397817743298483295e-01 5.873730763014224365e-01 1.000000000000000000e+00
6.283641702209777913e-01 8.509823914979661730e-01 1.000000000000000000e+00
5.128838497957831644e-01 7.270578428108439573e-01 1.000000000000000000e+00
2.094021034592810082e-01 4.737479566901773298e-01 0.000000000000000000e+00
2.105111716670194921e-01 8.558381033078558131e-01 0.000000000000000000e+00
4.479573841412849422e-01 5.998927956364822345e-01 1.000000000000000000e+00
3.068263032968221449e-01 3.301151179317616258e-01 0.000000000000000000e+00
8.735526091630374523e-02 2.421189776911087943e-01 0.000000000000000000e+00
9.643398895612599331e-01 9.352361260230945827e-01 0.000000000000000000e+00
7.027482959720255939e-01 3.101775520523096796e-01 1.000000000000000000e+00
9.301864608232971454e-01 4.297020092397428881e-01 0.000000000000000000e+00
3.082183043916936205e-01 5.765722362990709504e-01 1.000000000000000000e+00
4.989234481993265469e-02 4.668796233410557051e-01 1.000000000000000000e+00
9.409195122826219393e-02 4.629880245323891863e-01 0.000000000000000000e+00
4.478328544639575970e-01 1.042466969426998347e-01 0.000000000000000000e+00
1.983965411908676924e-01 1.035845227361448240e-01 0.000000000000000000e+00
7.512115209308933839e-01 6.831302304653269486e-01 1.000000000000000000e+00
9.848317702951336905e-02 6.969381728778610841e-01 0.000000000000000000e+00
1.578022242639842698e-01 4.141436784451475450e-01 0.000000000000000000e+00
6.664328681120335052e-02 6.391910953160753195e-01 1.000000000000000000e+00
1.783924039883745261e-01 2.617894355295795616e-01 0.000000000000000000e+00
8.002559555306512085e-01 5.455019031931677143e-01 1.000000000000000000e+00
4.578041224525014607e-01 8.648790107155857054e-02 0.000000000000000000e+00
1.981441572950987107e-01 6.154353001537772316e-01 0.000000000000000000e+00
6.203810044555420067e-01 9.162070934615262896e-02 1.000000000000000000e+00
3.615677934648166003e-01 9.789195039746527716e-01 0.000000000000000000e+00
3.123774082645638384e-01 6.291250683126551335e-01 1.000000000000000000e+00
1.881195231416122882e-01 5.369285995997526983e-01 0.000000000000000000e+00
9.592059996947039924e-01 6.089400455730027417e-01 1.000000000000000000e+00
4.332162098849672294e-01 9.441136914035803684e-01 0.000000000000000000e+00
8.805765486830863242e-02 2.939396184978515514e-03 0.000000000000000000e+00
9.256184761149388596e-02 5.906561527368301423e-01 1.000000000000000000e+00
3.542867583303089818e-01 2.602122174652999886e-01 0.000000000000000000e+00
4.946106911230385705e-02 5.866384956080821222e-01 1.000000000000000000e+00
2.107327747270086871e-01 9.428715274861163564e-01 0.000000000000000000e+00
5.113863964128299022e-01 2.427571853031695870e-01 0.000000000000000000e+00
3.871778850599483235e-01 6.057904652168056847e-01 1.000000000000000000e+00
4.160482933326199451e-01 1.428787958501619437e-01 0.000000000000000000e+00
4.896265411431321990e-01 8.861350285196650800e-01 0.000000000000000000e+00
1.663607391824073467e-01 2.848738891069557688e-02 0.000000000000000000e+00
2.721792111346775789e-01 3.264533193580322346e-01 0.000000000000000000e+00
2.675313231308014128e-01 2.320507041071961929e-02 0.000000000000000000e+00
9.688288658259122110e-01 8.399766351106922047e-01 0.000000000000000000e+00
4.300480603286083170e-01 6.187035785136463240e-01 1.000000000000000000e+00
7.557596676050728490e-01 9.832617293301774142e-01 0.000000000000000000e+00
7.606170170753578930e-01 9.912011808920634381e-01 0.000000000000000000e+00
7.418300506013839613e-01 5.352355829453251390e-01 1.000000000000000000e+00
5.615052557849808945e-01 5.631169727624607546e-01 1.000000000000000000e+00
3.783638325117330004e-01 5.441492758919908024e-02 0.000000000000000000e+00
2.534070240374979299e-01 3.206865711279264231e-01 0.000000000000000000e+00
7.924759429526936350e-01 2.546629935836396408e-01 0.000000000000000000e+00
1.386931915548151872e-01 5.371445491039172904e-02 0.000000000000000000e+00
5.819971380353529122e-01 9.434616042626928767e-01 1.000000000000000000e+00
6.367729424861765519e-01 2.238708118686356663e-01 0.000000000000000000e+00
3.036798752668438128e-01 2.286923853925526551e-02 0.000000000000000000e+00
5.512496365778214447e-01 4.979580542057532311e-01 1.000000000000000000e+00
3.708356157903053285e-01 6.436053639560948003e-01 1.000000000000000000e+00
2.653105003134249573e-01 3.788809455086820099e-01 0.000000000000000000e+00
3.041842555190841235e-01 7.902815068227976303e-01 0.000000000000000000e+00
9.984022621975026102e-01 9.868817225904835677e-01 0.000000000000000000e+00
8.655787960507321799e-02 2.665235827617626896e-01 0.000000000000000000e+00
2.015127634728230976e-01 8.345302732986410454e-01 0.000000000000000000e+00
8.291261038450269405e-01 9.083709098366016255e-01 0.000000000000000000e+00
6.878744363773591219e-01 5.216964641502110922e-01 1.000000000000000000e+00
8.749163631046826817e-01 1.687605858527737590e-01 0.000000000000000000e+00
5.796176480342235537e-01 4.103627863213725746e-01 1.000000000000000000e+00
5.305863794924478016e-01 9.335676411205126035e-01 0.000000000000000000e+00
1.367327043407998710e-01 5.619462922313969155e-01 1.000000000000000000e+00
2.222907712622063103e-01 8.408868614436135758e-01 0.000000000000000000e+00
2.092189778441830850e-01 4.453885547606465378e-01 0.000000000000000000e+00
1.279607192382654635e-01 7.344805569871593054e-02 0.000000000000000000e+00
9.969287738189142045e-01 6.567689900751241261e-01 0.000000000000000000e+00
1.207848001136224703e-01 8.797896324657226153e-01 0.000000000000000000e+00
6.110081580427733083e-01 4.599371604267534774e-01 1.000000000000000000e+00
5.975176050261354899e-02 8.636110946227466556e-01 0.000000000000000000e+00
1.799167178251115384e-01 5.197253531128988024e-01 0.000000000000000000e+00
1.670823204912592619e-01 5.048916429853677057e-01 0.000000000000000000e+00
6.513233244676538414e-01 6.049492003060353840e-01 1.000000000000000000e+00
7.575794115505788406e-01 1.038042557665331822e-01 0.000000000000000000e+00
2.041802747005949659e-02 1.647105971839435412e-02 0.000000000000000000e+00
6.318411759505927483e-01 7.257534362509389103e-01 1.000000000000000000e+00
8.927259243246321585e-02 5.742934886429439389e-01 1.000000000000000000e+00
3.580515002949661296e-01 3.672520563823898909e-01 0.000000000000000000e+00
9.774931382002637337e-01 5.595508135052655874e-01 0.000000000000000000e+00
3.692945933075852949e-01 2.975609087476964731e-01 0.000000000000000000e+00
6.944935054125817020e-01 5.904524473391845607e-01 1.000000000000000000e+00
5.956756295908557375e-01 5.483789979781269475e-01 1.000000000000000000e+00
7.278148707652370986e-01 7.569590246142340328e-01 1.000000000000000000e+00
6.954353106757634739e-01 5.620944218611130250e-01 1.000000000000000000e+00
8.946859675211996654e-01 6.359164505468806183e-02 0.000000000000000000e+00
2.316675517862244460e-01 9.512455220692025426e-01 0.000000000000000000e+00
2.987341673379155793e-01 6.900207920208911716e-01 1.000000000000000000e+00
9.804948511199631511e-01 9.743359370535654707e-01 0.000000000000000000e+00
9.095618094842271573e-01 9.855997228678248234e-03 0.000000000000000000e+00
6.367444249851773597e-01 7.554526756510062668e-01 1.000000000000000000e+00
5.089710930868921457e-01 7.833037686311158376e-01 1.000000000000000000e+00
8.892770270895105078e-01 1.764509727253213978e-01 0.000000000000000000e+00
1.610271505445318718e-01 8.462155906309237752e-01 0.000000000000000000e+00
1.739816555716889868e-01 8.341640491851721739e-01 0.000000000000000000e+00
6.750357448200701160e-01 3.635925324338519227e-01 1.000000000000000000e+00
7.227975041501879527e-01 2.383384891333820699e-01 0.000000000000000000e+00
8.726185166201199106e-01 3.607222730118584408e-01 0.000000000000000000e+00
8.941015821936048047e-01 4.569991861947456657e-01 0.000000000000000000e+00
8.809997680465124770e-01 6.035665084131948133e-01 1.000000000000000000e+00
2.178956058834143894e-01 1.200546330222340696e-01 0.000000000000000000e+00
6.959276132413170224e-01 2.145977835032435443e-01 0.000000000000000000e+00
5.228064232461439031e-01 7.439198189012812268e-01 1.000000000000000000e+00
8.917153670116874098e-01 2.273278759110480829e-01 0.000000000000000000e+00
1.797205883704144913e-02 7.493955796120049806e-01 1.000000000000000000e+00
4.647390119867251812e-01 5.640673415439758642e-01 1.000000000000000000e+00
7.360046665631909679e-01 7.458978622300309613e-01 1.000000000000000000e+00
4.195563836493252374e-01 5.245757309586263073e-01 1.000000000000000000e+00
1.395981890890879429e-01 3.988509915010113316e-01 0.000000000000000000e+00
4.823059058089772533e-01 3.650502711325331884e-01 1.000000000000000000e+00
2.101929575239042114e-01 3.986640421263041301e-01 0.000000000000000000e+00
9.973995548355074625e-01 1.755008890855096482e-01 0.000000000000000000e+00
8.714446498084531534e-01 7.491477000582725809e-01 0.000000000000000000e+00
2.605469836144840290e-01 9.543912441190005591e-01 0.000000000000000000e+00
1.368078489009135756e-01 9.510409599221166799e-01 0.000000000000000000e+00
9.135772005470387258e-01 3.080862183186789949e-01 0.000000000000000000e+00
8.841332383194075994e-01 9.502676701487067223e-02 0.000000000000000000e+00
9.035656365291411252e-02 9.973754738939285547e-01 0.000000000000000000e+00
9.364940971581963147e-01 3.345919407625339570e-01 0.000000000000000000e+00
9.640773271393084931e-01 8.700962080603571458e-01 0.000000000000000000e+00
9.037475064425325444e-01 7.329314808900484479e-01 0.000000000000000000e+00
3.769385430511595914e-01 1.157281266804979225e-01 0.000000000000000000e+00
1.658775389547058055e-01 2.872079392336582826e-01 0.000000000000000000e+00
2.938416572447811737e-01 5.921250526278108994e-01 1.000000000000000000e+00
6.653132216642488883e-01 7.055031222472114560e-01 1.000000000000000000e+00
7.184733910503381393e-01 5.490844894611343063e-01 1.000000000000000000e+00
7.402082111431476097e-01 4.220124081170765207e-01 1.000000000000000000e+00
3.085452651147181369e-01 5.384418832238045960e-01 1.000000000000000000e+00
9.980437072661166864e-01 9.036826382416681680e-01 0.000000000000000000e+00
8.906158733224390778e-01 4.075913393756898095e-01 0.000000000000000000e+00
4.834794535674851179e-01 6.639287833586133836e-01 1.000000000000000000e+00
9.832854225365748047e-01 1.771881346864156992e-01 0.000000000000000000e+00
9.035546314292575154e-02 2.544607596546828443e-01 0.000000000000000000e+00
7.991524591993892646e-02 9.505929923274702986e-01 0.000000000000000000e+00
2.702492804137133220e-01 4.484811018620494805e-01 0.000000000000000000e+00
5.111205029532766009e-01 5.297339631292000695e-01 1.000000000000000000e+00
2.069977771707204317e-01 6.563474451246849029e-01 0.000000000000000000e+00
9.878259117298681113e-01 6.529816546565497815e-01 0.000000000000000000e+00
7.320203270704340737e-01 4.426870203539891024e-01 1.000000000000000000e+00
4.460149507219235421e-01 7.735846310856187014e-01 1.000000000000000000e+00
5.337666538471421696e-01 3.553949213484753900e-01 1.000000000000000000e+00
8.712369399140105219e-01 3.441108945306134981e-01 0.000000000000000000e+00
6.930954109866667157e-01 2.284624925089216996e-01 0.000000000000000000e+00
2.673295596819739162e-01 3.705082585439026799e-01 0.000000000000000000e+00
3.622000585743079260e-01 8.077015750654545911e-01 0.000000000000000000e+00
6.147268739983581254e-01 6.440580831887633417e-01 1.000000000000000000e+00
6.123813132415408811e-01 4.037997895320299957e-02 1.000000000000000000e+00
9.363977438336501535e-02 1.450058737995194580e-01 0.000000000000000000e+00
7.552815184789011260e-01 4.316150509896159448e-01 1.000000000000000000e+00
2.866688575972410336e-01 5.665475284230047093e-01 1.000000000000000000e+00
9.257209784082407467e-01 5.116868068732712826e-01 0.000000000000000000e+00
7.019932680619755949e-02 8.670022201482514568e-01 0.000000000000000000e+00
9.731937897222013856e-01 6.899868683700410843e-01 0.000000000000000000e+00
5.084345982902167549e-01 2.539971381651996429e-01 0.000000000000000000e+00
2.849650599110205018e-01 9.755156370401940613e-01 0.000000000000000000e+00
8.556059118649254058e-01 8.737386598309376806e-01 0.000000000000000000e+00
8.285743742295629266e-01 6.522142256361606050e-01 1.000000000000000000e+00
9.603956152465786822e-03 6.395570506198682281e-01 1.000000000000000000e+00
4.051087182982949786e-01 2.292824352252209597e-01 0.000000000000000000e+00
6.051942167104393810e-01 4.089290049173532893e-02 1.000000000000000000e+00
2.283357640429510838e-01 8.028865173211605644e-01 0.000000000000000000e+00
4.454960213625052123e-01 7.030469850019123168e-01 1.000000000000000000e+00
2.638306139424351215e-02 1.375780528753534071e-02 0.000000000000000000e+00
8.301503666243154056e-01 6.259239034296305570e-01 1.000000000000000000e+00
1.889383292713461282e-01 7.082594242083694036e-01 0.000000000000000000e+00
9.279577593073385922e-01 6.218248604193590268e-01 1.000000000000000000e+00
7.318324413267518480e-02 7.285981405322198290e-01 0.000000000000000000e+00
2.590186288274933801e-01 2.750220093617878891e-01 0.000000000000000000e+00
9.500024777535276410e-02 3.926998775630915484e-01 0.000000000000000000e+00
5.586849823333175369e-01 4.694692188902764851e-01 1.000000000000000000e+00
1.354199562555613578e-02 1.366251925563823910e-01 0.000000000000000000e+00
1.325371078684431936e-01 6.318187414015702386e-01 1.000000000000000000e+00
2.801686901840586552e-01 8.157678569067207119e-01 0.000000000000000000e+00
1.206120816682720864e-01 2.560554401799902680e-01 0.000000000000000000e+00
9.092665540438132910e-01 1.949141674899468324e-02 0.000000000000000000e+00
5.888466522300239703e-01 3.745286949064000614e-01 1.000000000000000000e+00
7.166374551107514979e-01 9.673337269584155740e-01 0.000000000000000000e+00
7.714471599292596071e-01 7.211578245395238174e-01 1.000000000000000000e+00
3.146715054280865287e-01 9.553312721014832753e-01 0.000000000000000000e+00
1.726094030812406199e-01 1.404398230719166030e-01 0.000000000000000000e+00
6.653084996283545882e-01 6.538670853651125103e-01 1.000000000000000000e+00
9.011647956186848996e-01 9.022236830575048883e-01 0.000000000000000000e+00
1.093553001029287097e-01 1.162884543252974412e-01 0.000000000000000000e+00
7.520083001687453139e-01 7.138869432132548543e-01 1.000000000000000000e+00
9.160505080786388588e-01 1.807644309052165443e-01 0.000000000000000000e+00
8.952129750888825344e-01 7.394437815097240074e-01 0.000000000000000000e+00
6.817984924294989701e-01 5.106207767998801605e-01 1.000000000000000000e+00
2.516603679883724354e-01 7.264222644976968679e-01 0.000000000000000000e+00
6.352353843621334484e-01 7.335406986527566175e-01 1.000000000000000000e+00
8.471682838851108954e-01 4.840387702465037689e-01 1.000000000000000000e+00
9.296167544645120850e-01 6.996439794517317345e-02 0.000000000000000000e+00
2.293079663757682241e-01 2.283399486801049871e-01 0.000000000000000000e+00
5.972020917873638313e-01 6.484106433963218175e-01 1.000000000000000000e+00
9.491272278738724921e-01 6.255739031835121366e-01 0.000000000000000000e+00
6.872576941997703415e-01 2.091693683907381862e-01 0.000000000000000000e+00
7.327605325445247786e-01 9.033083132340332666e-01 0.000000000000000000e+00
3.594475441377953384e-01 9.793165818431437408e-02 0.000000000000000000e+00
5.751026066239296464e-01 7.137206057877619747e-01 1.000000000000000000e+00
7.952428793328639722e-01 8.604240216355846238e-01 0.000000000000000000e+00
1.068394166545013624e-01 6.789465356248913785e-02 0.000000000000000000e+00
3.814270417171450323e-01 3.776105496463473266e-01 0.000000000000000000e+00
9.609632006364291490e-01 6.537804610822631757e-01 0.000000000000000000e+00
5.883175563879396996e-01 4.356137669510973254e-01 1.000000000000000000e+00
3.568025500004526895e-01 3.656317291835937677e-01 0.000000000000000000e+00
7.556872758281429903e-03 1.180791692040362717e-01 0.000000000000000000e+00
7.708282550115297393e-02 1.779918707565749658e-01 0.000000000000000000e+00
2.709945364377536192e-01 5.787428577763256143e-01 1.000000000000000000e+00
8.542842475141944059e-01 5.851164406944758811e-01 1.000000000000000000e+00
6.988893385030486849e-01 1.517817105082732709e-01 0.000000000000000000e+00
2.524014329631224518e-01 6.348895281020272563e-01 1.000000000000000000e+00
5.957706400524929169e-01 1.400020076844953332e-01 1.000000000000000000e+00
3.785523322280394121e-01 9.894344189157922020e-01 0.000000000000000000e+00
1.065313163806901331e-01 9.479870562738095252e-01 0.000000000000000000e+00
1.033821982010524332e-01 6.942031231153378279e-01 0.000000000000000000e+00
7.082595569687281101e-01 2.928629030868032945e-01 0.000000000000000000e+00
5.465995554798835920e-01 3.354369191536622496e-01 1.000000000000000000e+00
3.768002978692791549e-01 8.293411227321300094e-01 0.000000000000000000e+00
8.711327801397750203e-02 6.803043895988710732e-01 1.000000000000000000e+00
4.828755057022634523e-01 1.878609412183069871e-01 0.000000000000000000e+00
2.268165923624986258e-01 8.416882494846218421e-01 0.000000000000000000e+00
1.824198290852085957e-01 2.582032314190456646e-01 0.000000000000000000e+00
2.143632902772675264e-01 9.320620492412680091e-01 0.000000000000000000e+00
6.983409796774576739e-01 4.054069167710490085e-01 1.000000000000000000e+00
9.656638337336165279e-02 7.527328048456429777e-01 0.000000000000000000e+00
1.217444340288783566e-01 9.960961899578624212e-02 0.000000000000000000e+00
3.199822566615588837e-01 8.577014706513902409e-01 0.000000000000000000e+00
9.483778844320460699e-01 4.057960090019943067e-01 0.000000000000000000e+00
6.106022388702088133e-01 8.337042335255446801e-01 1.000000000000000000e+00
4.771934863611441147e-01 6.906016243650119346e-01 1.000000000000000000e+00
9.744852443586330404e-01 6.788152144952048772e-01 0.000000000000000000e+00
9.768377973040920370e-01 8.335623561135488968e-01 0.000000000000000000e+00
2.599624618050699887e-02 3.453267285598415892e-02 0.000000000000000000e+00
8.591472273090235978e-01 6.312290663698147952e-01 1.000000000000000000e+00
9.842710116260965370e-01 2.444477465764031132e-01 0.000000000000000000e+00
9.845590268164453596e-01 6.395878855447733047e-01 0.000000000000000000e+00
1.775522964712905605e-01 9.777825993525783854e-01 0.000000000000000000e+00
1.373028253171973967e-01 8.564882719062206773e-01 0.000000000000000000e+00
7.499089458153511689e-01 4.405470337415464677e-01 1.000000000000000000e+00
5.910268351987776336e-01 7.549237969998473519e-01 1.000000000000000000e+00
6.619274190230011179e-01 6.554545771535532639e-01 1.000000000000000000e+00
3.054017672256448268e-02 2.730587743911672138e-02 0.000000000000000000e+00
8.314899534831721173e-02 4.858403120965807398e-01 1.000000000000000000e+00
1.894066256086627265e-01 8.136770920999425449e-02 0.000000000000000000e+00
4.772725424680929196e-01 2.312297421230052885e-01 0.000000000000000000e+00
9.259826439375424822e-01 6.540473476943632347e-01 0.000000000000000000e+00
3.160691435652183134e-01 1.157299641845322968e-01 0.000000000000000000e+00
4.293895341859140791e-01 7.841792557733376912e-01 1.000000000000000000e+00
3.813590704236808904e-01 6.530053174755656720e-02 0.000000000000000000e+00
2.329118791987012660e-01 9.913765985852517337e-01 0.000000000000000000e+00
8.920440899821113767e-02 2.786247162352838425e-01 0.000000000000000000e+00
7.822688208329431347e-03 5.463484242284114556e-01 1.000000000000000000e+00
6.539353459519470224e-02 9.605848171496210730e-01 0.000000000000000000e+00
8.639394154884473265e-01 7.324834319775420655e-01 0.000000000000000000e+00
8.720055277740985655e-01 4.395726998368587601e-02 0.000000000000000000e+00
2.261316166060342026e-01 5.651073114267873843e-01 1.000000000000000000e+00
3.940339875894242061e-01 8.904861927971886582e-01 0.000000000000000000e+00
3.667569669085007922e-01 5.021429085435670236e-01 1.000000000000000000e+00
4.773855319745873294e-01 6.305029531375485607e-01 1.000000000000000000e+00
1.771157369623217459e-01 6.350354633449513120e-01 0.000000000000000000e+00
7.616219167443740723e-01 9.248148244235367965e-01 0.000000000000000000e+00
2.173649077124772955e-01 8.476370745148593677e-01 0.000000000000000000e+00
8.619392831933843091e-01 7.832044842037159116e-01 0.000000000000000000e+00
9.008036797060526846e-01 8.337952032607821584e-01 0.000000000000000000e+00
8.985397905893736104e-01 6.478222251321644753e-01 1.000000000000000000e+00
7.922530417270231551e-01 4.501407986618266577e-01 1.000000000000000000e+00
7.855244710924713658e-02 1.470554598417898040e-01 0.000000000000000000e+00
6.876519299504643135e-01 5.444730354940873207e-01 1.000000000000000000e+00
9.733727889305255898e-01 1.737546540338827938e-01 0.000000000000000000e+00
8.548784649859748619e-01 4.633855390871848279e-01 1.000000000000000000e+00
7.409174977918985272e-01 5.622656012441926698e-01 1.000000000000000000e+00
7.239589870647590297e-01 9.963606489267148314e-01 0.000000000000000000e+00
4.044558885712835616e-01 4.472617692290830060e-01 1.000000000000000000e+00
3.446018007351236978e-01 7.098349595161914660e-01 1.000000000000000000e+00
8.248706271110362032e-02 8.815611216592817989e-01 0.000000000000000000e+00
7.907796120037253740e-01 6.581492713444668796e-01 1.000000000000000000e+00
2.154901330253009561e-01 8.892874426695727141e-01 0.000000000000000000e+00
6.927045991696288985e-01 5.675731326939114085e-01 1.000000000000000000e+00
7.731847184655137317e-01 1.577290667114527034e-01 0.000000000000000000e+00
3.557642313536968359e-01 5.194483041185782302e-02 0.000000000000000000e+00
7.070186148717472197e-02 8.532249136626879338e-01 0.000000000000000000e+00
8.215738288970869663e-01 4.686224210622166320e-01 1.000000000000000000e+00
9.252678823317180834e-01 4.148877675766791118e-01 0.000000000000000000e+00
3.211789169697744084e-01 9.118130810412028442e-02 0.000000000000000000e+00
2.663965100386178619e-01 1.129857420195716777e-01 0.000000000000000000e+00
5.921440264848795154e-01 5.102226052609054596e-01 1.000000000000000000e+00
3.997364014526376685e-01 5.080714482876301785e-01 1.000000000000000000e+00
5.701408846909302719e-01 8.589155328487360075e-01 1.000000000000000000e+00
8.534978873206833239e-01 7.673177881995485450e-02 0.000000000000000000e+00
9.704010649060224036e-02 2.160227049152900758e-01 0.000000000000000000e+00
7.768363587177964380e-01 4.704181064297252579e-02 0.000000000000000000e+00
7.108204713685317699e-01 4.345949936942514746e-01 1.000000000000000000e+00
7.926754284728307898e-01 1.306514270143107614e-01 0.000000000000000000e+00
7.699843740878570264e-01 6.403563629082279496e-01 1.000000000000000000e+00
7.029596000553427482e-01 8.015104475162625475e-01 1.000000000000000000e+00
8.160707579334657291e-01 1.149237363613406782e-01 0.000000000000000000e+00
8.886847850622980882e-01 5.006890272900889061e-01 1.000000000000000000e+00
5.919057970298573501e-01 6.150571659782979594e-01 1.000000000000000000e+00
3.742560833482910798e-01 8.521510017345880206e-01 0.000000000000000000e+00
6.799949684672736971e-01 5.076276576663538709e-01 1.000000000000000000e+00
5.529150640431070851e-01 4.848462424753018363e-01 1.000000000000000000e+00
8.717714875978169742e-01 9.205636821745732945e-01 0.000000000000000000e+00
6.286933700735615194e-01 4.665538194675334926e-01 1.000000000000000000e+00
5.703866808947528622e-01 5.840842305932612000e-01 1.000000000000000000e+00
3.507049800320000132e-01 6.347035564942854480e-01 1.000000000000000000e+00
9.985601963684522797e-01 6.066879066853289038e-01 0.000000000000000000e+00
1.760735899916190395e-01 5.225950200609524865e-01 0.000000000000000000e+00
8.549735826367858005e-01 6.578680600592786698e-01 1.000000000000000000e+00
1.790275624361511442e-01 5.855789356345890706e-01 1.000000000000000000e+00
8.931125831436989015e-01 5.097456974688041598e-02 0.000000000000000000e+00
4.920340670612839418e-01 7.215697518743990901e-01 1.000000000000000000e+00
9.233633294410450443e-01 4.840652929646170888e-01 0.000000000000000000e+00
5.770787206260117319e-01 7.624305988502499964e-02 1.000000000000000000e+00
8.532132386043117522e-01 3.897202109367781109e-01 0.000000000000000000e+00
6.994019944126884658e-01 4.017788182915598139e-01 1.000000000000000000e+00
4.874614516581364798e-01 4.785301048694275972e-01 1.000000000000000000e+00
5.599608623764480431e-01 3.133356701642036057e-01 1.000000000000000000e+00
2.546053050513698013e-01 5.855171438616012525e-01 1.000000000000000000e+00
3.013005551196334952e-02 8.678661150471707053e-01 0.000000000000000000e+00
3.756695990718774691e-01 1.638730123754446044e-01 0.000000000000000000e+00
5.304915004657377864e-01 3.556437550464117692e-01 1.000000000000000000e+00
1.463255981610070977e-01 3.059959355707335682e-01 0.000000000000000000e+00
8.007244430698324811e-01 3.429615196887859652e-01 0.000000000000000000e+00
6.307583588550017550e-01 6.577822437951913459e-01 1.000000000000000000e+00
6.955891305557608817e-01 2.694967187559504929e-01 0.000000000000000000e+00
1.644598588703418685e-01 2.998233649451608196e-01 0.000000000000000000e+00
8.686601934680869830e-01 5.703636799341069707e-01 1.000000000000000000e+00
2.295659372297799150e-01 6.451968732024951914e-01 0.000000000000000000e+00
9.837300240082094138e-01 4.133960008946465647e-01 0.000000000000000000e+00
2.719319105015224336e-01 2.937812761420426355e-01 0.000000000000000000e+00
2.182784175842467089e-02 6.406356201765524006e-01 1.000000000000000000e+00
2.905468172760458101e-01 6.701395449957058270e-01 1.000000000000000000e+00
2.214105131801445969e-01 9.076673330566791265e-01 0.000000000000000000e+00
7.446756278243258365e-01 8.868966339851446223e-01 0.000000000000000000e+00
1.505820514513469544e-01 7.380677733474245716e-01 0.000000000000000000e+00
5.094513774806138651e-01 9.902123429853980641e-01 0.000000000000000000e+00
3.990084236786004546e-01 5.534989917845305474e-01 1.000000000000000000e+00
3.670117544484163830e-02 4.467010464427306760e-01 1.000000000000000000e+00
7.694923993314364274e-01 2.540576243396088785e-01 0.000000000000000000e+00
4.144073617964995071e-01 2.812636313933498666e-01 0.000000000000000000e+00
2.597818067238388817e-01 2.023491102720192947e-01 0.000000000000000000e+00
1.054500286790932551e-01 7.265010019329934954e-01 0.000000000000000000e+00
8.844656604700406044e-01 9.009472583332783779e-01 0.000000000000000000e+00
6.284023279054964384e-01 3.342506408318578481e-01 1.000000000000000000e+00
8.670933679000547567e-01 8.545614767360184549e-01 0.000000000000000000e+00
7.171157406512059795e-01 5.772941112056407809e-01 1.000000000000000000e+00
4.168820424247767775e-01 5.294734560814047253e-01 1.000000000000000000e+00
1.790252701817565129e-01 2.864507684570893886e-01 0.000000000000000000e+00
6.894756509695081359e-01 1.917123791331959426e-01 0.000000000000000000e+00
2.374131286155857223e-01 2.463730118565767846e-01 0.000000000000000000e+00
9.175379312702705015e-01 7.218118655955009233e-01 0.000000000000000000e+00
6.317908434552882424e-01 7.735288965250082249e-01 1.000000000000000000e+00
9.511417772938987047e-01 6.503938906489370453e-03 0.000000000000000000e+00
8.667364792275124019e-01 1.673917554447815759e-01 0.000000000000000000e+00
8.275929537598317731e-01 4.864096598632745572e-01 1.000000000000000000e+00
1.204748781225686294e-01 6.443487467785191658e-02 0.000000000000000000e+00
2.991824074531098665e-01 1.313356739216483549e-01 0.000000000000000000e+00
4.011411232087103151e-01 8.746232837171369345e-01 0.000000000000000000e+00
1.688617266480552104e-01 7.097969069221226057e-01 0.000000000000000000e+00
3.096476964108048069e-01 8.514416932367696589e-02 0.000000000000000000e+00
2.221703977299136490e-01 8.179980804796695981e-01 0.000000000000000000e+00
9.249961560543368266e-01 9.968820647205722807e-03 0.000000000000000000e+00
6.914005423939872941e-01 8.898343133267593297e-01 0.000000000000000000e+00
5.127805787988121144e-01 9.643501258164974832e-01 0.000000000000000000e+00
9.372204125551302223e-01 7.610427721789826405e-01 0.000000000000000000e+00
4.914642669815227904e-03 6.618122712544295405e-01 1.000000000000000000e+00
2.604527071072041400e-01 3.145581313736101059e-02 0.000000000000000000e+00
2.213706183691661611e-01 3.699404836353056281e-01 0.000000000000000000e+00
6.438517530376796083e-01 2.702384015685123098e-01 1.000000000000000000e+00
5.161522305349951489e-01 8.860500125802728277e-01 1.000000000000000000e+00
3.913764749603271254e-01 2.923660653053526959e-01 0.000000000000000000e+00
6.300117646377688674e-01 6.461416395203595231e-01 1.000000000000000000e+00
6.163058505286161948e-01 7.682220346587935733e-01 1.000000000000000000e+00
2.597987149510527782e-02 3.787700753421390232e-01 0.000000000000000000e+00
4.881259697683434373e-01 4.726315054216758682e-01 1.000000000000000000e+00
9.170866922352899353e-01 6.098992073376308110e-01 1.000000000000000000e+00
6.719533845382288373e-01 4.413290627353247952e-01 1.000000000000000000e+00
3.228545060482879148e-01 1.074852735264186787e-02 0.000000000000000000e+00
6.330697787716549341e-01 4.907385808848567788e-01 1.000000000000000000e+00
3.851372548608855695e-02 6.959773795149710729e-01 1.000000000000000000e+00
2.198724421932085615e-01 3.327252003448288864e-02 0.000000000000000000e+00
5.583120058775351557e-01 7.439324448104164267e-01 1.000000000000000000e+00
7.057281664877006477e-01 7.466724515675779994e-01 1.000000000000000000e+00
7.163853724996107619e-01 8.336500578553324159e-01 1.000000000000000000e+00
3.618449672542689566e-02 9.333980170928480868e-01 0.000000000000000000e+00
2.535949947177436048e-01 4.201727099384511277e-01 0.000000000000000000e+00
6.766765915215399163e-01 2.083954288534549670e-01 0.000000000000000000e+00
5.118939669250817115e-01 4.585268184390605128e-01 1.000000000000000000e+00
1.256423304342662028e-01 4.579048341606809513e-01 0.000000000000000000e+00
6.772991281671052466e-01 3.761247615537477440e-02 1.000000000000000000e+00
1.826120801189035081e-01 2.501228939084521041e-02 0.000000000000000000e+00
3.410290532923043738e-01 3.442992720822311004e-01 0.000000000000000000e+00
2.840693788888757343e-01 2.727338849015439326e-01 0.000000000000000000e+00
5.458352210997541309e-01 9.033279101544556822e-01 1.000000000000000000e+00
5.259314767717411243e-01 5.408586958691947721e-01 1.000000000000000000e+00
6.032820972577349616e-01 4.578144253542374420e-01 1.000000000000000000e+00
5.092635629141293307e-01 6.483365996228924732e-01 1.000000000000000000e+00
5.525266894548602759e-01 4.439917254647600675e-01 1.000000000000000000e+00
9.950125726930486580e-01 1.905749444323256991e-01 0.000000000000000000e+00
4.191120124133683733e-01 3.722878648109371191e-01 1.000000000000000000e+00
8.555698230715617081e-01 6.473013663373747839e-01 1.000000000000000000e+00
3.635258401020199370e-01 1.722551967885239677e-01 0.000000000000000000e+00
7.934511598351232653e-01 7.645303478218410387e-01 1.000000000000000000e+00
2.766520170268050860e-01 8.031248229981871045e-01 0.000000000000000000e+00
5.835989043565315004e-01 2.741915207873022453e-01 1.000000000000000000e+00
4.537827355285188879e-01 7.503734282258757160e-01 1.000000000000000000e+00
3.278001290373967480e-01 9.287994127247185538e-01 0.000000000000000000e+00
7.590782799622747268e-01 1.427604940025103408e-01 0.000000000000000000e+00
7.303158428481890674e-01 6.190232258819730049e-01 1.000000000000000000e+00
2.976538211418268132e-01 7.636114468480637019e-02 0.000000000000000000e+00
8.629779938861191768e-01 5.473265680988236292e-01 1.000000000000000000e+00
3.081916381733140753e-01 2.164963899260279323e-01 0.000000000000000000e+00
5.256404499143773057e-01 1.049067654856051801e-01 1.000000000000000000e+00
1.103826454353388220e-01 7.131950667158326596e-03 0.000000000000000000e+00
9.830478294018661911e-01 5.449373147587389665e-01 0.000000000000000000e+00
1.907893090983282525e-01 6.312985916348657911e-01 0.000000000000000000e+00
4.247051421466380150e-01 1.700366864600147965e-01 0.000000000000000000e+00
1.166185834655418807e-01 2.821639335412773342e-02 0.000000000000000000e+00
4.077385150879035969e-01 5.766371735556370393e-01 1.000000000000000000e+00
6.904873917247682513e-01 9.954333185854657984e-01 0.000000000000000000e+00
1.864016037353742883e-01 8.067070398468196846e-01 0.000000000000000000e+00
9.344873132672496530e-01 9.942347502257717906e-01 0.000000000000000000e+00
2.713185055299756065e-01 3.891203928787407840e-01 0.000000000000000000e+00
9.782293344279147096e-02 8.008883379777029798e-01 0.000000000000000000e+00
5.299093316258178810e-01 9.514759394298628603e-01 0.000000000000000000e+00
8.810899403398888552e-01 5.098785985397482623e-01 1.000000000000000000e+00
1.032683710890505147e-01 7.268711070416483677e-01 0.000000000000000000e+00
2.540368329129416569e-02 8.585275043581906962e-01 0.000000000000000000e+00
7.537003069070371541e-01 8.916647526246151978e-01 0.000000000000000000e+00
6.462325227750551626e-01 2.941204855726419209e-01 1.000000000000000000e+00
1.524072996513613498e-01 8.564756338464107888e-01 0.000000000000000000e+00
4.459540102449861543e-01 6.577366477719862603e-01 1.000000000000000000e+00
2.499501279393383513e-01 8.893053715781570334e-01 0.000000000000000000e+00
6.345628149403526042e-01 8.981716570400041233e-01 1.000000000000000000e+00
8.096264076916056540e-01 7.854207255703455903e-01 0.000000000000000000e+00
6.084511010674248377e-01 5.792301455727455473e-02 1.000000000000000000e+00
5.894100864803922812e-01 2.478589750278431536e-01 1.000000000000000000e+00
7.524752209768670319e-01 9.824850589011612234e-01 0.000000000000000000e+00
5.182869282262154709e-01 5.924763677735489509e-02 1.000000000000000000e+00
6.988554455586774017e-01 6.989550157241688488e-01 1.000000000000000000e+00
5.538249598195673640e-01 2.853433203181463540e-01 1.000000000000000000e+00
1.080686762423761493e-01 4.119784913458626185e-01 0.000000000000000000e+00
4.299675728208599557e-01 2.641183274449396823e-01 0.000000000000000000e+00
9.273853538028672405e-01 7.712099829091959569e-01 0.000000000000000000e+00
2.974123627839752038e-01 8.742717321883619608e-01 0.000000000000000000e+00
4.591893981910832867e-02 2.676803792317385966e-01 0.000000000000000000e+00
3.337443985150099213e-01 3.740670372996266480e-01 0.000000000000000000e+00
3.122828072574141967e-01 7.587198623140809506e-01 0.000000000000000000e+00
1.868680650636433960e-02 2.553300328389256357e-01 0.000000000000000000e+00
9.704959614579312666e-01 4.241151330043473333e-01 0.000000000000000000e+00
3.864644151191505284e-01 9.122946583371014384e-01 0.000000000000000000e+00
5.554155218566090291e-01 4.974560299030406085e-01 1.000000000000000000e+00
2.042117197098760606e-01 1.226225906751871042e-01 0.000000000000000000e+00
8.616160827366420305e-01 7.191692314304373168e-01 0.000000000000000000e+00
5.006140448284586153e-01 4.652863960266888643e-01 1.000000000000000000e+00
7.487636040101891544e-01 6.150072330729663417e-01 1.000000000000000000e+00
1.758473977369061636e-01 7.939978103840460433e-01 0.000000000000000000e+00
8.128444749844901951e-01 2.768423398362963583e-01 0.000000000000000000e+00
9.558551669252565164e-01 2.385789376403220086e-01 0.000000000000000000e+00
7.440058218892052766e-01 1.592885860712315305e-01 0.000000000000000000e+00
3.318834691868822739e-01 2.537083714118196776e-01 0.000000000000000000e+00
7.594619777779183512e-01 4.626110111510627343e-01 1.000000000000000000e+00
4.994877451980058725e-01 1.012487435056427243e-01 1.000000000000000000e+00
3.790251607393979594e-01 4.918437209247881192e-01 1.000000000000000000e+00
8.672140938471933902e-01 9.037070097986638073e-01 0.000000000000000000e+00
8.247985213659131398e-01 1.442667457142806642e-01 0.000000000000000000e+00
4.398004205447568760e-01 5.454207469718463930e-02 0.000000000000000000e+00
1.156856448671856885e-01 2.641767285499907469e-01 0.000000000000000000e+00
6.039409327862708121e-01 7.161180225273756639e-01 1.000000000000000000e+00
2.125486144622109608e-01 9.259963909741097954e-01 0.000000000000000000e+00
3.711292879550007751e-01 6.119133074954977713e-01 1.000000000000000000e+00
6.829004765882793482e-01 7.042673792470639516e-01 1.000000000000000000e+00
8.540207507341168736e-01 3.289861259198160193e-01 0.000000000000000000e+00
9.884131144204038044e-01 4.565694704143485882e-02 0.000000000000000000e+00
9.111688286519001867e-01 5.704448605359698776e-01 1.000000000000000000e+00
2.954483088484920472e-01 8.402766001411584584e-01 0.000000000000000000e+00
4.526482207713905526e-01 1.532409129561773664e-01 0.000000000000000000e+00
7.696993738420649933e-01 1.535754194459854061e-01 0.000000000000000000e+00
9.329868849374012285e-01 4.034789447862273670e-01 0.000000000000000000e+00
2.797316253602556424e-01 1.483420827823139776e-01 0.000000000000000000e+00
2.203179556913569259e-01 8.747810219468699078e-01 0.000000000000000000e+00
9.280672230079007878e-01 6.627638900654626575e-01 0.000000000000000000e+00
7.968404892389013838e-01 5.340982073581669320e-01 1.000000000000000000e+00
5.672043948614691189e-02 5.199421019415789713e-01 1.000000000000000000e+00
8.323700068631234572e-02 1.110227344517991099e-01 0.000000000000000000e+00
3.844541669072599754e-01 3.749786014310304560e-01 0.000000000000000000e+00
6.433548819235493932e-01 6.521419288591725483e-01 1.000000000000000000e+00
2.691604538892190535e-01 4.854163971394831467e-02 0.000000000000000000e+00
2.867412434544546196e-01 2.546391784778161416e-01 0.000000000000000000e+00
7.204181416958816975e-01 6.092899281402225364e-01 1.000000000000000000e+00
6.308265346981856148e-02 1.065535920916882429e-01 0.000000000000000000e+00
3.935228697696221412e-01 4.191462087574939765e-01 1.000000000000000000e+00
7.636019370377137294e-01 2.745117808085029143e-01 0.000000000000000000e+00
3.985073582691283089e-01 5.790477891553820200e-01 1.000000000000000000e+00
6.943404296119592978e-01 1.269441722951577534e-01 0.000000000000000000e+00
9.308077331630038032e-02 7.221659034448189018e-01 0.000000000000000000e+00
6.830424475139419416e-01 8.649367253570451330e-01 1.000000000000000000e+00
8.431707007184611191e-01 9.373502658483590100e-02 0.000000000000000000e+00
8.470194297618595103e-01 8.553373781244565377e-01 0.000000000000000000e+00
4.705622344815879599e-01 2.435459684350333998e-01 0.000000000000000000e+00
1.965123652645931474e-01 6.447723408306965664e-01 0.000000000000000000e+00
1.096617711229660452e-01 5.890189932861201738e-01 1.000000000000000000e+00
8.529078207384465093e-01 5.675042619244589082e-01 1.000000000000000000e+00
4.168698328861888402e-01 2.849361640720664557e-01 0.000000000000000000e+00
1.283479221959292760e-01 5.210819236757583406e-01 1.000000000000000000e+00
2.461564571207041086e-01 1.700604750057056469e-01 0.000000000000000000e+00
4.078531555741974346e-01 9.328162344443700071e-01 0.000000000000000000e+00
5.890348054077533257e-01 8.719310996819535919e-01 1.000000000000000000e+00
9.173690909827826312e-01 6.186640724066094776e-02 0.000000000000000000e+00
2.087534168870136542e-01 5.700159969034156449e-01 0.000000000000000000e+00
6.935817249435233256e-01 5.834009096870463873e-01 1.000000000000000000e+00
5.415511826709634713e-01 5.226564403808168224e-01 1.000000000000000000e+00
9.042971591386538277e-01 5.848201929948739775e-01 1.000000000000000000e+00
6.891534824563239070e-02 6.406092743932056965e-02 0.000000000000000000e+00
3.603039226645311510e-01 3.844409096270368087e-01 0.000000000000000000e+00
2.225972534001219305e-01 5.137450903611334718e-01 0.000000000000000000e+00
5.544568670718859060e-01 6.310217161896447546e-02 1.000000000000000000e+00
5.553429188649756654e-01 8.731979626925697735e-01 1.000000000000000000e+00
1.725551395800186683e-01 5.930107012799636923e-01 1.000000000000000000e+00
1.584787193235350777e-01 9.502889270391121634e-01 0.000000000000000000e+00
7.882152427312860699e-02 9.851682928853973120e-01 0.000000000000000000e+00
5.338340985815600570e-01 9.928341786133698665e-01 0.000000000000000000e+00
6.205744351264863568e-01 4.919737672091135661e-01 1.000000000000000000e+00
1.834173302111982151e-01 9.238469145403686023e-01 0.000000000000000000e+00
7.208678583189913613e-01 7.912988870005317477e-01 1.000000000000000000e+00
5.641197986263400965e-01 9.139304598278424896e-01 1.000000000000000000e+00
4.294592954108629179e-01 1.316079220349830603e-02 1.000000000000000000e+00
6.859255115044575746e-01 4.104429922766420491e-01 1.000000000000000000e+00
9.964055168950780583e-02 6.300867284818363334e-01 1.000000000000000000e+00
1.221729792445597207e-01 6.368108677052518596e-01 1.000000000000000000e+00
4.286739088332184311e-01 5.711089233124695408e-01 1.000000000000000000e+00
2.694174905008011045e-01 5.733510835717380294e-01 1.000000000000000000e+00
7.403203619637166444e-02 1.830479249190261060e-01 0.000000000000000000e+00
2.901742796031623328e-01 8.543847553599139832e-01 0.000000000000000000e+00
2.794816610108661337e-01 8.940104581326451250e-01 0.000000000000000000e+00
7.214735473324731529e-01 3.609729432564304785e-01 1.000000000000000000e+00
4.930152002194823080e-01 7.632769907808132359e-01 1.000000000000000000e+00
6.888521217412880704e-01 9.781327789181635257e-01 0.000000000000000000e+00
4.774210462960263301e-01 6.769817229013961324e-01 1.000000000000000000e+00
9.137600938263686912e-01 4.152527893564371686e-01 0.000000000000000000e+00
2.413835172822682562e-01 2.459774640837972814e-01 0.000000000000000000e+00
9.370179108133424029e-01 7.459611294649858282e-01 0.000000000000000000e+00
6.622676230919943841e-02 2.588181537097059559e-01 0.000000000000000000e+00
5.965562391124581421e-01 6.508610601155920827e-01 1.000000000000000000e+00
9.756126194625097670e-01 3.006480858947208068e-01 0.000000000000000000e+00
4.061911229278478697e-01 6.347736553491357681e-01 1.000000000000000000e+00
8.911424754755261635e-01 7.681775082264017396e-01 0.000000000000000000e+00
9.265195093012604799e-01 3.517314333522421066e-01 0.000000000000000000e+00
9.167481109968605990e-01 7.568487941861778978e-01 0.000000000000000000e+00
1.879355080281980284e-01 6.248993057400247242e-01 0.000000000000000000e+00
9.929989992850551950e-03 3.834267403261976126e-01 0.000000000000000000e+00
8.063097621450099339e-01 5.274158563567923341e-01 1.000000000000000000e+00
9.003520410897568604e-01 4.035710859293216712e-01 0.000000000000000000e+00
8.303104395530092052e-01 6.125506849519138930e-01 1.000000000000000000e+00
7.164079954317614796e-01 1.094085377929977509e-01 0.000000000000000000e+00
2.108086260165287218e-01 4.631270749845552981e-01 0.000000000000000000e+00
6.933153817101492811e-01 4.522748065565057596e-01 1.000000000000000000e+00
1.635232017114367498e-01 9.164002223599216901e-01 0.000000000000000000e+00
7.898467706799034982e-01 3.340296992638063234e-01 0.000000000000000000e+00
7.236435243110695970e-01 1.164844226046551912e-01 0.000000000000000000e+00
9.173743228066986166e-01 1.880596182948249817e-01 0.000000000000000000e+00
1.630875831728455516e-01 6.054542283665855784e-01 1.000000000000000000e+00
2.387244798604382101e-02 5.937163623067190921e-01 1.000000000000000000e+00
8.043833371588121617e-01 7.507801736694799111e-01 1.000000000000000000e+00
9.694701213301477605e-01 6.414898161850041136e-01 0.000000000000000000e+00
2.159658232864261063e-01 5.810258972922455190e-01 1.000000000000000000e+00
6.712125639233027519e-01 1.737124489207694245e-01 0.000000000000000000e+00
6.706783767011330610e-01 4.665013605404118024e-01 1.000000000000000000e+00
5.854355813357460248e-01 3.036884091900500238e-01 1.000000000000000000e+00
3.684742905348376008e-01 4.582682718920565446e-01 1.000000000000000000e+00
8.690571600272745112e-02 1.775463044196368134e-01 0.000000000000000000e+00
8.900215476784988367e-01 7.760618259686347109e-02 0.000000000000000000e+00
2.005912375468867914e-01 8.729865003729923023e-01 0.000000000000000000e+00
1.628475497296318908e-01 5.859540176342271645e-01 1.000000000000000000e+00
2.395582269236581352e-01 5.189665363134425835e-01 0.000000000000000000e+00
2.155943961857559321e-01 9.954640838977052431e-01 0.000000000000000000e+00
9.843418674213743058e-01 6.143491001073524416e-01 0.000000000000000000e+00
9.923468596476058279e-01 3.464358832520442188e-01 0.000000000000000000e+00
8.101242389942833189e-01 6.507570476788299141e-01 1.000000000000000000e+00
2.801752828458967670e-01 4.580290264957297408e-01 0.000000000000000000e+00
9.107826070900334470e-01 5.828426741004748557e-01 1.000000000000000000e+00
4.633800076486703778e-01 3.579118733386892348e-01 1.000000000000000000e+00
2.987218541998014620e-01 5.713332836997537800e-01 1.000000000000000000e+00
5.136260599202506771e-01 4.298364111752990269e-01 1.000000000000000000e+00
9.848443570186083962e-01 1.525639409801845536e-01 0.000000000000000000e+00
7.479694125569869012e-02 7.626819168471951071e-01 0.000000000000000000e+00
9.225102970143347347e-01 8.717021321065062667e-01 0.000000000000000000e+00
7.899622716374834486e-01 8.337910356464650619e-02 0.000000000000000000e+00
5.248054254083327486e-01 2.296497612519620146e-01 0.000000000000000000e+00
5.762489391785866610e-01 7.322597135950422720e-01 1.000000000000000000e+00
4.542427654571650208e-01 3.832730185628632213e-01 1.000000000000000000e+00
2.568360323737080009e-01 4.268831161957586939e-02 0.000000000000000000e+00
8.530902797158862461e-01 9.311339143718679878e-01 0.000000000000000000e+00
4.380811436214913090e-01 4.487354012727549080e-01 1.000000000000000000e+00
7.284729944963566073e-01 7.776431043858536007e-01 1.000000000000000000e+00
5.818155666201986209e-01 8.861891755875140886e-01 1.000000000000000000e+00
8.317936611163061489e-01 9.774348426968004766e-02 0.000000000000000000e+00
2.133395728517930579e-01 7.352490400643824087e-01 0.000000000000000000e+00
1.736632309932941709e-01 5.222723298733316089e-01 0.000000000000000000e+00
5.562136180538467256e-01 6.916575322394211689e-01 1.000000000000000000e+00
2.961439004731819535e-01 3.531654710272343900e-01 0.000000000000000000e+00
6.716617561326800878e-01 2.891646022610746547e-01 1.000000000000000000e+00
7.830133543590097611e-01 1.336353459126780052e-01 0.000000000000000000e+00
1.541459042621875497e-01 2.119362569491675119e-01 0.000000000000000000e+00
5.785484246100194294e-01 5.559513068084661613e-01 1.000000000000000000e+00
6.783085970732127823e-01 4.345933640178838431e-01 1.000000000000000000e+00
7.802925705810643819e-01 5.890087009741175050e-01 1.000000000000000000e+00
8.304904016614764739e-01 7.249726645758832744e-01 1.000000000000000000e+00
8.254145325400203959e-01 1.582472657554878648e-01 0.000000000000000000e+00
5.574229470605142067e-01 6.548298950138580210e-01 1.000000000000000000e+00
8.117649127418230526e-01 7.902331130044083496e-01 0.000000000000000000e+00
4.682209586224653775e-01 9.354432234062266538e-01 0.000000000000000000e+00
4.405287695523536495e-01 6.360785035302100043e-01 1.000000000000000000e+00
9.712134584961279460e-01 8.403151261480031886e-01 0.000000000000000000e+00
4.170802573920237011e-01 8.047047755520054801e-01 1.000000000000000000e+00
8.156160722373175798e-01 2.865200600095864081e-01 0.000000000000000000e+00
1.876713051233709351e-01 7.395881795330664366e-01 0.000000000000000000e+00
2.376716171985747694e-01 6.292638895933990728e-01 1.000000000000000000e+00
2.266529264648999842e-01 3.596195727108675300e-02 0.000000000000000000e+00
7.989050878542092171e-02 3.699044331442764566e-01 0.000000000000000000e+00
7.364738989192665120e-02 3.892672336378915077e-01 0.000000000000000000e+00
1.236966603246039131e-01 9.053514022038259279e-01 0.000000000000000000e+00
2.077527975262070115e-01 5.512384914460340957e-01 0.000000000000000000e+00
1.571681032929871380e-01 1.184989475156884575e-01 0.000000000000000000e+00
1.402043360827009977e-02 9.953706744542737406e-01 0.000000000000000000e+00
9.022965720273754542e-01 9.783109676230794527e-01 0.000000000000000000e+00
5.012741652134489190e-01 4.892845933795869628e-01 1.000000000000000000e+00
3.462641539542361535e-01 5.467251251991723793e-01 1.000000000000000000e+00
8.798308337390995382e-01 8.968505877735499787e-02 0.000000000000000000e+00
8.139542210256974775e-01 4.078068700287873494e-01 0.000000000000000000e+00
5.397838514779706998e-03 4.327281336437431847e-01 1.000000000000000000e+00
5.734210884250173779e-01 6.917697617501523677e-01 1.000000000000000000e+00
1.504880210660122231e-01 9.364506527858603713e-01 0.000000000000000000e+00
8.573234716159059410e-01 6.101888490801523623e-01 1.000000000000000000e+00
5.664479643398030451e-01 2.941958320712867447e-03 1.000000000000000000e+00
6.458925453307008402e-01 7.821156713630916801e-01 1.000000000000000000e+00
7.885687763262793082e-01 4.693952434070700619e-01 1.000000000000000000e+00
3.908998254348121648e-01 5.827778085831422095e-01 1.000000000000000000e+00
7.775266614356769468e-01 3.900263834599754231e-01 1.000000000000000000e+00
4.938852397540847150e-01 6.267435345196982199e-01 1.000000000000000000e+00
8.296271524161522581e-01 3.318727214021945926e-01 0.000000000000000000e+00
5.312300304837155318e-01 4.941922029171953445e-01 1.000000000000000000e+00
4.024039933132236291e-01 2.773228590102063684e-01 0.000000000000000000e+00
5.014105690626485812e-01 1.458528188896222044e-01 0.000000000000000000e+00
2.633236359592863174e-01 4.598185733416119136e-01 0.000000000000000000e+00
1.355198360427484205e-01 2.036978265643500929e-01 0.000000000000000000e+00
4.884562235913381123e-03 2.388200526109817146e-01 0.000000000000000000e+00
5.799144995042798678e-01 9.495667535044802765e-01 1.000000000000000000e+00
2.601176975125031321e-01 7.678977678713720945e-01 0.000000000000000000e+00
7.410793172605194545e-01 2.265228442383039331e-01 0.000000000000000000e+00
3.827259721277563864e-01 4.087566422094329743e-01 1.000000000000000000e+00
7.972203298780567993e-01 2.897272902750012147e-01 0.000000000000000000e+00
5.727792684181181038e-01 8.799271936899154545e-01 1.000000000000000000e+00
8.033047337464508386e-01 7.489178463057253321e-01 1.000000000000000000e+00
6.327755912358984380e-01 6.067916917346813932e-01 1.000000000000000000e+00
4.305854415900300936e-02 8.305121187623416557e-01 0.000000000000000000e+00
1.531985543729572630e-01 4.273864713563363393e-01 0.000000000000000000e+00
7.271855823130661811e-01 7.536316875325188569e-03 1.000000000000000000e+00
6.976921895040462118e-01 1.219884546226358557e-01 0.000000000000000000e+00
6.021640890634082366e-01 2.855509402584343048e-01 1.000000000000000000e+00
6.769502809265509624e-01 5.380709751397082519e-01 1.000000000000000000e+00
2.417744099179828243e-01 9.634544533108796438e-01 0.000000000000000000e+00
4.321001659495158354e-01 4.760610141663291772e-01 1.000000000000000000e+00
9.495718191930632157e-01 5.838307289397892674e-02 0.000000000000000000e+00
9.409942007068102798e-01 6.224241355797699438e-01 1.000000000000000000e+00
9.890230116154050677e-01 7.018465560606838016e-01 0.000000000000000000e+00
2.994862830544712251e-01 1.005479296573110748e-01 0.000000000000000000e+00
3.593935893295708839e-01 7.777365700155062234e-01 0.000000000000000000e+00
6.034096726729188953e-01 5.600360677831222045e-01 1.000000000000000000e+00
3.931135333575745960e-01 9.451414596139257052e-01 0.000000000000000000e+00
3.462933735436887206e-01 8.455685682246723012e-01 0.000000000000000000e+00
7.553876345113474944e-01 7.318131956344494649e-01 1.000000000000000000e+00
6.782357694710632323e-01 8.362980857472400720e-01 1.000000000000000000e+00
7.052010978516111139e-01 5.010693056683233060e-01 1.000000000000000000e+00
3.849595802993172056e-01 8.884828050173999570e-01 0.000000000000000000e+00
6.471541260828521658e-01 5.842202032777094045e-01 1.000000000000000000e+00
4.793671579629015245e-01 4.516465471800835685e-01 1.000000000000000000e+00
1.481375256428424381e-01 7.445698092374238852e-01 0.000000000000000000e+00
8.909758940159595575e-01 7.448738142200038714e-01 0.000000000000000000e+00
8.703050771083487014e-01 3.449744156872414091e-01 0.000000000000000000e+00
1.915220586770387534e-01 1.988981629328521183e-01 0.000000000000000000e+00
3.840834647532270774e-01 6.085223797690518799e-01 1.000000000000000000e+00
2.713109856814329701e-01 5.858289333334485427e-01 1.000000000000000000e+00
7.052891483936926109e-01 3.866597759541567925e-03 1.000000000000000000e+00
4.849099175832140007e-01 4.935731840779687962e-01 1.000000000000000000e+00
3.614597726610058182e-01 2.611347683476865633e-01 0.000000000000000000e+00
5.354780877778209103e-01 5.374078250967506687e-01 1.000000000000000000e+00
5.178111134245090286e-01 9.397279223070696963e-01 0.000000000000000000e+00
7.023949769812842803e-02 3.925993678218036020e-01 0.000000000000000000e+00
4.653546456920887309e-02 7.337639401621880442e-01 1.000000000000000000e+00
9.918583016384214801e-01 1.856407971453092332e-01 0.000000000000000000e+00
7.716453702157477501e-01 4.891812404577534634e-01 1.000000000000000000e+00
5.339927808019427902e-01 6.551460308276896294e-01 1.000000000000000000e+00
9.260292648029655460e-02 8.831649960621932305e-01 0.000000000000000000e+00
6.451651673961756872e-01 9.425778008241052497e-01 0.000000000000000000e+00
7.044227538824587853e-01 4.830411022570877400e-01 1.000000000000000000e+00
3.443825335033475765e-01 8.131463207021527584e-02 0.000000000000000000e+00
3.863533413732019861e-01 1.961905325064288164e-01 0.000000000000000000e+00
3.689080581946411197e-01 7.613744245915311515e-01 1.000000000000000000e+00
1.641721134108589109e-01 2.097319805615038835e-01 0.000000000000000000e+00
7.961446899837058000e-01 7.824618001984749993e-01 0.000000000000000000e+00
7.810392874091719451e-01 4.468177521604871361e-01 1.000000000000000000e+00
3.186198966400900501e-01 3.127121836630331053e-02 0.000000000000000000e+00
4.422910871998818605e-01 7.227152470177385934e-01 1.000000000000000000e+00
2.076520888977444468e-01 4.662064141135414674e-01 0.000000000000000000e+00
9.699128457843592122e-01 4.428941787015361342e-02 0.000000000000000000e+00
4.917218571065944399e-01 1.340419797952667746e-01 0.000000000000000000e+00
1.179625788972161748e-01 1.486632200976326645e-01 0.000000000000000000e+00
7.162453342587018490e-01 2.153021408093648281e-01 0.000000000000000000e+00
7.340148520224386575e-01 6.103452745453288308e-01 1.000000000000000000e+00
2.764718442867926118e-01 3.154702921475438515e-02 0.000000000000000000e+00
6.648149219052970071e-01 8.646513117032339490e-01 1.000000000000000000e+00
3.491741214315714492e-01 1.569450203693782964e-01 0.000000000000000000e+00
5.502047643833897217e-01 6.384450859708135084e-02 1.000000000000000000e+00
9.761986139631924075e-01 4.845504527917140480e-01 0.000000000000000000e+00
8.677347946008421298e-01 3.716199761190561723e-01 0.000000000000000000e+00
9.930373495957312002e-01 8.237351029801254221e-02 0.000000000000000000e+00
3.018363544124916809e-01 8.193170936084855915e-01 0.000000000000000000e+00
9.135682719149739173e-01 4.402850322515433623e-01 0.000000000000000000e+00
4.817782148120758334e-01 2.844159174182536720e-02 1.000000000000000000e+00
5.401211223169223308e-01 9.958812959860493530e-01 0.000000000000000000e+00
7.986025211548385405e-01 3.486362250317069922e-01 0.000000000000000000e+00
8.829748495769059735e-01 3.812804401566671775e-01 0.000000000000000000e+00
5.903249366944957055e-01 8.520771030171679916e-01 1.000000000000000000e+00
6.489424472590104020e-01 9.845134122187421122e-01 0.000000000000000000e+00
3.934319718115991682e-01 9.354273362942722159e-02 0.000000000000000000e+00
8.446862110110742172e-01 3.900473076868441469e-01 0.000000000000000000e+00
8.462465152165764559e-01 1.632865963510069518e-01 0.000000000000000000e+00
7.731288574608143893e-01 5.140645741417632086e-01 1.000000000000000000e+00
1.774002150574827130e-01 9.552814275068928218e-01 0.000000000000000000e+00
4.873560550433646554e-01 3.442547393738998318e-01 1.000000000000000000e+00
8.591390506343081768e-01 2.726251821755598659e-01 0.000000000000000000e+00
9.369284277422863516e-01 6.372967489907344074e-01 0.000000000000000000e+00
8.297405492261075155e-01 7.631477566946519575e-01 0.000000000000000000e+00
1.026198605697925537e-01 9.756402843378282341e-01 0.000000000000000000e+00
4.658706394905520742e-02 8.835677479163089876e-01 0.000000000000000000e+00
1.169189895150989367e-01 7.177559046577642876e-01 0.000000000000000000e+00
6.858790190192068925e-01 3.999261650639110988e-01 1.000000000000000000e+00
7.115741025900732541e-01 3.122153018070794595e-02 1.000000000000000000e+00
6.027006593056744022e-01 3.731542211589115032e-01 1.000000000000000000e+00
9.956166032847117986e-01 8.976455284442502736e-01 0.000000000000000000e+00
7.869068718082471436e-01 6.522237625806283079e-01 1.000000000000000000e+00
9.564147058774377097e-01 8.360925429291132804e-01 0.000000000000000000e+00
1.206878810713185590e-02 5.109286440425204745e-01 1.000000000000000000e+00
7.434596389061167709e-01 1.875050139694155460e-01 0.000000000000000000e+00
1.679090580910996833e-01 5.026462849990531723e-02 0.000000000000000000e+00
6.469579002683130131e-01 9.521511894008385379e-01 0.000000000000000000e+00
2.483168001616693488e-01 4.973743058446015164e-01 0.000000000000000000e+00
5.356209880282793989e-01 9.929897295515561773e-01 0.000000000000000000e+00
6.597219050379722338e-01 2.253427067245539206e-01 0.000000000000000000e+00
2.038989317278401270e-01 9.653507739511774099e-01 0.000000000000000000e+00
5.628349524010859417e-01 5.742628523555182163e-02 1.000000000000000000e+00
8.821353541901786333e-01 1.288622771977444570e-01 0.000000000000000000e+00
9.150986066000554864e-01 2.292658406379635139e-01 0.000000000000000000e+00
8.293724731862897048e-01 4.408651840466194516e-01 1.000000000000000000e+00
2.956920527671232923e-01 5.862967161837903118e-01 1.000000000000000000e+00
2.360346809857993833e-01 6.136948307923826285e-01 1.000000000000000000e+00
1.141217855100584710e-01 6.698569007431585121e-01 1.000000000000000000e+00
9.471124671838597742e-01 6.651002117218383081e-01 0.000000000000000000e+00
2.433509244417612072e-01 7.338630149712831452e-01 0.000000000000000000e+00
5.132605106936891648e-01 4.713830451049184633e-01 1.000000000000000000e+00
8.832076767124138472e-01 2.449092443178039202e-01 0.000000000000000000e+00
5.912369344847498986e-01 7.231208789062499864e-01 1.000000000000000000e+00
7.586218533757738136e-03 5.191458486602424927e-01 1.000000000000000000e+00
7.172730489684212563e-01 6.862709443831316314e-02 0.000000000000000000e+00
6.717978394520780494e-01 3.551699048755471155e-01 1.000000000000000000e+00
1.566960127758730836e-01 1.466125555903433630e-01 0.000000000000000000e+00
6.545419261489933138e-01 3.180009742123911520e-01 1.000000000000000000e+00
2.853292133192142366e-01 7.672767291842431669e-01 0.000000000000000000e+00
1.467332094026773115e-01 1.705936385064510397e-01 0.000000000000000000e+00
9.532083270351905391e-01 7.568101516448892951e-01 0.000000000000000000e+00
2.649556887857109633e-01 7.432503267123313773e-01 0.000000000000000000e+00
1.957341729672475994e-01 2.414512466734012319e-01 0.000000000000000000e+00
6.939491674242511676e-01 5.055249837390172196e-01 1.000000000000000000e+00
1.689959836205379151e-01 9.060516812772771988e-01 0.000000000000000000e+00
1.905256588074010216e-01 5.422655423000793951e-01 0.000000000000000000e+00
8.562217441522534944e-02 6.178098649393179986e-01 1.000000000000000000e+00
8.073688274990364899e-02 8.065993132834640145e-01 0.000000000000000000e+00
1.251189587111334323e-02 9.864979015700836573e-02 0.000000000000000000e+00
6.118820412712729917e-01 1.536622955671902435e-01 1.000000000000000000e+00
5.293334171275885236e-01 1.715904025799860344e-01 0.000000000000000000e+00
6.634791017573260508e-01 9.902166782889650909e-01 0.000000000000000000e+00
9.763600342390855724e-01 1.842723620814539220e-01 0.000000000000000000e+00
9.037666542768904021e-01 6.984256945771873948e-01 0.000000000000000000e+00
3.701999531061994642e-01 8.766941528444816001e-01 0.000000000000000000e+00
4.616707166436806453e-01 9.191572693573489827e-01 0.000000000000000000e+00
7.771221867460982313e-01 1.757704825048734820e-01 0.000000000000000000e+00
6.930038435898676630e-01 2.348834583118808439e-01 0.000000000000000000e+00
2.697048127523685723e-01 1.347065576997010794e-01 0.000000000000000000e+00
1.934119585475344572e-01 4.980519573223070040e-01 0.000000000000000000e+00
6.119438511719134111e-01 2.884271944446721303e-01 1.000000000000000000e+00
7.218932247624336718e-01 7.157032955608992886e-01 1.000000000000000000e+00
3.276931600102064301e-01 8.301614620513061427e-01 0.000000000000000000e+00
6.624433880782710782e-01 2.127415656554302315e-01 0.000000000000000000e+00
8.693928120533030990e-01 4.003794583775541760e-01 0.000000000000000000e+00
8.258686686256284659e-01 2.123565616920389809e-01 0.000000000000000000e+00
4.105995365205153957e-01 2.649589916073112894e-01 0.000000000000000000e+00
3.603802853388885508e-01 9.001337413040022550e-02 0.000000000000000000e+00
8.680616104907965536e-01 2.477323249263487792e-01 0.000000000000000000e+00
3.487788616320675050e-01 2.505869164259983961e-01 0.000000000000000000e+00
1.631908363419652952e-01 2.035250530088904553e-01 0.000000000000000000e+00
6.251099855869185484e-01 2.294563729132158558e-01 0.000000000000000000e+00
3.323623018371796300e-01 5.072264241688985154e-01 1.000000000000000000e+00
1.725119476413095043e-01 9.900629307306667570e-01 0.000000000000000000e+00
3.514470198373066401e-01 3.964755607388216196e-01 0.000000000000000000e+00
8.374633250592171674e-01 6.219768320552668817e-01 1.000000000000000000e+00
9.255080284261540946e-02 8.430150403617403532e-01 0.000000000000000000e+00
9.777253501793259360e-01 2.130671589885225758e-01 0.000000000000000000e+00
5.203886246744401367e-01 7.873995622439282638e-01 1.000000000000000000e+00
1.312780191779848726e-01 3.818302056724920401e-01 0.000000000000000000e+00
9.285923346154274505e-01 8.792062073682417322e-01 0.000000000000000000e+00
9.306561797015225901e-01 9.651471525568346976e-01 0.000000000000000000e+00
3.759691712295221144e-01 4.345320475757229461e-01 1.000000000000000000e+00
9.073430880508587260e-01 9.169753975039450777e-01 0.000000000000000000e+00
9.398182769720646590e-01 6.674866251570332754e-01 0.000000000000000000e+00
5.526433394647233266e-01 6.301269363161069448e-01 1.000000000000000000e+00
3.498737393596640377e-02 7.000212546172440709e-01 1.000000000000000000e+00
4.274882662674635014e-01 3.738450558247417010e-01 1.000000000000000000e+00
1.076324710290906816e-01 6.446402780377725739e-01 1.000000000000000000e+00
3.254032500125603189e-01 9.800226421665535481e-01 0.000000000000000000e+00
5.709740467116874996e-01 2.259839547036357477e-02 1.000000000000000000e+00
4.714074644819987725e-02 9.193696263853223805e-02 0.000000000000000000e+00
4.922369403433922708e-01 1.230660790027853224e-01 0.000000000000000000e+00
4.860068996301309951e-01 5.819691412353253934e-01 1.000000000000000000e+00
6.381874439763447482e-01 8.206564995045859678e-01 1.000000000000000000e+00
9.642022837703531080e-01 7.573468839265136143e-01 0.000000000000000000e+00
2.404422222729442060e-01 8.656065959762169193e-01 0.000000000000000000e+00
6.800910571578404618e-01 5.602531018937284557e-01 1.000000000000000000e+00
1.136427746501114111e-01 7.951628378679207465e-01 0.000000000000000000e+00
2.115265534076063991e-01 3.679243909664559053e-01 0.000000000000000000e+00
4.922773905761129720e-01 7.559401302223913710e-01 1.000000000000000000e+00
7.118435817979451574e-01 9.216780596569223993e-01 0.000000000000000000e+00
7.293416363371613143e-01 4.828705479191464089e-02 1.000000000000000000e+00
7.924585631667893093e-01 1.671827090582732600e-01 0.000000000000000000e+00
6.652041142723110756e-01 9.942176968630397349e-01 0.000000000000000000e+00
6.104538487233623911e-01 9.130507720579104092e-01 1.000000000000000000e+00
5.858615241915354765e-02 8.797939028139726281e-01 0.000000000000000000e+00
3.584236298852994107e-01 5.879281638983578917e-01 1.000000000000000000e+00
4.059340402948057314e-01 3.083667657241679905e-01 0.000000000000000000e+00
2.318703289900252429e-01 7.512641516656078933e-01 0.000000000000000000e+00
3.991613185290093790e-01 1.430085692096034755e-01 0.000000000000000000e+00
2.694436500141219604e-01 3.593001748239197379e-01 0.000000000000000000e+00
7.857820778079602775e-01 7.044965691816147402e-01 1.000000000000000000e+00
9.524568632110865796e-01 8.364993039454590162e-01 0.000000000000000000e+00
5.648953394389943927e-01 8.549933423536000276e-01 1.000000000000000000e+00
9.679587014301127557e-01 5.132669646360732418e-02 0.000000000000000000e+00
1.403233115636625117e-01 4.888631277364237082e-01 0.000000000000000000e+00
1.376837375670383334e-01 1.998872255715845592e-01 0.000000000000000000e+00
4.869268727666637986e-01 5.554591224478125921e-01 1.000000000000000000e+00
4.514011974630850466e-01 3.037012837240616880e-01 0.000000000000000000e+00
3.837358463489591864e-01 5.751777637203736582e-01 1.000000000000000000e+00
1.161365528242186418e-02 9.709653555828294813e-01 0.000000000000000000e+00
8.179769100876804755e-01 3.618879682978675127e-01 0.000000000000000000e+00
4.212316051256731475e-01 3.710665210224087796e-01 1.000000000000000000e+00
6.432757095431786976e-01 9.779196737827267061e-01 0.000000000000000000e+00
4.447840199547703488e-01 3.117196684940672924e-01 0.000000000000000000e+00
2.606762560839730458e-01 3.314345988436040447e-02 0.000000000000000000e+00
3.437586725947942012e-01 7.259053089924125679e-01 1.000000000000000000e+00
2.137577484907137171e-01 2.755811564701980965e-01 0.000000000000000000e+00
8.638510038289982651e-01 9.739249647552250533e-02 0.000000000000000000e+00
7.915917259487919022e-01 1.975077287905850909e-01 0.000000000000000000e+00
2.219023891717208929e-01 3.832995431308930945e-01 0.000000000000000000e+00
4.706517734954307475e-02 7.755819965392932724e-01 0.000000000000000000e+00
3.488172357259308187e-01 7.933857768997487625e-01 0.000000000000000000e+00
9.509945672959316809e-01 3.298788417035585230e-01 0.000000000000000000e+00
4.610482180155521803e-01 6.337914324645059772e-01 1.000000000000000000e+00
4.163234759729195211e-01 9.622589905905976071e-02 0.000000000000000000e+00
2.685148745911317691e-01 4.202028134490446432e-01 0.000000000000000000e+00
8.724008887560303904e-01 6.944730934528547950e-01 1.000000000000000000e+00
1.082426525214265078e-01 5.931667776016913418e-01 1.000000000000000000e+00
2.539947969585032439e-01 3.102747755213308700e-02 0.000000000000000000e+00
1.878332509187683463e-01 3.442848388391072101e-01 0.000000000000000000e+00
4.868011230755228125e-01 2.207169045580941180e-01 0.000000000000000000e+00
7.289875396567664367e-01 9.991610965483435081e-01 0.000000000000000000e+00
6.415387031623410730e-01 2.434034812366236977e-01 0.000000000000000000e+00
3.148826816686217667e-01 5.520719352254931378e-01 1.000000000000000000e+00
6.093035406531747133e-01 7.414109387990316380e-01 1.000000000000000000e+00
9.258620727567756781e-02 4.470397402375971829e-01 0.000000000000000000e+00
6.497120963343318012e-01 7.688866016716546792e-01 1.000000000000000000e+00
5.828202520199622372e-01 6.774843428027910175e-02 1.000000000000000000e+00
9.341967485507333135e-01 8.311470137101443223e-01 0.000000000000000000e+00
4.992722081445937210e-01 5.392087701700736257e-01 1.000000000000000000e+00
9.673781558862102337e-01 3.510320914270528281e-01 0.000000000000000000e+00
9.977318240955179718e-01 7.070531161058047909e-01 0.000000000000000000e+00
2.545572542701587393e-01 3.990604293691267790e-01 0.000000000000000000e+00
5.106258643022780763e-01 3.301960410163664594e-01 1.000000000000000000e+00
8.316454563582845738e-01 4.650342232985716917e-01 1.000000000000000000e+00
7.357732637287350830e-01 6.774219153307903252e-02 0.000000000000000000e+00
8.895686353360742205e-01 6.797779419993400518e-01 1.000000000000000000e+00
1.620000272419870324e-01 7.659199907717624267e-01 0.000000000000000000e+00
9.843036096514179434e-02 8.969953419627993974e-01 0.000000000000000000e+00
2.488998958298416220e-02 7.467033309954549392e-01 1.000000000000000000e+00
5.631349876214525318e-01 5.176271466535820043e-02 1.000000000000000000e+00
1.299256686537827443e-01 2.802793231070962454e-01 0.000000000000000000e+00
7.357371889214673333e-01 5.211854659340258156e-01 1.000000000000000000e+00
5.887647873010372068e-01 8.067918333785185636e-01 1.000000000000000000e+00
5.110542736263201657e-02 9.301552928062816195e-01 0.000000000000000000e+00
3.116243992634384341e-01 4.308532509698724811e-01 0.000000000000000000e+00
7.323256032779100755e-01 7.509018170002330628e-01 1.000000000000000000e+00
6.672876392519269118e-01 7.061800075984852043e-01 1.000000000000000000e+00
2.290784266066420161e-01 2.623120632265958374e-01 0.000000000000000000e+00
3.055639547266707501e-01 1.504953619036197843e-01 0.000000000000000000e+00
7.855561096459873216e-01 9.635413410126071332e-01 0.000000000000000000e+00
6.204911524860029504e-01 1.394912049895987716e-01 1.000000000000000000e+00
2.687835133447967761e-01 4.529409909319606076e-01 0.000000000000000000e+00
9.978288257077502221e-01 2.998222667101926309e-01 0.000000000000000000e+00
6.913462024693128871e-02 5.350577283969126796e-02 0.000000000000000000e+00
2.657847596083627861e-01 2.154350400884310623e-01 0.000000000000000000e+00
7.390039573100332104e-01 1.403890526616252687e-01 0.000000000000000000e+00
2.859944847305880833e-01 4.408018223708279892e-01 0.000000000000000000e+00
6.584572675728410651e-01 1.508808204194367342e-02 1.000000000000000000e+00
6.356900778966341203e-01 8.283403759981365910e-01 1.000000000000000000e+00
9.752648008964874826e-01 1.387163035987950543e-01 0.000000000000000000e+00
5.170918771911928724e-01 6.548918350775300157e-01 1.000000000000000000e+00
5.416681134814750331e-01 8.156087689978387401e-01 1.000000000000000000e+00
7.089337538651009352e-01 9.233784049930312543e-01 0.000000000000000000e+00
9.583677971779835936e-02 5.765788737037881306e-01 1.000000000000000000e+00
7.154754970863992369e-01 4.809777172259039890e-01 1.000000000000000000e+00
9.814017229084337490e-02 8.002197316725550014e-01 0.000000000000000000e+00
6.288325909632930255e-02 7.504149001181832368e-01 0.000000000000000000e+00
8.116911653027394369e-01 9.288258523350244600e-01 0.000000000000000000e+00
3.510008976391230107e-01 7.922627768143473137e-01 0.000000000000000000e+00
5.041290680317844775e-01 2.399895739341685319e-01 0.000000000000000000e+00
9.938871082874995988e-01 4.507557716354293476e-01 0.000000000000000000e+00
3.533379808877047390e-01 5.704137777369289175e-01 1.000000000000000000e+00
9.529599487481396070e-01 9.509342331436994034e-01 0.000000000000000000e+00
9.923728186101952176e-01 5.653441871753971393e-01 0.000000000000000000e+00
7.455753952841187582e-01 1.290655053383147344e-01 0.000000000000000000e+00
1.067995624919638731e-01 2.251113527044701357e-02 0.000000000000000000e+00
3.710606267383967927e-01 4.529963890725331455e-01 1.000000000000000000e+00
7.447732766421958361e-01 3.203686016634094136e-01 0.000000000000000000e+00
6.608194268636569113e-03 3.157725630923581273e-01 0.000000000000000000e+00
9.625806466417593521e-01 5.241399859369152425e-01 0.000000000000000000e+00
4.818429629315338358e-01 5.879711090801846840e-01 1.000000000000000000e+00
7.498841701522573899e-02 6.477600665138786296e-01 1.000000000000000000e+00
2.861856580548416407e-01 6.188855420278368547e-01 1.000000000000000000e+00
4.967998753588921401e-01 5.159679961295233763e-01 1.000000000000000000e+00
9.007221098747252297e-01 6.546538087513432691e-01 1.000000000000000000e+00
4.878225001472678013e-01 3.648533636691995152e-01 1.000000000000000000e+00
7.649268121112309249e-01 1.856024076714097859e-01 0.000000000000000000e+00
8.414655647940574301e-01 8.943285080374751006e-01 0.000000000000000000e+00
6.513533089786820440e-01 6.365890719266020792e-01 1.000000000000000000e+00
3.229348217873904137e-01 7.856361343213319470e-01 0.000000000000000000e+00
7.550380004435541803e-01 9.451881007147812097e-01 0.000000000000000000e+00
4.301191046107514238e-01 6.556035288077532996e-01 1.000000000000000000e+00
2.785566859498673775e-01 5.683243893119330759e-01 1.000000000000000000e+00
5.532516292620768272e-01 5.389220844672171218e-02 1.000000000000000000e+00
8.863361904795817869e-01 3.655481339237331984e-01 0.000000000000000000e+00
6.303133659964881286e-01 5.095199102820446857e-02 1.000000000000000000e+00
5.758341669520898876e-01 7.295493862163189291e-01 1.000000000000000000e+00
4.135590548762739793e-01 4.001408109478431507e-01 1.000000000000000000e+00
7.097509814103316605e-01 1.136653420502264922e-02 1.000000000000000000e+00
1.573085837761855066e-01 6.794296559586063822e-01 0.000000000000000000e+00
3.307084839482400396e-01 4.384888103759887468e-01 0.000000000000000000e+00
6.380780539071977397e-01 4.692343552067990142e-01 1.000000000000000000e+00
8.588952469969116654e-01 5.684410734617560967e-01 1.000000000000000000e+00
1.584833423065714619e-01 8.319473147383178446e-01 0.000000000000000000e+00
4.144053150068113256e-01 7.201993821882278768e-01 1.000000000000000000e+00
4.024418855796030314e-01 9.538957225556681241e-01 0.000000000000000000e+00
1.104049051699044215e-01 7.356016970143206546e-01 0.000000000000000000e+00
6.101289684989663620e-01 7.962504344363229292e-01 1.000000000000000000e+00
2.486728936347896157e-01 6.424444028489637581e-01 0.000000000000000000e+00
3.844953501671055651e-02 6.733675557161651337e-01 1.000000000000000000e+00
1.241257857070616755e-01 1.392397472691804250e-01 0.000000000000000000e+00
4.243022854059885773e-01 2.587577726367265019e-01 0.000000000000000000e+00
5.008908915429965969e-01 1.204249862153679018e-01 0.000000000000000000e+00
8.523520689416538287e-01 1.346640776684682184e-02 0.000000000000000000e+00
8.550425164875855577e-01 4.517795732368248274e-01 0.000000000000000000e+00
4.702439564039987419e-01 5.037887207465642225e-01 1.000000000000000000e+00
7.483625875204894529e-01 9.801070277261059172e-02 0.000000000000000000e+00
1.859439595882760310e-01 1.880594006309307398e-01 0.000000000000000000e+00
8.535238706729856295e-01 6.357260635764077072e-01 1.000000000000000000e+00
6.337303412063961527e-01 9.632853133078842500e-01 0.000000000000000000e+00
4.950730728705939887e-01 1.762981799884877354e-01 0.000000000000000000e+00
9.423109839941107291e-01 5.389016206271232123e-01 0.000000000000000000e+00
1.113596646821599645e-01 4.668334096878207218e-01 0.000000000000000000e+00
8.603908499599169923e-01 6.380031712321806436e-01 1.000000000000000000e+00
5.425345582891965002e-01 5.785699646303146260e-01 1.000000000000000000e+00
8.591147237220616573e-01 5.742339699386757035e-01 1.000000000000000000e+00
3.038138978023749992e-01 8.000969568849198854e-01 0.000000000000000000e+00
6.575465724184352823e-01 4.283045888711001226e-02 1.000000000000000000e+00
3.883948507301502318e-01 1.266452306319197918e-01 0.000000000000000000e+00
3.254347230166380056e-01 8.957521770209720957e-01 0.000000000000000000e+00
1.126909323181485290e-01 7.307948389228166031e-01 0.000000000000000000e+00
2.325312670094685785e-01 4.897313993128954435e-01 0.000000000000000000e+00
8.104102883964136028e-01 3.093989030532984241e-02 0.000000000000000000e+00
9.889367335569515527e-01 3.176645033378246996e-01 0.000000000000000000e+00
1.355717157779156024e-01 7.403764916974439059e-01 0.000000000000000000e+00
9.593955819497070880e-01 7.807405016154960187e-01 0.000000000000000000e+00
9.355592670114131204e-01 5.904602466571632347e-01 1.000000000000000000e+00
9.038733873811791719e-01 4.113861512762507777e-01 0.000000000000000000e+00
6.786230871238646545e-01 9.367586350832466380e-01 0.000000000000000000e+00
1.065813397994608280e-04 8.301781157601323402e-01 0.000000000000000000e+00
1.212067223213032507e-01 8.632201785365147817e-01 0.000000000000000000e+00
2.178824108994082964e-01 9.632734961072799695e-01 0.000000000000000000e+00
6.138482439122121548e-01 7.564948958557191627e-01 1.000000000000000000e+00
6.306883475596744004e-01 8.598247995009301592e-01 1.000000000000000000e+00
5.153816961105316397e-01 4.783972348657627993e-02 1.000000000000000000e+00
3.287466902340128172e-01 8.782914442436463576e-01 0.000000000000000000e+00
2.196941847298097272e-01 9.930028211320516274e-01 0.000000000000000000e+00
4.203833196811544992e-01 1.868849242070735883e-01 0.000000000000000000e+00
9.029550900939534719e-01 3.414382137291478436e-01 0.000000000000000000e+00
2.195330930053890350e-01 9.626557072977198759e-01 0.000000000000000000e+00
4.481495656322547205e-01 1.361322552225940896e-01 0.000000000000000000e+00
1.958168239602479099e-01 7.403759142448387287e-01 0.000000000000000000e+00
6.368673893976432021e-01 1.860119226434666651e-01 0.000000000000000000e+00
1.289626894825651737e-01 8.939097244563034561e-01 0.000000000000000000e+00
7.371964749130605066e-01 4.719551915500741490e-02 1.000000000000000000e+00
7.835834064450986070e-02 9.003413905953968621e-01 0.000000000000000000e+00
1.307897302003572237e-01 8.384409750379202553e-01 0.000000000000000000e+00
4.524986512662260152e-01 8.870861704868110431e-01 0.000000000000000000e+00
9.773651007533306068e-01 2.901745461618281396e-01 0.000000000000000000e+00
1.528930812417169660e-01 4.928957020052823212e-01 0.000000000000000000e+00
4.242772663359049012e-01 9.419661320740626564e-01 0.000000000000000000e+00
6.249465980382525876e-01 6.862077185453060446e-01 1.000000000000000000e+00
6.062555447500024286e-01 8.832494115720350703e-01 1.000000000000000000e+00
1.732798154538447433e-01 3.439956528339307429e-01 0.000000000000000000e+00
8.378035285456358894e-01 2.012360095130968363e-01 0.000000000000000000e+00
9.123457113412469788e-02 3.922945495062329924e-01 0.000000000000000000e+00
4.020728567321222302e-01 7.811618855540445328e-01 1.000000000000000000e+00
2.174966319697509975e-01 7.952325420624580810e-01 0.000000000000000000e+00
1.560153497782557075e-02 5.546809782284402024e-01 1.000000000000000000e+00
5.858276493660211637e-01 9.238566736144514513e-01 1.000000000000000000e+00
3.966241965560702853e-01 3.049467207687344139e-01 0.000000000000000000e+00
2.674784748775277388e-01 4.491423298790743202e-01 0.000000000000000000e+00
2.648219130448411507e-01 1.332539418129105036e-01 0.000000000000000000e+00
9.233568514534110649e-01 5.351481122847109306e-01 1.000000000000000000e+00
8.862890291181357849e-02 2.329322756864959931e-01 0.000000000000000000e+00
1.994882640802497775e-02 9.045155204046838593e-01 0.000000000000000000e+00
1.511464825479406082e-01 5.975757059189342746e-01 1.000000000000000000e+00
8.133872370483210545e-01 9.909437977524659935e-01 0.000000000000000000e+00
2.383973196625812641e-01 7.896586066821007499e-01 0.000000000000000000e+00
2.981920477129861302e-01 1.993287050930364623e-01 0.000000000000000000e+00
4.523999536380924891e-01 2.158928300310133386e-01 0.000000000000000000e+00
3.773496412150394441e-01 8.662943263400676441e-01 0.000000000000000000e+00
9.922552231804325773e-01 8.264087314236004955e-01 0.000000000000000000e+00
5.789765039321824736e-01 7.688808879912644167e-01 1.000000000000000000e+00
7.131481789735463206e-01 9.345814856836806017e-01 0.000000000000000000e+00
5.277338623415210872e-01 6.703721228869650162e-01 1.000000000000000000e+00
4.783561007494426809e-01 9.642022158553181788e-01 0.000000000000000000e+00
8.575486326319529118e-01 9.755163082050408718e-01 0.000000000000000000e+00
3.484868499467249636e-01 6.913137273031747521e-01 1.000000000000000000e+00
7.510389850392518163e-02 4.125564130176950783e-02 0.000000000000000000e+00
5.813603753322609258e-01 1.743570784627882508e-01 1.000000000000000000e+00
7.687835861484660915e-01 1.116993016394962623e-02 1.000000000000000000e+00
1.438116460213465508e-01 9.543872506348477502e-01 0.000000000000000000e+00
8.705700680398921198e-01 3.909664960619485541e-02 0.000000000000000000e+00
6.886409305448579765e-01 4.736845951693794410e-01 1.000000000000000000e+00
7.566191463343108214e-01 8.916633688751680609e-01 0.000000000000000000e+00
1.913683630042475325e-01 8.858281609159551762e-01 0.000000000000000000e+00
6.677130571810457882e-01 2.591715748003019515e-01 0.000000000000000000e+00
1.895720532465005048e-01 8.810281554164378637e-02 0.000000000000000000e+00
5.619582130496560968e-01 3.694345130701561786e-01 1.000000000000000000e+00
3.040400160892016146e-01 7.845285881128851724e-01 0.000000000000000000e+00
1.961522591098575630e-01 4.178047506420307089e-01 0.000000000000000000e+00
9.411720769355502725e-01 7.520399114023763598e-01 0.000000000000000000e+00
1.119946574538021045e-01 3.472280066893520534e-01 0.000000000000000000e+00
4.022571997148147727e-01 2.337299441944308276e-01 0.000000000000000000e+00
2.780627828108350741e-02 5.245870994861886460e-01 1.000000000000000000e+00
6.829495637271619790e-01 7.262009990672106952e-01 1.000000000000000000e+00
6.229838184961067338e-01 7.820436033150485189e-01 1.000000000000000000e+00
7.814876165030064659e-01 4.166761170631768652e-01 1.000000000000000000e+00
9.620688612479281199e-01 9.189735648525578782e-01 0.000000000000000000e+00
9.090530880276165293e-01 4.927652789347122253e-01 0.000000000000000000e+00
6.547559297885005014e-01 4.918788044803154014e-01 1.000000000000000000e+00
9.141230661553825243e-01 1.441317084595140630e-01 0.000000000000000000e+00
5.305464349687596393e-01 4.506218910740380501e-01 1.000000000000000000e+00
2.934528420650879266e-01 8.033992219332889428e-01 0.000000000000000000e+00
4.597409906375338196e-01 7.404804169724269469e-01 1.000000000000000000e+00
2.561413735735778019e-01 2.762250133840972177e-01 0.000000000000000000e+00
6.986319945298903322e-01 9.891088674056303098e-03 1.000000000000000000e+00
5.199711924161769527e-01 4.397689947162826130e-01 1.000000000000000000e+00
1.167683354558687325e-01 7.090897069415850185e-01 0.000000000000000000e+00
4.732691879472701313e-01 1.304168353191890173e-01 0.000000000000000000e+00
4.116788532255519772e-01 5.653836889289235446e-01 1.000000000000000000e+00
2.851104275111943087e-01 1.456707763191633642e-01 0.000000000000000000e+00
7.411895168748564577e-01 2.605570772187538742e-01 0.000000000000000000e+00
8.722139014559568970e-01 6.833499274757173225e-01 1.000000000000000000e+00
1.135935265805706473e-01 5.393288045625164173e-01 1.000000000000000000e+00
5.493695019255835366e-01 9.021848682465887226e-01 1.000000000000000000e+00
5.303084225919892924e-01 5.849924986106398439e-01 1.000000000000000000e+00
5.291754096915125549e-01 5.372635936256529021e-01 1.000000000000000000e+00
7.375769116122732338e-02 5.870884976023941215e-01 1.000000000000000000e+00
1.867167008620106428e-01 4.058842671532003621e-01 0.000000000000000000e+00
5.854217675844587410e-01 8.412675657230800352e-01 1.000000000000000000e+00
8.400148836411449604e-01 3.828314131514144458e-01 0.000000000000000000e+00
1.491138440211307037e-01 6.940312851748935419e-01 0.000000000000000000e+00
1.827977103139405424e-01 3.590856410744207583e-01 0.000000000000000000e+00
9.056675212207343506e-01 8.419179746095653005e-01 0.000000000000000000e+00
4.779475500532073262e-01 6.467769413205959328e-02 1.000000000000000000e+00
9.846092639125663126e-01 6.110962832163793212e-01 0.000000000000000000e+00
9.318787070400051942e-01 8.403431510921691716e-01 0.000000000000000000e+00
7.446908140292752831e-01 7.580853126519955243e-01 1.000000000000000000e+00
9.792947421253774820e-01 7.612100589865424816e-01 0.000000000000000000e+00
2.056783320349666599e-01 8.211271642142972116e-01 0.000000000000000000e+00
7.618705791533857408e-01 1.082702779673305749e-02 1.000000000000000000e+00
4.814665170027579988e-01 8.138864367012144108e-02 1.000000000000000000e+00
7.877003293086820568e-01 9.293160020794825060e-01 0.000000000000000000e+00
5.407235634594523832e-01 6.976270285180856678e-01 1.000000000000000000e+00
3.237046927332216661e-01 7.204661437797382773e-01 0.000000000000000000e+00
3.214088126324573524e-01 1.576023099742928091e-01 0.000000000000000000e+00
1.103332116626202231e-01 6.374139953159352334e-01 1.000000000000000000e+00
3.003529131061536406e-01 5.615763722596358587e-01 1.000000000000000000e+00
3.143622254977080921e-01 1.390813648115039047e-01 0.000000000000000000e+00
6.431256171123772569e-01 5.636440199891286085e-01 1.000000000000000000e+00
1.118975295945616732e-01 9.208067513638429347e-02 0.000000000000000000e+00
4.539197935973749987e-01 4.948673024257757014e-01 1.000000000000000000e+00
2.412628815954119821e-01 2.540627759299511901e-01 0.000000000000000000e+00
1.044987225549485199e-01 7.226665209948480717e-01 0.000000000000000000e+00
4.392787722183886245e-01 9.747196277966871936e-01 0.000000000000000000e+00
4.738252700823020191e-01 7.830111582767580458e-01 1.000000000000000000e+00
6.770658346801314842e-01 6.945606495108057610e-01 1.000000000000000000e+00
1.585096099993046348e-01 9.120257895030987605e-01 0.000000000000000000e+00
5.054618241979957904e-01 1.534979710633891381e-01 0.000000000000000000e+00
4.253462153382526756e-01 4.395193269744012143e-01 1.000000000000000000e+00
7.800725810074701227e-01 4.928530592807970345e-01 1.000000000000000000e+00
5.949380002223039199e-01 2.911435737445805527e-01 1.000000000000000000e+00
7.345933953173449105e-01 8.745523918955482312e-01 0.000000000000000000e+00
2.689348716596460243e-01 4.295684723553083728e-02 0.000000000000000000e+00
4.991388041340828474e-01 5.087034491353966681e-01 1.000000000000000000e+00
4.965298656974026503e-01 9.645745657773355797e-01 0.000000000000000000e+00
6.608966740844963716e-01 1.528945187700360142e-01 0.000000000000000000e+00
9.221638887087263425e-01 9.690270997648965379e-01 0.000000000000000000e+00
8.082491254486676713e-01 1.812741025846410503e-01 0.000000000000000000e+00
3.584581577038444822e-01 4.111918636078296663e-01 0.000000000000000000e+00
3.470764536722168447e-01 9.810822657204697483e-01 0.000000000000000000e+00
9.323685470898509520e-01 9.386462577683813979e-01 0.000000000000000000e+00
7.465413754931379264e-01 6.987863194232935005e-01 1.000000000000000000e+00
4.698673626861539221e-01 9.967953503481100652e-01 0.000000000000000000e+00
7.319933533604765508e-01 5.135173908947028298e-01 1.000000000000000000e+00
7.875975641607846356e-02 3.570367179491968912e-01 0.000000000000000000e+00
3.000010452540743389e-01 1.770013970337438458e-01 0.000000000000000000e+00
2.157806070651839825e-01 1.163462309868021904e-01 0.000000000000000000e+00
8.888669619123384935e-01 8.359567946573294162e-01 0.000000000000000000e+00
5.428126492284295335e-01 7.110650513749987578e-01 1.000000000000000000e+00
7.431225738719307028e-01 7.595613372707207267e-01 1.000000000000000000e+00
7.516568662138017887e-01 9.486641676522744593e-02 0.000000000000000000e+00
6.903006379657916636e-02 6.934739293945488825e-01 1.000000000000000000e+00
2.160258805394316139e-01 4.846432553067048232e-01 0.000000000000000000e+00
5.248989969698214519e-02 6.649563666742720480e-01 1.000000000000000000e+00
3.114126281369046234e-01 5.202347593352882882e-01 1.000000000000000000e+00
4.119761412399750578e-01 4.493286166157296480e-01 1.000000000000000000e+00
3.198523415463594421e-01 7.637942502704531123e-01 0.000000000000000000e+00
7.517451896298844582e-01 2.430109215099922615e-01 0.000000000000000000e+00
3.618050765927465218e-01 6.772139038781758158e-01 1.000000000000000000e+00
1.383897632225239427e-01 9.073615571450600603e-01 0.000000000000000000e+00
9.559393339525412703e-02 9.394938782398882804e-01 0.000000000000000000e+00
7.638025315482803723e-01 9.554779479257908825e-01 0.000000000000000000e+00
2.130645139877073158e-01 9.591697705268065199e-02 0.000000000000000000e+00
2.461991159769084669e-01 8.779018187311882215e-01 0.000000000000000000e+00
9.189314906942417371e-01 5.387557174749391109e-01 1.000000000000000000e+00
2.612311640215109199e-01 1.125188311032548905e-01 0.000000000000000000e+00
8.061983196546419483e-01 3.493692448799143868e-01 0.000000000000000000e+00
6.073664449570151946e-01 4.056185495257673690e-01 1.000000000000000000e+00
7.474506516916243903e-01 9.709640815078136589e-01 0.000000000000000000e+00
8.215176134200241620e-01 1.852219003543076337e-02 0.000000000000000000e+00
2.914723362441331567e-01 4.272642967272611836e-01 0.000000000000000000e+00
2.528914077050603559e-02 1.142901661332433871e-01 0.000000000000000000e+00
7.706402625204855639e-01 2.576233260359814814e-01 0.000000000000000000e+00
3.561299267461477402e-01 2.470693050416179481e-01 0.000000000000000000e+00
5.023478658765774263e-01 4.433413623808901693e-01 1.000000000000000000e+00
9.861151539577116543e-01 2.918777847432033612e-01 0.000000000000000000e+00
5.821653096576350217e-01 4.699777509887869131e-01 1.000000000000000000e+00
8.035236160406166173e-01 5.089482137275144202e-01 1.000000000000000000e+00
3.775222828728035385e-01 4.716433701042891391e-01 1.000000000000000000e+00
9.145867857826418534e-01 1.148863731435455504e-01 0.000000000000000000e+00
5.644507182256089939e-01 1.934638178249610263e-01 0.000000000000000000e+00
7.349305715281893026e-01 6.177508094179552378e-01 1.000000000000000000e+00
5.279085809955278430e-01 4.179611927180579833e-01 1.000000000000000000e+00
1.985390978541302642e-01 7.530811990125733102e-01 0.000000000000000000e+00
8.147349571767623644e-01 8.048963388820284948e-02 0.000000000000000000e+00
8.759561145876441079e-01 2.596202090342177859e-01 0.000000000000000000e+00
1.847964816345966099e-01 2.380501965671721898e-02 0.000000000000000000e+00
2.600122741797159520e-01 1.586211230546524797e-01 0.000000000000000000e+00
8.059760144965980588e-01 2.855597167932836244e-01 0.000000000000000000e+00
7.809928303847269992e-01 8.846962628672339068e-02 0.000000000000000000e+00
5.210732743055122018e-01 7.639192448265812452e-01 1.000000000000000000e+00
6.385702578518022143e-01 5.274315827195815709e-01 1.000000000000000000e+00
1.194714732773825006e-01 1.326326317381147923e-01 0.000000000000000000e+00
4.074730948546330112e-01 5.229586362638880548e-01 1.000000000000000000e+00
5.857284402388295286e-01 5.621260828266649856e-01 1.000000000000000000e+00
6.153466346213576355e-01 8.881901513068645171e-01 1.000000000000000000e+00
6.667668533626632810e-01 9.256972767248331513e-01 0.000000000000000000e+00
5.808600912729394716e-01 1.281005787508344707e-01 1.000000000000000000e+00
2.272364203022563256e-01 3.452457389972785062e-02 0.000000000000000000e+00
8.596554833083503988e-01 1.084725402120665372e-01 0.000000000000000000e+00
3.157531303889985486e-01 8.800145282499428623e-01 0.000000000000000000e+00
3.915367578505389856e-01 3.308648192340168936e-01 0.000000000000000000e+00
3.874194076228673067e-01 5.562969698474716784e-01 1.000000000000000000e+00
1.941399517927044904e-03 3.006126870696342879e-01 0.000000000000000000e+00
6.368664273167439216e-01 2.502949356985698648e-01 1.000000000000000000e+00
4.129801004148566657e-01 4.762161931160963091e-01 1.000000000000000000e+00
9.064645297013340652e-02 9.941687917953931919e-01 0.000000000000000000e+00
1.120992433055715276e-01 7.822284058513850891e-02 0.000000000000000000e+00
8.027270938512333087e-01 9.074979577773278905e-01 0.000000000000000000e+00
8.131628908961978652e-01 8.285225546883583370e-01 0.000000000000000000e+00
9.589260565599858621e-01 5.630544380134808735e-01 0.000000000000000000e+00
5.668384313204883895e-01 6.770618667885921482e-01 1.000000000000000000e+00
5.796788233465905993e-01 7.817285499348142208e-01 1.000000000000000000e+00
2.322574280752532916e-01 4.795383369838821519e-01 0.000000000000000000e+00
8.774026103723381320e-01 3.067961939071177646e-01 0.000000000000000000e+00
6.134071909676761525e-01 4.616790076222287986e-01 1.000000000000000000e+00
7.758105246006010702e-01 1.836695445633309554e-01 0.000000000000000000e+00
5.550358226297229525e-01 2.713711686547622959e-01 1.000000000000000000e+00
7.535866095143517462e-01 4.248175783434635644e-01 1.000000000000000000e+00
7.782045696646346933e-01 6.407935903100512309e-01 1.000000000000000000e+00
9.534669675782547760e-01 2.321503897821036722e-01 0.000000000000000000e+00
7.785960338835018479e-01 3.959041618426568654e-01 1.000000000000000000e+00
9.812602117104368693e-01 4.631093926877227762e-02 0.000000000000000000e+00
6.292138264943502035e-01 5.744804869960731253e-01 1.000000000000000000e+00
3.404716245355261517e-01 7.085124670900279087e-01 1.000000000000000000e+00
8.677620448358634997e-01 8.806451342131708104e-01 0.000000000000000000e+00
6.189051321485327106e-01 7.276653045821632748e-01 1.000000000000000000e+00
7.937236832929959185e-01 8.479356244970372991e-01 0.000000000000000000e+00
9.229646174648913348e-01 4.331779934636496021e-01 0.000000000000000000e+00
6.459751753275910779e-01 6.776607391952207404e-01 1.000000000000000000e+00
1.890209432497230724e-01 4.677022387633029687e-01 0.000000000000000000e+00
2.655073068631947919e-01 5.933126135427589931e-01 1.000000000000000000e+00
3.874273725856248740e-01 6.701836950905712964e-01 1.000000000000000000e+00
6.155739890380871326e-01 8.770137153995501977e-01 1.000000000000000000e+00
2.642058388149116643e-01 4.708908953604388214e-01 0.000000000000000000e+00
7.566071212450635741e-01 5.988224679426987773e-01 1.000000000000000000e+00
3.324816334823419428e-01 4.647297088702038170e-01 1.000000000000000000e+00
6.311766907370193191e-01 4.999513350164257464e-01 1.000000000000000000e+00
3.955903620940558474e-01 2.923675573673661932e-01 0.000000000000000000e+00
4.058163705118947862e-01 6.363451675274858221e-01 1.000000000000000000e+00
6.719598711800819357e-01 5.101998098100789525e-01 1.000000000000000000e+00
7.943152079057884674e-01 1.765174288049187190e-02 0.000000000000000000e+00
1.590843260521723757e-02 9.986250730802801456e-01 0.000000000000000000e+00
7.554994155450611704e-01 7.876701499396808748e-01 1.000000000000000000e+00
2.877763114844331671e-01 2.837193848995356316e-02 0.000000000000000000e+00
2.431152250319681407e-01 8.760855753961293013e-01 0.000000000000000000e+00
7.408347049671748508e-03 3.361905546537603540e-01 0.000000000000000000e+00
1.796573657530780022e-01 5.071402868715976231e-01 0.000000000000000000e+00
7.641509135025151833e-01 7.907087951727620467e-01 1.000000000000000000e+00
5.610601781576900482e-01 7.196694685356784804e-01 1.000000000000000000e+00
7.888457093945588916e-01 4.080363190436768761e-01 1.000000000000000000e+00
5.564907438306617715e-01 4.308699982695249897e-01 1.000000000000000000e+00
9.759001693412269196e-01 3.589054809670563229e-01 0.000000000000000000e+00
4.312555936188283701e-01 4.134446709342960435e-01 1.000000000000000000e+00
4.456328922498220546e-01 8.693761586204659109e-01 0.000000000000000000e+00
4.884811473157066875e-01 3.111738759542970190e-02 1.000000000000000000e+00
3.306359450427868163e-01 8.362871581133535237e-01 0.000000000000000000e+00
4.480318257385029757e-02 1.128286430727085676e-01 0.000000000000000000e+00
1.892669857948715562e-01 5.666979329030344958e-01 0.000000000000000000e+00
5.909812923345849622e-01 5.839987406902658051e-02 1.000000000000000000e+00
4.307968426180419641e-04 5.993579147988500333e-01 1.000000000000000000e+00
2.721130644387964592e-01 8.294090895979162603e-01 0.000000000000000000e+00
9.252033973385149768e-01 3.530289637955635884e-01 0.000000000000000000e+00
2.641306370260663172e-01 3.320548292763697562e-01 0.000000000000000000e+00
4.807893183288757255e-01 3.631052962724017341e-01 1.000000000000000000e+00
5.905683497514512270e-01 3.830996311494866413e-01 1.000000000000000000e+00
6.042972783403247616e-01 5.704656223983154417e-01 1.000000000000000000e+00
6.390787285538377382e-01 9.860217318110839901e-01 0.000000000000000000e+00
3.988853272748971168e-01 3.414093876918882220e-01 0.000000000000000000e+00
9.989312916471773107e-01 8.681642805948175390e-01 0.000000000000000000e+00
8.427634659468513645e-01 2.879190831588088750e-01 0.000000000000000000e+00
5.257264591996109182e-01 8.217167867801465908e-01 1.000000000000000000e+00
2.773780894047762624e-01 3.416528696743376114e-01 0.000000000000000000e+00
7.361383494010582673e-01 3.457394449485980958e-01 1.000000000000000000e+00
4.173883542006689984e-01 4.778741346457885397e-01 1.000000000000000000e+00
4.553685815421472105e-01 6.234297812946643091e-02 1.000000000000000000e+00
7.341672237439326176e-01 6.956335277131627803e-01 1.000000000000000000e+00
8.565026898518678378e-01 7.045068938902032674e-01 1.000000000000000000e+00
2.886487481831174762e-01 6.581524520819537205e-01 1.000000000000000000e+00
7.563889142528795739e-01 4.377214269355330645e-01 1.000000000000000000e+00
8.927532075400140821e-01 9.173103081769894418e-01 0.000000000000000000e+00
9.666339804033937666e-01 9.452943667671316330e-01 0.000000000000000000e+00
4.118570664473251153e-01 3.902005481163066669e-01 1.000000000000000000e+00
2.917257373738171289e-01 9.139949113862327890e-01 0.000000000000000000e+00
2.393636256494237058e-01 1.539243568641246451e-01 0.000000000000000000e+00
1.076413998281589013e-02 1.593542111020967988e-01 0.000000000000000000e+00
6.693571649559062475e-01 4.282192268437752247e-01 1.000000000000000000e+00
5.105933114848364429e-01 9.946228551372479076e-01 0.000000000000000000e+00
1.362654600612014377e-01 2.232413654237069833e-01 0.000000000000000000e+00
5.620416823240275139e-01 3.013311193021558365e-01 1.000000000000000000e+00
4.490090829164542496e-01 7.370212274339822400e-01 1.000000000000000000e+00
1.215354671597546066e-01 1.004397732833772761e-02 0.000000000000000000e+00
3.327138659892333594e-01 4.377966010958767029e-02 0.000000000000000000e+00
5.921733484546127801e-01 5.538085438286074469e-01 1.000000000000000000e+00
5.258679334530665939e-01 7.535018864394452676e-01 1.000000000000000000e+00
1.377785286806590959e-01 8.065125449882555309e-01 0.000000000000000000e+00
5.323524404599419002e-01 1.513737531010754811e-01 0.000000000000000000e+00
8.298210126555106703e-01 7.306070737578017615e-01 1.000000000000000000e+00
6.290604895014951792e-01 7.925562352648881648e-01 1.000000000000000000e+00
4.561328338641827962e-01 9.580663020493096482e-03 1.000000000000000000e+00
9.927533936532854097e-01 1.584419601882758322e-01 0.000000000000000000e+00
1.340410688645842230e-01 7.765166587634254602e-01 0.000000000000000000e+00
3.474558229306237145e-01 8.312175782845588889e-01 0.000000000000000000e+00
5.206363360508527993e-01 4.194946972227194815e-01 1.000000000000000000e+00
7.875232724749993141e-01 8.977738207610481691e-01 0.000000000000000000e+00
6.342433137968856993e-01 5.129473471967220810e-01 1.000000000000000000e+00
5.034746046847902168e-01 8.879042694563488158e-02 1.000000000000000000e+00
9.424489058931706520e-02 6.550907470352085316e-01 1.000000000000000000e+00
1.844396661807111704e-01 3.942408364441746249e-01 0.000000000000000000e+00
5.647228683969696128e-02 8.552686085465704968e-01 0.000000000000000000e+00
6.097619562765572709e-01 3.412535928069665436e-01 1.000000000000000000e+00
7.893904157946440847e-03 6.219278948595241552e-02 0.000000000000000000e+00
3.326273204122884852e-01 8.662694526370626757e-01 0.000000000000000000e+00
9.493373423780268050e-01 7.073351936021772257e-01 0.000000000000000000e+00
4.281269811618240162e-01 4.672683881235878411e-01 1.000000000000000000e+00
3.882594136489191383e-01 2.381799587152534370e-01 0.000000000000000000e+00
8.819274976612319072e-01 1.192818582394639115e-02 0.000000000000000000e+00
9.623295998510228433e-01 4.978856615859781343e-01 0.000000000000000000e+00
6.693872052430259734e-01 3.223071444927516627e-01 1.000000000000000000e+00
3.492083487750408111e-02 1.107657977282211492e-01 0.000000000000000000e+00
5.614248471137449625e-01 8.201980643423810724e-01 1.000000000000000000e+00
5.362747911350397301e-01 7.074384448600212760e-01 1.000000000000000000e+00
4.466986139873703188e-01 2.424181816930612854e-01 0.000000000000000000e+00
6.544166384528637970e-02 8.984680279152170712e-01 0.000000000000000000e+00
7.404151053199595767e-01 1.740698503152769971e-01 0.000000000000000000e+00
5.071443987450703350e-01 4.213469760893702176e-01 1.000000000000000000e+00
4.285997642506924610e-01 4.064995566720286391e-02 0.000000000000000000e+00
8.649364145903574164e-01 3.092179022362453455e-01 0.000000000000000000e+00
2.201054901804555541e-03 8.376246827134058437e-01 0.000000000000000000e+00
7.247872899294647286e-01 5.204674551976223862e-01 1.000000000000000000e+00
6.643988098569858503e-01 7.487611141855550212e-01 1.000000000000000000e+00
1.044366448830018612e-01 2.009404199584530204e-01 0.000000000000000000e+00
5.438732980715528242e-01 9.657075783405049130e-01 0.000000000000000000e+00
9.126944658632569762e-01 4.882896992824468096e-01 0.000000000000000000e+00
4.016526818453483028e-01 5.093429375964262373e-01 1.000000000000000000e+00
7.312897898264307806e-01 9.708048652655465460e-01 0.000000000000000000e+00
6.807550197352150168e-01 9.573792997980447028e-01 0.000000000000000000e+00
4.141293167419308752e-01 7.188198256384609186e-01 1.000000000000000000e+00
3.762612664959696929e-02 1.146676192965434549e-02 0.000000000000000000e+00
1.211313770276755131e-01 2.138573887034453946e-01 0.000000000000000000e+00
2.003970691694815232e-01 2.472037543058115405e-01 0.000000000000000000e+00
6.487664332032461179e-01 5.202821413025247033e-01 1.000000000000000000e+00
1.225904083247643106e-01 3.445246134264501325e-01 0.000000000000000000e+00
4.760124841189127265e-01 6.185696859904843414e-01 1.000000000000000000e+00
1.322210096620582975e-01 8.199279954301695872e-01 0.000000000000000000e+00
2.671711391421938142e-02 8.088778669341400995e-02 0.000000000000000000e+00
5.010476951576261495e-01 5.198101291581757044e-01 1.000000000000000000e+00
2.823777736605826982e-01 5.476034757406389453e-02 0.000000000000000000e+00
4.980108173941456551e-01 7.511446516947212215e-01 1.000000000000000000e+00
2.634648430899566574e-01 1.872926621552220006e-01 0.000000000000000000e+00
9.579592516157275917e-02 1.144606033611413887e-01 0.000000000000000000e+00
5.599274149247122079e-01 8.525918638238851877e-01 1.000000000000000000e+00
3.035489358165788243e-01 2.159592218331922719e-01 0.000000000000000000e+00
2.587377825668466524e-01 7.488985147647290175e-01 0.000000000000000000e+00
4.518982111706237870e-01 5.158675060300066395e-02 1.000000000000000000e+00
2.224847021934908131e-01 1.016413850995170343e-01 0.000000000000000000e+00
1.479954820250106717e-01 3.034206857939960589e-01 0.000000000000000000e+00
3.279463202511545550e-02 8.350259539828165378e-01 0.000000000000000000e+00
3.629104839446126718e-01 5.857455103781620265e-01 1.000000000000000000e+00
2.387586338978152645e-01 7.082622940942121526e-01 0.000000000000000000e+00
6.562326181256938895e-01 5.663989148879038371e-01 1.000000000000000000e+00
9.103727634289232595e-01 7.345061797791206937e-01 0.000000000000000000e+00
7.978960121159850427e-01 9.668803311801742462e-01 0.000000000000000000e+00
5.412761205293725730e-02 2.039848373390591441e-01 0.000000000000000000e+00
3.313369602094167199e-01 9.048512557662846678e-01 0.000000000000000000e+00
9.572777840312883813e-01 8.836327551035736416e-01 0.000000000000000000e+00
2.028889062840362190e-01 7.038374391964705712e-01 0.000000000000000000e+00
6.200131444760709210e-01 2.367000661465376021e-01 1.000000000000000000e+00
3.927933341696622227e-01 5.965743452556245829e-01 1.000000000000000000e+00
4.719479381635310888e-01 2.284046868972189337e-01 0.000000000000000000e+00
9.641470314610300907e-02 1.750209588630222690e-01 0.000000000000000000e+00
5.812325252081204097e-01 1.890325129501155832e-01 0.000000000000000000e+00
2.038743976947383629e-01 1.569968008453552777e-01 0.000000000000000000e+00
4.991448250199748138e-02 3.432684722560179758e-01 0.000000000000000000e+00
2.172754483465247910e-01 7.969502278203820511e-01 0.000000000000000000e+00
4.317629095337954803e-01 6.905413089103625834e-01 1.000000000000000000e+00
6.102673903781585807e-01 4.593042466722848660e-01 1.000000000000000000e+00
7.217124306205999762e-01 5.015354136393580520e-01 1.000000000000000000e+00
8.331908968971981633e-01 4.676461516545260544e-01 1.000000000000000000e+00
4.407210663160232578e-01 6.218476248869173606e-01 1.000000000000000000e+00
6.240574742559401589e-01 3.967051048827200388e-01 1.000000000000000000e+00
6.305548066382837824e-03 8.279731375783098146e-01 0.000000000000000000e+00
5.944045297470746947e-01 6.590195185157874391e-01 1.000000000000000000e+00
8.129701584932425007e-04 6.437129399872199009e-02 0.000000000000000000e+00
7.348087178397108010e-01 2.187617593498979440e-01 0.000000000000000000e+00
9.473906848778727019e-01 4.132993180369938235e-01 0.000000000000000000e+00
4.509760159779220290e-01 1.185446553321910512e-01 0.000000000000000000e+00
9.229182028610641852e-01 2.060395266981337459e-01 0.000000000000000000e+00
5.541299785460446214e-01 9.497028525095574381e-01 0.000000000000000000e+00
9.418434860245542550e-01 5.791959799083306049e-01 1.000000000000000000e+00
4.020357435326701312e-01 6.014361521434662405e-01 1.000000000000000000e+00
7.724712840655789670e-01 6.460117707216063154e-01 1.000000000000000000e+00
3.766945378913733045e-01 6.226822415327628590e-01 1.000000000000000000e+00
6.209857001096663609e-01 3.957191065776320960e-01 1.000000000000000000e+00
7.195479140477667457e-02 2.659801936112027310e-02 0.000000000000000000e+00
4.378274979085069463e-01 7.050375759486975369e-01 1.000000000000000000e+00
8.618382316874322324e-01 7.597759369829745202e-01 0.000000000000000000e+00
8.227137855684552026e-02 5.119127919833815765e-01 1.000000000000000000e+00
7.209868715541558615e-01 5.390080169987104819e-01 1.000000000000000000e+00
3.321246334324312599e-01 2.254873869574456346e-01 0.000000000000000000e+00
3.604181785765588897e-01 6.156987501239613580e-01 1.000000000000000000e+00
5.611614651509166940e-02 9.194534713227850986e-01 0.000000000000000000e+00
2.704478202635204331e-01 5.330232875701081952e-01 1.000000000000000000e+00
9.559115333072938370e-01 1.396026826697771561e-02 0.000000000000000000e+00
3.928651681686413655e-01 6.412481156985742059e-01 1.000000000000000000e+00
9.173492488947547763e-01 7.319126928032183566e-01 0.000000000000000000e+00
1.954720241196794550e-01 6.863598331939519959e-01 0.000000000000000000e+00
1.422722008384940118e-01 5.961758916112673834e-01 1.000000000000000000e+00
4.480828147123214755e-01 2.434954388517064361e-01 0.000000000000000000e+00
7.097202869978059825e-01 9.809777826507373177e-01 0.000000000000000000e+00
9.381549086685284644e-01 6.311927558036101171e-02 0.000000000000000000e+00
2.101978619464928144e-02 6.343663972252202576e-01 1.000000000000000000e+00
1.814236214299556060e-01 7.739059642883455714e-01 0.000000000000000000e+00
9.820008616655894196e-01 5.788583821974639942e-01 0.000000000000000000e+00
6.115355723065081239e-01 5.196086146833989172e-01 1.000000000000000000e+00
1.549665437682710145e-01 5.595325287802634939e-01 1.000000000000000000e+00
2.933089564036329699e-01 8.148041642210740454e-01 0.000000000000000000e+00
9.749948327971256212e-01 4.507424039911764879e-01 0.000000000000000000e+00
2.244929341589977367e-01 7.253262190591120984e-01 0.000000000000000000e+00
3.944604892992477074e-01 4.750205482482493524e-01 1.000000000000000000e+00
9.736828458546663567e-01 6.879286800430384208e-01 0.000000000000000000e+00
6.647761110072629709e-01 6.712857269966876483e-01 1.000000000000000000e+00
5.797586754620759342e-01 8.246994483831819878e-01 1.000000000000000000e+00
3.345231003680659843e-01 5.973119795112517005e-01 1.000000000000000000e+00
1.672765691687593259e-01 4.136197375505880069e-01 0.000000000000000000e+00
8.649872172349709620e-01 4.078729217421923625e-01 0.000000000000000000e+00
7.732907965168815956e-01 7.765647361030608709e-01 1.000000000000000000e+00
5.376943864604961654e-01 1.121496964274113495e-01 1.000000000000000000e+00
5.569738521722046309e-01 7.937344823786566250e-01 1.000000000000000000e+00
1.435716660560231173e-01 1.236242102917971541e-01 0.000000000000000000e+00
6.050142210253062203e-02 7.768329428547756654e-01 0.000000000000000000e+00
5.269022808010211945e-01 3.994528042884016861e-01 1.000000000000000000e+00
4.645021231933664785e-01 4.358776853915495852e-01 1.000000000000000000e+00
6.185288025303701254e-01 8.463784756625004624e-01 1.000000000000000000e+00
9.833805876688989089e-01 7.919816154670398234e-01 0.000000000000000000e+00
6.672720820249157248e-01 6.173065078884097945e-01 1.000000000000000000e+00
1.261591949840743521e-01 4.704489468957095966e-02 0.000000000000000000e+00
9.387067681655389961e-01 7.143368815657418214e-01 0.000000000000000000e+00
4.245786688206673043e-01 7.656140771309980497e-01 1.000000000000000000e+00
7.411061610850848691e-01 8.389920129129436743e-01 0.000000000000000000e+00
8.066428703656899346e-01 4.252802467735338210e-01 1.000000000000000000e+00
5.170161097269385664e-01 6.960200580353244071e-01 1.000000000000000000e+00
9.845649551734604321e-01 7.747922723584238502e-01 0.000000000000000000e+00
8.520631032809866667e-01 1.220817958160870242e-01 0.000000000000000000e+00
7.311293576027869667e-01 9.487806706804896573e-01 0.000000000000000000e+00
5.905497180735518326e-01 2.244307518532739909e-02 1.000000000000000000e+00
8.552814775322573615e-01 8.467711238833108833e-01 0.000000000000000000e+00
1.633510269542325366e-01 1.687102738507428867e-01 0.000000000000000000e+00
8.744104015485248960e-01 8.848258699631117441e-02 0.000000000000000000e+00
8.825764306272132487e-02 1.945996369455333941e-01 0.000000000000000000e+00
1.687038448526865242e-01 8.513387979672597528e-01 0.000000000000000000e+00
5.533355950191887196e-01 5.004769655881147195e-01 1.000000000000000000e+00
9.171697914656280481e-01 9.459583017842300157e-01 0.000000000000000000e+00
7.299443570657853098e-01 6.703281983329657523e-01 1.000000000000000000e+00
3.068717237478765236e-01 9.562079709948957396e-01 0.000000000000000000e+00
4.499892304169292867e-01 3.844810730518534170e-01 1.000000000000000000e+00
5.470064112314473315e-01 7.921763601023152912e-01 1.000000000000000000e+00
7.869549359773653219e-02 6.264451236592539773e-01 1.000000000000000000e+00
7.819235709179345184e-01 6.284350446563280457e-01 1.000000000000000000e+00
5.639308652379272369e-01 5.229864899826744962e-01 1.000000000000000000e+00
3.894810136298091363e-01 2.196875945116190110e-01 0.000000000000000000e+00
6.399310047801646251e-01 3.837646852966044575e-01 1.000000000000000000e+00
7.681683208890432990e-02 3.285074069179798606e-01 0.000000000000000000e+00
3.818851872166263428e-01 6.841414577320309442e-01 1.000000000000000000e+00
1.334749134575605733e-01 2.865371090848647384e-01 0.000000000000000000e+00
3.321277331147725054e-01 7.594418635098413306e-01 0.000000000000000000e+00
5.616078513542980266e-01 2.395687420590668637e-01 1.000000000000000000e+00
8.524927073988149973e-01 9.337722443697829000e-01 0.000000000000000000e+00
7.524369842526232866e-01 5.697426667814359247e-01 1.000000000000000000e+00
6.869309769059244175e-01 5.352485270662975525e-01 1.000000000000000000e+00
4.184035979470653865e-01 3.359942720029447383e-01 0.000000000000000000e+00
1.372495269582788557e-01 6.188624173658334726e-01 1.000000000000000000e+00
7.903406064678117904e-01 7.219020078085407466e-01 1.000000000000000000e+00
9.755749313289626690e-01 3.413142740339347725e-01 0.000000000000000000e+00
8.409546157462836069e-01 3.048987558525735331e-01 0.000000000000000000e+00
4.590460366365128886e-01 3.880284845832860929e-01 1.000000000000000000e+00
1.324797842575947682e-01 4.940763421105980324e-01 0.000000000000000000e+00
8.191687795438007402e-01 2.427911820377502972e-01 0.000000000000000000e+00
5.394358052826886407e-01 2.787774652984124080e-01 1.000000000000000000e+00
4.096513796050390566e-01 9.660638067181236410e-01 0.000000000000000000e+00
1.599740280816642768e-01 9.527446974550609626e-01 0.000000000000000000e+00
6.771957517223481382e-03 1.827468068016383507e-01 0.000000000000000000e+00
7.273923576892584730e-01 6.808986186365317828e-01 1.000000000000000000e+00
2.552760540182217319e-01 2.618836102285572176e-01 0.000000000000000000e+00
2.073423071277754604e-01 3.842800676261872717e-01 0.000000000000000000e+00
3.709047513539448504e-01 6.211990088584162795e-01 1.000000000000000000e+00
9.889682489316238279e-01 6.300720315224428436e-01 0.000000000000000000e+00
7.831646303810650966e-01 5.168901831699559413e-01 1.000000000000000000e+00
8.718615830552808310e-01 5.267854890829792858e-02 0.000000000000000000e+00
6.718149455361749345e-01 7.083597769967467928e-01 1.000000000000000000e+00
1.513882205589694996e-01 6.894933612282878599e-01 0.000000000000000000e+00
2.526955597488079741e-01 2.020617425312040139e-01 0.000000000000000000e+00
5.887967571388462718e-01 2.699190578220480585e-01 1.000000000000000000e+00
3.999998673823282891e-01 8.218004762525360496e-01 0.000000000000000000e+00
3.871071773325087673e-01 8.466116354759926077e-01 0.000000000000000000e+00
4.271500655784434830e-01 1.035053193913815228e-02 1.000000000000000000e+00
1.820196839015620904e-01 7.640403778123452394e-01 0.000000000000000000e+00
5.295661194009494421e-01 8.384192018436009697e-02 1.000000000000000000e+00
1.728476931576050646e-02 6.427560692218957650e-01 1.000000000000000000e+00
7.788302371518441847e-01 6.956062648317237196e-01 1.000000000000000000e+00
9.745573480326810145e-01 2.998870078004695072e-01 0.000000000000000000e+00
4.815622652544722104e-01 1.794524233182190898e-01 0.000000000000000000e+00
4.923027624525766477e-02 7.495957930428738258e-01 0.000000000000000000e+00
5.357579400607133113e-01 9.067582121360314718e-01 1.000000000000000000e+00
5.534559109651779885e-01 6.436505740155522570e-01 1.000000000000000000e+00
9.762483936553318919e-01 6.006631296056732516e-01 0.000000000000000000e+00
2.023233794234614580e-01 7.290990249284934333e-02 0.000000000000000000e+00
7.367835110766649542e-01 2.308880112751416913e-01 0.000000000000000000e+00
2.695553356532476297e-02 9.665609328181135051e-01 0.000000000000000000e+00
8.863163351779205223e-01 4.050751807084482792e-01 0.000000000000000000e+00
1.291072387594447424e-01 2.098615668565462222e-01 0.000000000000000000e+00
1.416121787440027813e-02 2.572285839145560526e-01 0.000000000000000000e+00
7.859771944818595424e-01 1.177601546354737350e-01 0.000000000000000000e+00
5.399119279982137476e-01 3.977412608035560959e-01 1.000000000000000000e+00
3.128914274328424838e-01 3.732180104085338623e-01 0.000000000000000000e+00
7.143216656425450672e-01 1.027209833899077607e-01 0.000000000000000000e+00
2.233375180859552556e-01 8.435981009616596582e-01 0.000000000000000000e+00
9.100003330989518968e-01 4.680383959675639138e-01 0.000000000000000000e+00
2.527564625630929207e-01 2.204379019195118472e-01 0.000000000000000000e+00
1.264448547935310696e-01 7.179949078126690587e-02 0.000000000000000000e+00
3.093146381954270385e-02 1.132627045419914991e-01 0.000000000000000000e+00
1.133323274983175644e-01 8.717669776660685876e-01 0.000000000000000000e+00
7.809072307069079288e-01 8.144664865653078456e-01 0.000000000000000000e+00
6.646271650203458004e-01 7.276889419455391250e-01 1.000000000000000000e+00
9.868438335728810795e-01 8.052883266039194687e-01 0.000000000000000000e+00
8.511042272495132899e-01 1.354476334655612124e-01 0.000000000000000000e+00
1.916677625801024298e-01 4.154523583972935530e-02 0.000000000000000000e+00
6.173802283634605148e-01 9.896332065074326945e-01 0.000000000000000000e+00
3.454100952176903938e-01 3.096553979592420180e-01 0.000000000000000000e+00
4.050242014533996793e-01 8.095054239632992754e-01 0.000000000000000000e+00
4.956886810151670542e-01 3.321508502642300797e-02 1.000000000000000000e+00
8.722449328090051690e-01 6.621476635174721181e-01 1.000000000000000000e+00
5.334789209283163913e-02 4.772430426671605552e-01 1.000000000000000000e+00
3.847855492182821191e-01 6.505272374985658912e-01 1.000000000000000000e+00
2.581420466716628503e-01 1.584660645675554091e-01 0.000000000000000000e+00
5.052133385019872414e-01 4.359648735270085229e-01 1.000000000000000000e+00
6.025671742821095966e-01 3.376849150890749440e-01 1.000000000000000000e+00
3.773948656666692436e-03 6.232516517432398206e-01 1.000000000000000000e+00
5.557374108289159231e-02 2.061073373965675026e-01 0.000000000000000000e+00
6.726673673472642889e-01 2.976431820428805386e-01 1.000000000000000000e+00
1.358504725983583628e-01 1.638402557574754059e-01 0.000000000000000000e+00
9.354967276697919720e-01 6.072909240190728086e-01 1.000000000000000000e+00
9.633314574776552508e-02 6.929434567317295235e-01 0.000000000000000000e+00
3.842898202619671189e-01 9.377276405822116967e-01 0.000000000000000000e+00
9.612270688472928093e-01 8.978755965035075670e-01 0.000000000000000000e+00
5.046940885504367369e-01 9.239419945378781751e-01 0.000000000000000000e+00
5.109689151521724648e-01 8.303430743458355412e-01 1.000000000000000000e+00
2.562878449557053351e-01 3.271301051258459491e-01 0.000000000000000000e+00
8.946403038937300600e-02 6.453968534218996744e-01 1.000000000000000000e+00
9.261413582294292235e-01 5.448619060043884410e-01 1.000000000000000000e+00
5.777356981588392948e-01 4.417741586481640503e-01 1.000000000000000000e+00
9.800788753477556181e-01 4.534589271656338516e-01 0.000000000000000000e+00
6.910905806250434713e-01 7.839281877289683287e-02 1.000000000000000000e+00
6.129113235970784501e-02 1.473881614041000487e-01 0.000000000000000000e+00
8.962196691450016184e-01 5.526966658876705241e-01 1.000000000000000000e+00
3.876359607522674722e-01 8.814932532064970738e-01 0.000000000000000000e+00
1.414698590169962689e-01 9.958018537813265736e-01 0.000000000000000000e+00
8.374467264046696613e-01 1.806730860735039634e-02 0.000000000000000000e+00
9.372627359729338581e-01 1.089766903600352110e-01 0.000000000000000000e+00
8.825172526458060496e-01 7.642817547381522969e-01 0.000000000000000000e+00
2.046268148820415966e-01 3.854930450443889711e-01 0.000000000000000000e+00
8.072098241451952649e-01 2.909245165389835464e-01 0.000000000000000000e+00
8.295693507867740735e-03 7.026929472811932476e-01 1.000000000000000000e+00
9.734839031258502029e-01 2.447199349134979718e-01 0.000000000000000000e+00
5.345820079395787738e-01 9.482586684153221368e-01 0.000000000000000000e+00
8.457259738007198990e-01 9.217918574195032022e-01 0.000000000000000000e+00
8.672208292975936983e-01 3.297756201472412663e-02 0.000000000000000000e+00
2.048558151813156814e-01 6.108431178448892052e-01 0.000000000000000000e+00
2.752476350404098326e-03 2.040069708955321026e-01 0.000000000000000000e+00
8.249488289023841903e-01 5.264426392380981978e-01 1.000000000000000000e+00
5.633473571993548035e-01 1.630203910126774014e-01 1.000000000000000000e+00
5.983545093789257585e-01 1.700533319867275628e-01 1.000000000000000000e+00
2.926168843010247267e-01 6.546649966505224683e-01 1.000000000000000000e+00
9.442476722344875784e-01 3.522400841439951025e-01 0.000000000000000000e+00
8.952626730633070906e-01 2.976230855462720370e-01 0.000000000000000000e+00
6.637102138592816392e-01 5.483148519504322804e-01 1.000000000000000000e+00
5.071657700491424281e-01 4.801675868041043183e-01 1.000000000000000000e+00
1.327227018022584248e-01 4.266697205105921542e-01 0.000000000000000000e+00
2.387789960741498740e-01 4.144653392902705180e-01 0.000000000000000000e+00
3.690849863762615257e-01 9.125046813392422296e-01 0.000000000000000000e+00
7.418835223560807934e-01 3.697323210211307387e-01 1.000000000000000000e+00
6.405216686482925192e-01 2.867350143548166308e-01 1.000000000000000000e+00
8.771963055767366679e-01 8.181480232093396587e-01 0.000000000000000000e+00
7.150630217335083305e-01 9.031588701056125768e-01 0.000000000000000000e+00
9.071611669128760713e-01 4.368760490381592421e-01 0.000000000000000000e+00
4.596167508719845030e-01 1.903359380255554845e-01 0.000000000000000000e+00
3.603718821146384421e-02 9.735345428453318073e-01 0.000000000000000000e+00
8.537983851794224144e-01 7.435788284649585966e-01 0.000000000000000000e+00
7.488042609127144589e-01 3.137856477211591333e-01 0.000000000000000000e+00
4.300881889195425911e-01 3.163813093953820044e-01 0.000000000000000000e+00
2.319261358074522494e-01 1.224432744482916169e-01 0.000000000000000000e+00
9.168438828652213379e-01 5.392210783969572097e-01 1.000000000000000000e+00
7.029007729833431917e-01 9.967209991721003304e-01 0.000000000000000000e+00
3.537914306500316020e-01 7.889548401743606831e-01 0.000000000000000000e+00
6.022213695574890613e-01 1.254321712943631262e-01 1.000000000000000000e+00
6.035531977895669531e-01 9.210040294709602726e-01 1.000000000000000000e+00
2.086042066980048348e-01 3.508018077983814376e-01 0.000000000000000000e+00
7.624823764443269258e-01 2.939636102892706493e-01 0.000000000000000000e+00
6.040328405176000892e-01 4.611563813611463392e-02 1.000000000000000000e+00
9.719087210525435561e-01 8.608687348136487838e-01 0.000000000000000000e+00
2.897346683214361285e-01 1.596860878306480824e-01 0.000000000000000000e+00
1.465386077743939808e-01 8.039513186148157242e-01 0.000000000000000000e+00
1.041033035590753775e-01 7.091194514727646725e-01 0.000000000000000000e+00
6.166627155958491757e-01 9.607272220337259583e-01 0.000000000000000000e+00
8.227376158361402458e-01 8.959230384480659781e-01 0.000000000000000000e+00
3.435499518494886662e-01 5.774935584727951543e-01 1.000000000000000000e+00
7.140251203948964065e-01 2.124496270006983600e-01 0.000000000000000000e+00
4.018673882259294894e-01 7.162803563469550827e-01 1.000000000000000000e+00
6.041750590659931142e-01 7.574996807726346315e-01 1.000000000000000000e+00
7.991064921945584265e-01 4.614193861535574870e-01 1.000000000000000000e+00
4.105113142185331521e-01 6.746884291837242920e-01 1.000000000000000000e+00
4.152582493629793925e-01 9.287857163028883090e-01 0.000000000000000000e+00
3.674861204466767228e-01 4.415379550136330211e-01 1.000000000000000000e+00
9.050360487817183941e-01 2.281940248265379445e-01 0.000000000000000000e+00
5.195270861793440664e-01 5.726838742309462438e-01 1.000000000000000000e+00
6.835607093039680615e-01 5.018465867223237398e-01 1.000000000000000000e+00
6.590989134761471302e-02 3.509678404320777378e-01 0.000000000000000000e+00
9.790994608319499859e-01 4.988241007330981303e-01 0.000000000000000000e+00
1.626419850469394968e-01 9.594061812974130632e-01 0.000000000000000000e+00
8.434185346191453991e-01 6.023179275508209196e-01 1.000000000000000000e+00
7.834928631787417830e-01 8.362297246095381498e-01 0.000000000000000000e+00
6.809016500970183072e-01 8.421025625568092643e-01 1.000000000000000000e+00
7.896781744630722022e-01 3.182299684616637370e-01 0.000000000000000000e+00
8.398708491107392815e-01 3.927348334866221924e-01 0.000000000000000000e+00
7.074922941625924055e-01 3.828149686585613498e-02 1.000000000000000000e+00
7.685238721233422776e-01 5.709073742861359158e-02 0.000000000000000000e+00
5.390861420166601636e-01 3.090748875416104990e-01 1.000000000000000000e+00
6.020046989497751522e-01 2.354949523053750937e-01 1.000000000000000000e+00
7.601445774979234127e-01 8.427787667336101851e-01 0.000000000000000000e+00
3.192354736456013420e-01 6.889961496288504739e-01 1.000000000000000000e+00
6.306323208103121747e-01 7.775984959953574638e-03 1.000000000000000000e+00
9.066542073008402314e-01 5.401352530799518048e-01 1.000000000000000000e+00
1.810038041267024722e-01 3.940835835023803746e-02 0.000000000000000000e+00
9.672266732769780884e-01 9.444778167558244286e-01 0.000000000000000000e+00
3.252471818260695979e-01 2.797363566280941516e-02 0.000000000000000000e+00
9.475572341991223002e-02 7.609886778776516758e-01 0.000000000000000000e+00
2.468518663764064369e-01 2.179050781523714786e-01 0.000000000000000000e+00
3.810929919292282975e-02 1.061051586875648711e-01 0.000000000000000000e+00
9.657471776525908824e-01 9.338625972533042274e-01 0.000000000000000000e+00
2.767302576949880466e-01 6.939816180689099001e-01 0.000000000000000000e+00
3.419829985359973401e-01 1.427893439223884009e-01 0.000000000000000000e+00
3.016619451013962117e-01 6.149079713479129738e-01 1.000000000000000000e+00
6.871741642567384956e-01 3.057510131250131824e-01 1.000000000000000000e+00
3.517719807475275795e-01 9.558068165917827930e-01 0.000000000000000000e+00
4.923214632736299112e-01 8.015858066299680340e-01 1.000000000000000000e+00
6.255938890215475556e-01 2.505216344051733879e-01 1.000000000000000000e+00
9.832020354492972958e-01 1.718287802514659734e-01 0.000000000000000000e+00
2.710284711773669475e-01 7.361543591144270593e-01 0.000000000000000000e+00
7.460509098772808434e-01 7.397042040581174316e-01 1.000000000000000000e+00
4.786071222730153840e-01 9.180415800063790321e-02 0.000000000000000000e+00
2.428930620232339077e-02 9.975031470606746664e-01 0.000000000000000000e+00
2.434853255775082381e-01 2.327526142578633106e-01 0.000000000000000000e+00
3.565151779578950020e-01 7.082140083381545104e-01 1.000000000000000000e+00
8.651042318854406110e-01 1.539084234233744075e-01 0.000000000000000000e+00
6.169129956652633640e-01 9.174871788939191752e-01 1.000000000000000000e+00
2.210760669424990388e-01 5.974727296071868921e-02 0.000000000000000000e+00
6.758221854316807109e-01 6.661632126827427003e-01 1.000000000000000000e+00
1.350766609051532452e-01 2.892860972607119718e-01 0.000000000000000000e+00
8.136726305765085154e-01 2.134200747201782100e-01 0.000000000000000000e+00
1.333807575641949850e-01 9.647200913943917433e-01 0.000000000000000000e+00
2.453346539466482179e-01 5.412084545070237063e-01 1.000000000000000000e+00
7.942931931032549686e-01 5.489578019773643236e-01 1.000000000000000000e+00
6.874179693948906378e-01 4.668937421102962171e-01 1.000000000000000000e+00
7.971118187462790106e-01 3.773720723736465610e-01 0.000000000000000000e+00
3.734686426720889019e-01 4.374193160984161111e-01 1.000000000000000000e+00
3.651680809153884377e-01 9.290672045979697646e-02 0.000000000000000000e+00
3.753657830336731838e-01 6.586205745047503113e-01 1.000000000000000000e+00
1.758272570883308017e-01 4.108271082442009892e-01 0.000000000000000000e+00
4.930145373194108060e-01 3.505429610340952129e-01 1.000000000000000000e+00
9.360458681293774008e-01 9.197854547348696119e-01 0.000000000000000000e+00
9.629336581917099513e-01 4.970384206518779768e-01 0.000000000000000000e+00
1.265234296382997670e-01 6.111413675037296045e-01 1.000000000000000000e+00
8.092889406382790529e-01 7.575770499806663283e-01 1.000000000000000000e+00
6.480678413604512578e-01 5.833314381561245376e-01 1.000000000000000000e+00
7.960366014519301148e-01 4.956737575223647552e-01 1.000000000000000000e+00
5.241343749367775029e-01 7.058642843322807670e-01 1.000000000000000000e+00
3.509586143542928749e-01 6.737943481820953817e-01 1.000000000000000000e+00
3.883955422285079173e-02 2.141637345271446558e-01 0.000000000000000000e+00
7.127490539831555783e-01 3.724345419897082676e-01 1.000000000000000000e+00
1.424107745952424287e-01 5.419115154241341825e-01 1.000000000000000000e+00
2.226230022564067434e-01 6.857318810118024910e-01 0.000000000000000000e+00
5.737079088074988897e-01 4.856056018774682626e-01 1.000000000000000000e+00
6.698522914400483197e-01 2.566673049937268081e-01 0.000000000000000000e+00
1.627628577192925530e-01 2.137211414089598138e-01 0.000000000000000000e+00
7.807194395156823452e-01 2.439124722543200008e-01 0.000000000000000000e+00
5.760964631360478982e-01 9.490437548811109236e-01 1.000000000000000000e+00
7.178142721950214744e-01 3.619329044667231043e-01 1.000000000000000000e+00
6.525687306964108592e-01 6.024186524732793035e-01 1.000000000000000000e+00
8.549757595615505856e-01 6.361687438455176924e-01 1.000000000000000000e+00
5.898881701181706294e-01 8.977307881786952271e-01 1.000000000000000000e+00
2.200592525164724034e-01 1.666105188921204183e-01 0.000000000000000000e+00
6.598331367834582295e-01 2.866697755985927465e-01 1.000000000000000000e+00
5.327957092388821980e-01 5.913657827119229715e-01 1.000000000000000000e+00
7.907012963269375305e-01 6.794843496430896801e-01 1.000000000000000000e+00
6.159618467994290025e-01 9.812523872579561601e-01 0.000000000000000000e+00
2.796367827831339747e-01 5.456530864051765128e-01 1.000000000000000000e+00
4.456960661841253835e-01 4.168962533467479581e-01 1.000000000000000000e+00
6.320307264821711790e-02 2.599439791076362249e-01 0.000000000000000000e+00
6.640068660138944701e-01 1.606215482627907365e-01 0.000000000000000000e+00
4.121814803474697086e-01 8.119425672151793227e-01 0.000000000000000000e+00
2.502794459959053475e-01 6.370280683592490778e-01 1.000000000000000000e+00
7.873362538943161626e-01 4.988360236109582457e-01 1.000000000000000000e+00
7.271152740498298961e-02 3.799007472347504244e-01 0.000000000000000000e+00
7.864139669860968906e-01 9.826186656735491631e-02 0.000000000000000000e+00
1.269435346497226336e-01 6.488575988662534932e-01 1.000000000000000000e+00
6.162119979081527310e-01 7.183842044572515961e-01 1.000000000000000000e+00
6.023344484477322069e-01 3.194571382756952183e-01 1.000000000000000000e+00
3.387003983679859331e-03 7.204971830946386158e-01 1.000000000000000000e+00
6.961535485265964995e-01 6.209519404153587274e-01 1.000000000000000000e+00
8.622246956082869618e-01 6.108273628206654093e-01 1.000000000000000000e+00
8.170962581147389603e-01 5.256554896943567146e-01 1.000000000000000000e+00
1.515666049228955314e-01 2.469217375671246550e-01 0.000000000000000000e+00
3.278145325485528616e-01 1.052539615476627555e-01 0.000000000000000000e+00
1.615642861795589802e-01 4.792742792394465434e-01 0.000000000000000000e+00
1.270829326965203787e-01 2.617624177102350069e-01 0.000000000000000000e+00
9.978830842728633188e-01 5.264691330145477854e-01 0.000000000000000000e+00
6.264703401040110364e-01 1.259853190525838107e-01 1.000000000000000000e+00
8.281946650878094784e-01 6.875737029680140111e-03 0.000000000000000000e+00
7.113505917653709654e-01 1.686713920667274325e-01 0.000000000000000000e+00
8.953683313191337367e-01 8.604106795288681830e-01 0.000000000000000000e+00
2.203155029666971076e-01 4.065641729510283131e-02 0.000000000000000000e+00
1.341999063195212782e-01 8.533101352705796394e-03 0.000000000000000000e+00
2.894049424801254933e-01 3.437580727537185021e-01 0.000000000000000000e+00
8.056713986798648142e-01 8.404681276109816634e-01 0.000000000000000000e+00
9.167955491633963394e-01 1.356656481385130064e-01 0.000000000000000000e+00
2.886655277658047858e-01 9.374733933922343443e-01 0.000000000000000000e+00
7.329842575981758701e-01 5.411283649868573464e-01 1.000000000000000000e+00
3.527819840929558026e-02 2.670140087826264885e-01 0.000000000000000000e+00
9.692265064611842451e-01 1.554097071897603266e-01 0.000000000000000000e+00
7.606236863993539599e-01 6.207605485420258917e-01 1.000000000000000000e+00
8.456866986812487941e-01 2.777535582201162700e-02 0.000000000000000000e+00
5.139133558872016616e-01 3.464688595733553811e-01 1.000000000000000000e+00
7.693876417090196318e-01 9.121193930923829907e-01 0.000000000000000000e+00
9.534013079558201209e-01 8.819882921959437683e-01 0.000000000000000000e+00
7.382420558524689369e-01 8.431197059654392811e-01 0.000000000000000000e+00
9.415335323148696922e-01 6.481268531570445468e-01 0.000000000000000000e+00
3.891983817097547371e-01 2.199714812374742312e-01 0.000000000000000000e+00
2.032790811000908526e-01 8.671871708255571853e-01 0.000000000000000000e+00
9.711423911671692721e-01 7.903705091038748520e-01 0.000000000000000000e+00
3.696260194112490627e-01 7.763162224676298795e-01 0.000000000000000000e+00
1.524052797540429438e-01 3.859093013530843219e-01 0.000000000000000000e+00
2.411779501815585203e-01 5.534458561444013380e-01 1.000000000000000000e+00
2.670881015581195728e-01 6.892606326426090613e-01 0.000000000000000000e+00
5.369036610243634877e-01 6.731479559451888361e-01 1.000000000000000000e+00
7.669310311170277616e-01 2.379315258480794171e-01 0.000000000000000000e+00
3.097443076442213394e-01 4.861600135775647757e-01 1.000000000000000000e+00
5.798110750519436252e-02 7.548578569008840278e-01 0.000000000000000000e+00
5.230312195696340538e-02 3.094614271227199565e-01 0.000000000000000000e+00
8.195406197824358641e-01 7.308942295269643674e-01 1.000000000000000000e+00
7.640279799439391173e-01 7.851612190469035024e-01 1.000000000000000000e+00
5.882260220030828268e-01 5.035815822888948246e-01 1.000000000000000000e+00
7.726110382060359383e-01 9.373874741214238693e-01 0.000000000000000000e+00
2.127869899522812913e-01 8.097365255653046212e-01 0.000000000000000000e+00
2.290346676357620792e-01 3.397819375738241332e-01 0.000000000000000000e+00
3.814316020734624946e-01 3.729295191988510894e-01 0.000000000000000000e+00
3.432148812719637565e-01 5.175534287513819942e-01 1.000000000000000000e+00
8.304325748011776032e-01 9.871516654400259716e-01 0.000000000000000000e+00
8.485366471925160914e-01 8.385039448955340369e-01 0.000000000000000000e+00
2.765159593772337221e-01 6.544920868573913530e-01 1.000000000000000000e+00
3.830498989889233874e-01 2.085662787037918520e-01 0.000000000000000000e+00
1.825845462734531077e-01 1.182856517507667737e-01 0.000000000000000000e+00
3.130230226465624543e-02 8.623310844713155676e-01 0.000000000000000000e+00
7.558248571770078694e-01 2.146286494345438500e-01 0.000000000000000000e+00
8.119991216070323592e-01 7.344852811482405208e-02 0.000000000000000000e+00
8.359628330347054215e-01 9.853738851630444717e-02 0.000000000000000000e+00
9.880367490008203912e-01 7.999072780083804624e-02 0.000000000000000000e+00
1.307135413790910805e-01 7.317824961925254446e-01 0.000000000000000000e+00
7.237102727138089442e-02 3.185353858300384866e-01 0.000000000000000000e+00
4.959023490764645770e-01 7.916043656167089937e-01 1.000000000000000000e+00
6.726599584863584003e-01 6.619797417629422753e-01 1.000000000000000000e+00
4.717048508381301852e-01 2.730424314344773729e-01 0.000000000000000000e+00
7.222254415646787162e-01 7.820112671234935586e-01 1.000000000000000000e+00
8.385221893594777542e-01 7.202800425162967368e-01 1.000000000000000000e+00
9.483904516535346385e-01 9.961131944493103463e-01 0.000000000000000000e+00
3.716642640840414069e-01 5.264406367015725952e-01 1.000000000000000000e+00
4.731530911978515386e-01 6.668442614339542551e-01 1.000000000000000000e+00
2.628716413672841368e-01 4.077273486458300455e-01 0.000000000000000000e+00
7.003100272770510504e-01 2.998545878912088902e-01 0.000000000000000000e+00
3.893485646907510755e-01 5.576149546462910722e-01 1.000000000000000000e+00
3.190782386912590640e-01 2.980131509141714652e-01 0.000000000000000000e+00
5.186346491368156730e-01 6.635282455814687230e-01 1.000000000000000000e+00
9.616377297910142508e-01 7.897859236149441520e-01 0.000000000000000000e+00
8.419315584981010847e-01 8.088169924164662072e-01 0.000000000000000000e+00
7.208761044352407499e-01 8.679686916168279920e-01 0.000000000000000000e+00
2.932417905892860110e-01 3.614471472957312415e-01 0.000000000000000000e+00
1.211518388609009733e-01 1.852338516468903240e-01 0.000000000000000000e+00
4.937474306365595700e-01 2.833346030678812744e-01 0.000000000000000000e+00
6.766466062720466468e-03 4.906783217213102066e-01 1.000000000000000000e+00
4.613416615260000908e-01 3.268904398702255909e-01 1.000000000000000000e+00
4.372507111223616905e-01 1.092077435597285096e-01 0.000000000000000000e+00
6.111026963864759631e-01 5.432237523759431141e-01 1.000000000000000000e+00
4.564791551086241350e-01 2.496522129638600873e-01 0.000000000000000000e+00
9.443886139101398403e-02 8.140552544376651323e-01 0.000000000000000000e+00
4.037435833058463652e-01 1.065517600513529173e-01 0.000000000000000000e+00
9.372576465430704218e-02 5.597489127458592506e-01 1.000000000000000000e+00
8.609681644335128725e-01 8.195967949972424726e-01 0.000000000000000000e+00
6.320736763900839383e-01 4.455823407198625796e-01 1.000000000000000000e+00
6.302330633042730890e-01 4.136864304059540975e-01 1.000000000000000000e+00
7.928900629873705252e-01 3.736324196699225553e-04 0.000000000000000000e+00
6.282614841451117371e-01 4.684996519451399832e-01 1.000000000000000000e+00
7.424896858105878295e-04 2.675232136454969156e-01 0.000000000000000000e+00
1.933677799086941373e-02 2.787806756075777992e-01 0.000000000000000000e+00
1.044177878020740025e-01 7.348147995477418704e-01 0.000000000000000000e+00
4.874272560041440494e-01 3.361242063018381465e-01 1.000000000000000000e+00
3.258978619965502421e-01 9.182918065935035123e-01 0.000000000000000000e+00
1.236844913709089777e-01 8.498327247436238130e-01 0.000000000000000000e+00
8.300208183731163647e-01 7.170108218732663685e-01 1.000000000000000000e+00
7.282121208996698014e-01 4.534598723352417649e-01 1.000000000000000000e+00
1.264875876037604430e-01 7.335095494345026390e-01 0.000000000000000000e+00
8.162271336055673121e-01 3.215538893734194437e-01 0.000000000000000000e+00
8.655902755469505605e-01 3.429186474545542485e-01 0.000000000000000000e+00
1.820731358648494114e-01 2.893419638405571037e-01 0.000000000000000000e+00
5.805901239425946825e-01 7.881637634740589204e-01 1.000000000000000000e+00
9.725425871724864280e-01 9.523589904713580800e-01 0.000000000000000000e+00
8.702132980244713378e-01 4.577284502804357391e-01 0.000000000000000000e+00
6.890186571479800515e-01 5.947098913608842574e-01 1.000000000000000000e+00
6.230650918055523624e-01 9.389434895363438782e-01 1.000000000000000000e+00
3.985306996083508579e-01 4.415459247245413499e-01 1.000000000000000000e+00
2.421329692429549096e-01 3.005760318005101794e-01 0.000000000000000000e+00
8.957488324926606849e-01 8.534523749629698841e-01 0.000000000000000000e+00
8.012152380775913185e-01 4.951605535403635905e-02 0.000000000000000000e+00
6.669156877177699894e-01 9.094180068671313677e-01 0.000000000000000000e+00
4.880078920001992282e-01 9.844185810939722892e-01 0.000000000000000000e+00
5.206412056670973731e-01 6.072410361126986400e-01 1.000000000000000000e+00
9.440337599606137831e-01 3.944301007964661210e-01 0.000000000000000000e+00
8.114480910601099550e-01 2.791437495652276946e-01 0.000000000000000000e+00
5.281492123429947227e-01 7.302294364644223990e-02 1.000000000000000000e+00
3.839606381532492119e-01 6.288691407239851427e-01 1.000000000000000000e+00
5.746111611201206726e-01 5.880370766988236575e-01 1.000000000000000000e+00
9.820866636068055211e-01 5.052891589157133545e-01 0.000000000000000000e+00
7.204847543872302529e-01 1.947942944461178438e-01 0.000000000000000000e+00
7.171480368234264269e-01 9.177937369974832338e-01 0.000000000000000000e+00
5.911804439993072480e-01 9.626506538346250030e-01 1.000000000000000000e+00
6.789490760529223179e-01 5.791164547512002159e-01 1.000000000000000000e+00
8.381230823175496170e-01 6.097231327859035099e-01 1.000000000000000000e+00
1.443549856976618084e-01 6.484705720688768160e-01 0.000000000000000000e+00
3.077205437101836472e-01 2.260171928906676841e-01 0.000000000000000000e+00
2.839169903276334006e-01 9.082978272442387979e-02 0.000000000000000000e+00
5.643458431709971190e-01 1.039335011203379455e-01 1.000000000000000000e+00
4.695542906709113673e-01 1.689688568216467512e-01 0.000000000000000000e+00
3.482269388647429853e-02 3.241516151050619632e-01 0.000000000000000000e+00
5.276738853596080192e-01 3.938153459652238286e-02 1.000000000000000000e+00
2.690603144391617851e-01 2.734596600513882203e-01 0.000000000000000000e+00
6.940656090491903463e-01 9.912784163720392838e-01 0.000000000000000000e+00
5.077984854287360683e-01 9.321440620796717091e-01 0.000000000000000000e+00
3.690537070802617503e-01 5.886488213745577625e-01 1.000000000000000000e+00
7.354854811514658364e-01 8.800776707796612586e-01 0.000000000000000000e+00
2.380914139341765434e-01 5.614571478312805342e-01 1.000000000000000000e+00
1.231474875239386702e-01 3.002528569974105555e-01 0.000000000000000000e+00
7.295028567381076634e-01 4.726312056996520017e-01 1.000000000000000000e+00
5.365156259582719578e-01 9.769354130421707971e-01 0.000000000000000000e+00
8.756405786740153463e-01 8.189982552834925711e-01 0.000000000000000000e+00
3.395652497788234081e-01 7.160959954265673222e-01 1.000000000000000000e+00
9.217552226458449738e-01 7.127557295900406320e-01 0.000000000000000000e+00
3.370062600326073632e-01 2.320282980685346441e-01 0.000000000000000000e+00
7.730865915885852813e-01 1.647375385855003316e-01 0.000000000000000000e+00
9.124308870762010137e-02 9.831118948239546684e-01 0.000000000000000000e+00
9.061046324790658080e-01 7.903098187429786758e-01 0.000000000000000000e+00
1.285070401474217583e-01 2.388334791074155916e-01 0.000000000000000000e+00
8.494493752887947169e-01 1.764925292301948723e-01 0.000000000000000000e+00
1.210007588133831247e-01 9.943537244065040470e-01 0.000000000000000000e+00
6.241118000439614955e-01 6.910723932337390352e-01 1.000000000000000000e+00
5.137081794732090145e-01 5.408062637840107545e-01 1.000000000000000000e+00
4.240696392676017723e-01 9.286791108313818821e-02 0.000000000000000000e+00
1.076247822245434138e-01 7.490718084060379311e-01 0.000000000000000000e+00
7.808422542407988942e-04 7.329966476627303162e-01 1.000000000000000000e+00
9.677530988000079271e-01 3.879174437936496744e-01 0.000000000000000000e+00
3.113752085308093553e-01 4.377036374115021999e-01 0.000000000000000000e+00
5.204419839593622532e-01 8.738670871080542746e-01 1.000000000000000000e+00
2.837402741811411166e-01 1.769492101012271057e-01 0.000000000000000000e+00
5.040566501565088009e-01 9.812997058090970892e-01 0.000000000000000000e+00
5.117092262135832792e-01 3.301124383453797329e-01 1.000000000000000000e+00
4.695078497200255718e-01 2.157134562128094624e-01 0.000000000000000000e+00
8.079839002028601502e-01 5.822997960839807474e-01 1.000000000000000000e+00
5.029366051016784800e-01 6.133551935372960617e-01 1.000000000000000000e+00
5.759708511583440105e-01 3.224518199956104558e-01 1.000000000000000000e+00
3.523115359515779366e-01 5.416698866661732170e-01 1.000000000000000000e+00
3.061169056518825426e-01 9.846731502246638401e-01 0.000000000000000000e+00
6.621924245657583308e-01 5.919916123150681386e-01 1.000000000000000000e+00
4.287591101478417377e-01 7.037449819026750930e-01 1.000000000000000000e+00
9.541572691375544979e-01 1.047571514138755377e-01 0.000000000000000000e+00
4.974872176417753922e-01 1.840911390321170460e-01 0.000000000000000000e+00
3.127076211373718273e-01 1.478322747201035181e-01 0.000000000000000000e+00
9.277570550858522669e-01 7.316450991884605459e-01 0.000000000000000000e+00
6.879783408998462191e-01 2.940974193258346636e-01 0.000000000000000000e+00
7.102755514506924328e-01 7.086035506897127023e-01 1.000000000000000000e+00
7.506082981925008557e-01 5.369799186148549452e-03 1.000000000000000000e+00
3.199317342306220446e-01 7.068120742044752269e-01 1.000000000000000000e+00
3.571989992859712082e-01 8.917137533469272626e-01 0.000000000000000000e+00
4.470305584439515645e-02 7.094292337309515695e-02 0.000000000000000000e+00
8.658285248155606073e-02 6.708290120948944280e-01 1.000000000000000000e+00
5.707747317101006246e-01 4.148342993059466188e-01 1.000000000000000000e+00
2.237100450048994382e-01 1.974437909154093118e-01 0.000000000000000000e+00
8.426064466573937040e-01 8.559465752033250663e-01 0.000000000000000000e+00
3.637939399763623349e-01 3.753426632185750123e-01 0.000000000000000000e+00
4.124521331402912772e-01 2.983322455025007036e-01 0.000000000000000000e+00
8.114904407410719056e-01 8.984888918151373582e-01 0.000000000000000000e+00
3.667420578736451109e-01 4.346932125763225407e-02 0.000000000000000000e+00
6.922285513478738661e-01 4.323234224507765955e-02 1.000000000000000000e+00
8.405038433923486263e-01 9.931195614996378707e-01 0.000000000000000000e+00
6.924120421134452030e-01 9.133574618119210120e-01 0.000000000000000000e+00
6.019725292133881744e-02 5.365440210714433888e-01 1.000000000000000000e+00
9.119471784202989317e-01 4.198075865255931349e-01 0.000000000000000000e+00
8.138942146580931958e-01 5.203776950043229599e-01 1.000000000000000000e+00
8.236169674707289889e-01 2.549049576386719362e-02 0.000000000000000000e+00
8.704564177335738506e-02 7.709957044942158388e-01 0.000000000000000000e+00
2.353918636479868098e-01 4.821264670474553204e-01 0.000000000000000000e+00
4.321707191596604325e-01 5.940915105267995378e-01 1.000000000000000000e+00
1.522777313854034587e-01 6.877068555804921601e-02 0.000000000000000000e+00
3.309624828841801758e-01 9.114978652685753469e-01 0.000000000000000000e+00
7.974607242171521948e-01 1.989573987986225090e-01 0.000000000000000000e+00
9.562216855874285937e-01 1.542058964150108125e-01 0.000000000000000000e+00
1.996539186320354098e-01 6.179048301866074677e-01 0.000000000000000000e+00
2.811329239712313521e-01 6.722923058271818020e-01 1.000000000000000000e+00
2.588941041558920908e-01 7.619445586017707939e-01 0.000000000000000000e+00
8.354728845972978490e-01 1.492746361752700368e-01 0.000000000000000000e+00
6.599367490148740911e-01 1.981589299445488672e-01 0.000000000000000000e+00
5.583631023985188291e-01 2.470880170328990655e-01 1.000000000000000000e+00
6.466910996283852242e-01 7.611863057718304404e-02 1.000000000000000000e+00
8.977589523940333605e-01 4.785654646418774361e-01 0.000000000000000000e+00
2.606470418538248124e-01 7.641102386087695875e-01 0.000000000000000000e+00
7.816537799237833761e-01 3.500077302595110407e-01 0.000000000000000000e+00
7.405652300933540655e-01 1.670978377845249163e-01 0.000000000000000000e+00
6.838767100011975408e-01 4.135951746017590969e-01 1.000000000000000000e+00
7.074646756310010165e-02 2.719881252889925216e-01 0.000000000000000000e+00
3.950897724134787570e-01 8.041821763009918689e-01 0.000000000000000000e+00
4.510485844259715105e-02 1.424223167135220125e-01 0.000000000000000000e+00
3.786814300324489180e-01 9.386009280887873674e-01 0.000000000000000000e+00
1.392483365512009463e-01 1.590314130325628517e-01 0.000000000000000000e+00
3.674058080674527105e-01 6.314113255296875948e-01 1.000000000000000000e+00
1.107419625546450792e-01 8.959916322620720130e-02 0.000000000000000000e+00
1.886996744020414951e-01 7.675841876976523537e-01 0.000000000000000000e+00
6.434132147667650514e-01 3.873118875753410739e-01 1.000000000000000000e+00
6.900990144180479957e-01 2.264667646450274630e-01 0.000000000000000000e+00
7.078568659422409537e-01 5.334694928039582784e-01 1.000000000000000000e+00
5.338901752908031817e-01 7.861304587681122724e-01 1.000000000000000000e+00
1.453859753878211647e-01 3.601032102804158086e-01 0.000000000000000000e+00
7.857712545513562130e-02 7.620747925623883035e-02 0.000000000000000000e+00
1.700311776901863858e-01 5.337518902137342591e-01 0.000000000000000000e+00
8.274999396022559850e-01 7.324128383458374802e-01 1.000000000000000000e+00
1.074915067831099247e-01 3.658696042644750124e-01 0.000000000000000000e+00
5.218089538998140764e-01 2.149802679296310970e-01 0.000000000000000000e+00
3.208895135819958000e-01 1.553129843358482809e-01 0.000000000000000000e+00
2.023880274092704212e-02 7.434998508372649972e-01 1.000000000000000000e+00
1.291461654870234010e-01 4.477028782089099712e-01 0.000000000000000000e+00
1.610873075282058808e-01 6.161369985337860067e-01 1.000000000000000000e+00
4.826065305347869705e-01 4.009805497805368768e-01 1.000000000000000000e+00
4.760418076215263694e-01 1.028562670055518380e-01 0.000000000000000000e+00
9.373348205577614056e-02 1.734420554927329494e-02 0.000000000000000000e+00
9.384038032332550072e-01 3.166852848140518928e-01 0.000000000000000000e+00
4.185264281574977430e-01 3.159327314018051114e-01 0.000000000000000000e+00
9.797989438076666335e-01 9.672073315768481283e-01 0.000000000000000000e+00
5.458323288163947629e-01 3.123226898302514654e-01 1.000000000000000000e+00
8.809514745183315565e-01 9.604699722379751448e-01 0.000000000000000000e+00
9.564981452823870800e-01 9.086732127811758541e-01 0.000000000000000000e+00
4.290011090786784997e-01 7.791886388914038841e-01 1.000000000000000000e+00
4.473740536892976127e-01 5.966538701225011510e-01 1.000000000000000000e+00
5.421076884447845190e-01 7.634885294748133822e-01 1.000000000000000000e+00
9.785337438095813578e-01 8.051790363351295499e-01 0.000000000000000000e+00
5.608127054903709885e-01 9.846880845416653427e-01 0.000000000000000000e+00
5.556490025457011539e-01 5.557033038451152374e-01 1.000000000000000000e+00
8.652200336051875107e-01 6.371528673173911805e-01 1.000000000000000000e+00
6.082845944531721782e-01 3.759587114290501297e-01 1.000000000000000000e+00
1.503833991208991527e-01 1.227708867473376042e-01 0.000000000000000000e+00
2.575893492650288552e-01 5.933107270798306798e-01 1.000000000000000000e+00
4.474666455986469060e-01 7.577477586073699811e-02 0.000000000000000000e+00
6.656466110245934376e-01 9.510236514166433563e-01 0.000000000000000000e+00
2.040230273854700682e-01 9.369571654069422939e-01 0.000000000000000000e+00
8.602448398031523613e-01 8.013518732661840671e-01 0.000000000000000000e+00
8.396941097609283977e-01 6.716140188948293011e-01 1.000000000000000000e+00
6.032958563199219970e-02 4.764211693828046545e-01 1.000000000000000000e+00
6.796438041414309961e-01 6.453650645754449577e-01 1.000000000000000000e+00
6.951426743181480239e-01 8.943843139716446400e-01 0.000000000000000000e+00
5.588638750178571701e-01 8.574763775236566854e-01 1.000000000000000000e+00
8.398260217187398791e-01 3.776629083515212759e-01 0.000000000000000000e+00
7.575523676223272496e-01 3.163042585223033720e-01 0.000000000000000000e+00
5.812255447901681915e-02 2.800002901252518495e-01 0.000000000000000000e+00
6.218887674139853550e-01 9.838333150031430829e-01 0.000000000000000000e+00
2.717750320179435075e-02 8.103670591764117193e-01 0.000000000000000000e+00
9.109429970141409427e-01 5.736673337356513747e-01 1.000000000000000000e+00
3.482213109188182498e-01 9.738431247618042352e-01 0.000000000000000000e+00
9.084476544468046422e-01 2.264194310222803486e-01 0.000000000000000000e+00
2.303679565601501888e-01 7.163170174153745684e-01 0.000000000000000000e+00
8.049394769495584745e-01 1.190667882056809512e-01 0.000000000000000000e+00
2.859296806126609969e-02 4.114897980181397852e-02 0.000000000000000000e+00
6.279708716748396702e-01 5.322740188785310966e-01 1.000000000000000000e+00
8.859238200744589120e-01 3.415616756417705346e-01 0.000000000000000000e+00
7.340810190206259467e-02 5.123683844746933502e-01 1.000000000000000000e+00
4.044024374504558983e-01 2.695720884476593415e-02 0.000000000000000000e+00
6.189123971049637074e-01 2.854086718057887717e-01 1.000000000000000000e+00
7.741191768647852633e-01 1.282046364908667746e-01 0.000000000000000000e+00
9.572298597056427827e-02 8.588836561111962142e-01 0.000000000000000000e+00
5.728276177786577605e-01 6.296009314151297387e-01 1.000000000000000000e+00
3.851439796976718899e-01 2.871570962744884881e-02 0.000000000000000000e+00
2.115151303455188314e-01 8.576125513554545554e-01 0.000000000000000000e+00
4.490646015225919774e-01 3.635574121890958743e-01 1.000000000000000000e+00
2.376603150692077060e-01 4.075990556931056163e-01 0.000000000000000000e+00
8.366231900152809597e-02 4.499471050026547791e-01 0.000000000000000000e+00
4.517426544107884245e-01 1.907097168045199798e-01 0.000000000000000000e+00
9.773443325970974094e-01 7.535890511541099013e-01 0.000000000000000000e+00
7.008115815283921801e-02 5.223828586435421695e-01 1.000000000000000000e+00
4.795089535929338842e-01 6.090840710276200776e-01 1.000000000000000000e+00
1.974758266356232417e-01 9.536784890991679697e-01 0.000000000000000000e+00
9.324373233594044352e-01 3.739210989533033880e-01 0.000000000000000000e+00
3.887703022563551158e-01 5.622401817772977317e-01 1.000000000000000000e+00
6.058275253178215802e-01 6.871830456122600683e-01 1.000000000000000000e+00
9.900390620354534432e-01 9.687937731550844145e-01 0.000000000000000000e+00
9.307247054925275043e-01 6.162575969089721939e-01 1.000000000000000000e+00
1.596809911179746244e-01 9.973265175754874035e-01 0.000000000000000000e+00
4.628658309716355834e-01 7.271056933988525595e-01 1.000000000000000000e+00
7.489365720067410193e-01 7.155308196646636976e-02 0.000000000000000000e+00
7.375526890139131320e-01 2.415639472766353268e-01 0.000000000000000000e+00
9.663280384421431002e-01 5.756542792897954008e-01 1.000000000000000000e+00
3.917060402233119021e-01 1.288867941332909606e-01 0.000000000000000000e+00
1.798293459057984656e-01 4.026086038793577071e-01 0.000000000000000000e+00
2.308869726630744523e-01 1.185131054224752845e-01 0.000000000000000000e+00
3.143630518982813982e-01 2.247466172861910527e-01 0.000000000000000000e+00
1.432998385434880451e-02 7.788151724470072645e-01 0.000000000000000000e+00
9.020375800702530311e-01 4.570461651644882606e-01 0.000000000000000000e+00
5.848672795897522647e-01 4.028616624681894409e-01 1.000000000000000000e+00
4.558426887419710916e-01 8.363488691422209520e-01 1.000000000000000000e+00
6.244568176114281277e-01 8.493503967672888511e-02 1.000000000000000000e+00
3.097588202754676390e-01 9.552527745149904659e-01 0.000000000000000000e+00
4.246173370197547925e-01 1.853456845175427414e-02 1.000000000000000000e+00
8.383458496267530702e-01 3.640383502405265537e-01 0.000000000000000000e+00
6.509262630146056550e-01 3.716412718941334292e-01 1.000000000000000000e+00
6.885264649886944088e-01 2.351975125988433613e-01 0.000000000000000000e+00
6.770421556702987953e-01 4.267508284365862936e-01 1.000000000000000000e+00
9.151488138437846587e-02 8.297917763947019187e-01 0.000000000000000000e+00
5.027114236561726068e-01 3.376654167166741605e-01 1.000000000000000000e+00
4.484860156136728504e-01 1.863870470028853310e-01 0.000000000000000000e+00
6.025478004558062484e-01 2.178870420609080316e-02 1.000000000000000000e+00
1.490263643959289785e-01 5.686019160792429306e-01 1.000000000000000000e+00
8.907589505633441984e-01 8.766042888666587540e-01 0.000000000000000000e+00
9.699627068707320499e-01 7.981335758604803932e-01 0.000000000000000000e+00
9.709316869057170729e-01 3.870893043244939546e-01 0.000000000000000000e+00
6.146132726059800877e-01 6.208297098363113609e-01 1.000000000000000000e+00
7.924786160325232309e-01 3.460510214740031287e-03 0.000000000000000000e+00
8.235504138795035622e-02 3.834024196634514547e-01 0.000000000000000000e+00
5.690040608040501935e-01 8.933416547110072381e-01 1.000000000000000000e+00
1.384422549671255886e-01 7.470489395189505721e-02 0.000000000000000000e+00
3.809300551188952166e-01 3.033374948010669758e-01 0.000000000000000000e+00
3.061821400294670870e-01 8.759625357637598198e-01 0.000000000000000000e+00
4.745072455398591238e-01 1.456827944214761361e-01 0.000000000000000000e+00
8.121684775950073210e-01 6.898898015280843232e-01 1.000000000000000000e+00
2.871016492364646400e-01 4.148391486769342773e-02 0.000000000000000000e+00
8.123703417344299016e-01 6.052557241751921335e-01 1.000000000000000000e+00
6.952761247152725588e-01 6.525705932767967843e-01 1.000000000000000000e+00
3.462989527184157090e-03 8.911552596175280616e-01 0.000000000000000000e+00
3.142107329456522713e-01 8.152191743117320755e-03 0.000000000000000000e+00
9.950407209762062166e-01 1.736705051701286084e-01 0.000000000000000000e+00
6.024756688469254939e-01 1.866954335112249730e-01 0.000000000000000000e+00
1.389381651171599508e-01 6.138905863599067869e-01 1.000000000000000000e+00
5.267606224417505922e-01 1.908129485356060417e-01 0.000000000000000000e+00
8.209612632549784239e-01 7.690877516368938016e-01 0.000000000000000000e+00
9.879899905582689712e-04 9.627522464760016607e-01 0.000000000000000000e+00
5.573079906139615236e-01 2.949842336797281472e-01 1.000000000000000000e+00
2.457870700842067491e-01 2.959268720735466207e-01 0.000000000000000000e+00
5.317157135371624044e-01 6.570157711083399743e-01 1.000000000000000000e+00
5.128170800038618360e-01 3.973946759778800297e-01 1.000000000000000000e+00
9.892275885547006098e-01 6.807335112976814484e-01 0.000000000000000000e+00
9.563668976830760338e-01 6.580399960889782296e-01 0.000000000000000000e+00
4.521665721170675667e-01 2.991257294457279059e-01 0.000000000000000000e+00
3.205687482243214648e-01 9.981566155731820267e-01 0.000000000000000000e+00
3.752755395536190308e-01 7.324434073968473236e-01 1.000000000000000000e+00
5.525265763302850131e-01 8.445467782062839879e-01 1.000000000000000000e+00
7.668290435248253933e-01 8.516279561511577167e-01 0.000000000000000000e+00
5.065889122754562157e-01 3.587434643074497442e-01 1.000000000000000000e+00
3.953526812698650028e-01 9.696232405821256783e-01 0.000000000000000000e+00
8.281668424108437065e-01 5.108665019996543322e-01 1.000000000000000000e+00
5.587620236304373655e-01 5.044602429073183902e-01 1.000000000000000000e+00
1.660758031431905923e-01 3.896135335647652465e-01 0.000000000000000000e+00
2.870189509812480777e-01 6.324452516189346118e-01 1.000000000000000000e+00
5.452931517432755282e-01 2.212506124199897783e-02 1.000000000000000000e+00
7.140105769454307971e-02 8.957806291606207338e-02 0.000000000000000000e+00
3.606754868787183099e-01 4.201510505978123255e-02 0.000000000000000000e+00
2.139273939107404487e-01 5.400896986459386984e-01 0.000000000000000000e+00
5.097747968488858250e-01 1.612246367144968273e-01 0.000000000000000000e+00
7.718146609055840379e-01 7.979743115048336666e-01 1.000000000000000000e+00
7.196875217577932693e-01 8.231973190321120182e-01 1.000000000000000000e+00
7.927464506256417520e-01 5.626453165757332453e-01 1.000000000000000000e+00
3.022353389525538336e-01 4.180848662402703031e-02 0.000000000000000000e+00
1.363260204368751394e-01 5.468801677685247720e-01 1.000000000000000000e+00
6.201061530796627697e-01 2.822078322918490922e-01 1.000000000000000000e+00
7.540147045602108022e-01 3.820481144355747372e-02 0.000000000000000000e+00
8.226830672329832339e-02 5.963222726301482535e-01 1.000000000000000000e+00
8.860251553279117065e-01 6.044823452734074953e-01 1.000000000000000000e+00
4.180217481943822033e-01 9.176169032809402548e-01 0.000000000000000000e+00
1.583936143995312573e-01 6.935268829360108356e-01 0.000000000000000000e+00
7.041339868782215961e-01 6.602898107693804253e-01 1.000000000000000000e+00
3.797413862725368405e-01 3.432324029359723472e-01 0.000000000000000000e+00
8.197749981840479760e-01 2.822411993860779456e-01 0.000000000000000000e+00
7.195293007036041022e-02 8.860355285398878733e-01 0.000000000000000000e+00
5.212270421420240885e-01 6.224151772562998008e-01 1.000000000000000000e+00
3.269347653876705229e-01 7.817016757625634416e-01 0.000000000000000000e+00
5.837454180512291479e-01 6.742040108272617793e-03 1.000000000000000000e+00
6.876956523902697516e-01 6.125062633260575096e-01 1.000000000000000000e+00
2.431262768100039828e-01 2.726280471142126238e-01 0.000000000000000000e+00
6.741124337138171274e-01 7.811157041230574194e-01 1.000000000000000000e+00
4.068255524403718848e-02 7.139956350334346613e-01 1.000000000000000000e+00
1.868963461247453717e-01 2.144059948208695277e-01 0.000000000000000000e+00
1.479810939266723580e-02 2.833534062051586977e-01 0.000000000000000000e+00
5.187743292822374341e-01 1.268431632572500911e-01 0.000000000000000000e+00
7.645480120917554911e-01 9.768137491768080771e-01 0.000000000000000000e+00
1.666333447752810226e-02 4.786027016751588370e-01 1.000000000000000000e+00
1.466980242890810748e-01 6.128862947616713353e-01 1.000000000000000000e+00
9.637317840119644652e-01 9.823958721230221514e-01 0.000000000000000000e+00
5.267102189542555157e-01 8.967915445612086867e-01 1.000000000000000000e+00
5.613978644116246475e-02 2.626745704185845520e-01 0.000000000000000000e+00
8.449588118544900661e-01 4.089401391085581983e-01 0.000000000000000000e+00
6.862308458404797751e-02 7.058396290652222405e-01 1.000000000000000000e+00
2.810960888426738968e-01 9.728102715099683495e-01 0.000000000000000000e+00
5.762227665983665759e-01 1.912261095938235789e-01 0.000000000000000000e+00
2.717689719704731166e-01 8.989982601983567134e-01 0.000000000000000000e+00
2.316916286355662491e-01 6.565932667902293352e-01 0.000000000000000000e+00
1.839026973247245289e-01 1.102135896341476240e-01 0.000000000000000000e+00
3.904375071115032680e-01 8.419351550130167450e-01 0.000000000000000000e+00
5.507959022099815360e-01 2.293468883907473499e-01 0.000000000000000000e+00
7.970900239472222815e-02 2.239167510211208523e-01 0.000000000000000000e+00
9.419828360664519451e-01 6.014519617827599474e-01 1.000000000000000000e+00
6.113417924156165917e-01 8.176098750471039178e-02 1.000000000000000000e+00
8.196084524997604426e-02 5.115220875134784961e-02 0.000000000000000000e+00
8.353154656094208264e-03 3.021688900314389858e-02 0.000000000000000000e+00
3.979341358711192544e-01 7.347738431015748972e-02 0.000000000000000000e+00
9.649625550319410605e-01 3.709372682056828463e-01 0.000000000000000000e+00
1.337626620509992925e-01 2.787275636860857553e-01 0.000000000000000000e+00
2.600355809364629511e-02 9.772303685545157270e-01 0.000000000000000000e+00
9.900806142916350749e-01 7.339482323712286371e-01 0.000000000000000000e+00
9.668379887619468205e-01 9.744673300752008105e-01 0.000000000000000000e+00
2.728716828505757253e-01 6.150840050791467339e-01 1.000000000000000000e+00
1.770632441915739319e-01 2.661866800016968737e-01 0.000000000000000000e+00
5.687509486954356319e-01 2.306326359816319727e-01 1.000000000000000000e+00
1.497490735153449437e-01 1.899461543064367985e-01 0.000000000000000000e+00
5.684602559815771228e-01 9.710673301348703434e-01 0.000000000000000000e+00
1.837188275006984561e-01 2.332859418376609373e-01 0.000000000000000000e+00
4.113587677863312919e-01 9.747028460514582937e-01 0.000000000000000000e+00
7.353737669545677980e-01 7.034821487873077483e-01 1.000000000000000000e+00
6.056518599007882919e-01 2.230308316435412053e-01 1.000000000000000000e+00
7.223556603516559926e-01 8.181470891649260668e-01 1.000000000000000000e+00
6.944517127599220130e-01 7.990199943434073138e-02 1.000000000000000000e+00
4.100906183338850486e-01 2.785674791859137356e-01 0.000000000000000000e+00
4.085390953105879630e-01 7.103035996476078084e-01 1.000000000000000000e+00
8.374061913262920154e-02 5.826932805002016380e-03 0.000000000000000000e+00
1.835925661416047960e-01 2.217858999384823004e-01 0.000000000000000000e+00
5.399839836133746296e-01 5.136124634708781889e-01 1.000000000000000000e+00
7.938646321338431733e-01 6.542780030753212461e-01 1.000000000000000000e+00
7.535101698383213087e-01 5.350307646493310809e-01 1.000000000000000000e+00
4.479902318101613989e-01 9.457887656868445569e-01 0.000000000000000000e+00
2.638205317234229019e-01 5.983623161612798835e-01 1.000000000000000000e+00
7.636090716076595619e-01 7.940702086265423176e-01 1.000000000000000000e+00
7.105936816401591249e-01 9.690296372534267233e-01 0.000000000000000000e+00
7.462293706140002980e-01 2.807804326217949731e-01 0.000000000000000000e+00
4.505331791590131418e-01 3.965254949676552121e-01 1.000000000000000000e+00
4.319831661432882441e-01 7.108927786986976027e-01 1.000000000000000000e+00
7.557287456565483508e-01 1.188311085224060815e-01 0.000000000000000000e+00
4.409756624499376887e-01 8.392462188561733427e-01 0.000000000000000000e+00
8.907108761080092529e-01 2.126952992142396859e-01 0.000000000000000000e+00
2.530735346984513967e-01 7.566803999873611408e-01 0.000000000000000000e+00
1.204714698392640448e-01 9.850152969921189827e-01 0.000000000000000000e+00
8.096355927287726129e-01 2.416753117941426998e-01 0.000000000000000000e+00
3.199986848940590267e-01 6.365472355108559022e-02 0.000000000000000000e+00
2.461230457478631450e-01 8.991965273101137912e-01 0.000000000000000000e+00
6.519043067996145302e-01 3.117813294099577304e-01 1.000000000000000000e+00
4.434706658472447049e-01 2.653260990104722161e-01 0.000000000000000000e+00
9.822147277496905415e-01 2.699432001482826582e-02 0.000000000000000000e+00
3.797174427437796096e-01 9.872483845566829563e-01 0.000000000000000000e+00
5.794280566122533838e-02 9.032108436698859100e-01 0.000000000000000000e+00
6.639603666805632409e-01 6.338288147586976784e-01 1.000000000000000000e+00
1.942904745975916336e-01 3.671530271051426375e-02 0.000000000000000000e+00
5.625659482950040591e-01 1.864275825577488277e-02 1.000000000000000000e+00
9.387162200522034539e-01 2.327094868519057336e-01 0.000000000000000000e+00
3.124377241115916526e-01 7.773687119032309800e-01 0.000000000000000000e+00
3.362793695036234709e-01 7.668227592862710829e-01 0.000000000000000000e+00
3.896109504366227494e-01 7.398927601810852961e-01 1.000000000000000000e+00
7.282639608846920298e-01 4.951663212963713923e-01 1.000000000000000000e+00
8.927703335252199501e-01 5.283918567576517678e-02 0.000000000000000000e+00
9.801921199208919466e-01 9.396243590416931690e-01 0.000000000000000000e+00
4.099907801117854689e-01 9.528500934559267499e-01 0.000000000000000000e+00
1.723856916664094907e-01 1.328924130184041541e-01 0.000000000000000000e+00
3.143163219225524330e-01 4.627611306103620592e-01 0.000000000000000000e+00
8.489367675966661420e-01 2.726775160566745626e-01 0.000000000000000000e+00
3.515009704884223263e-01 4.965405514822632815e-01 1.000000000000000000e+00
9.336976949875974707e-01 6.075833351047733588e-01 1.000000000000000000e+00
1.358975401248818660e-02 8.373297426787560394e-01 0.000000000000000000e+00
3.320967913914496528e-02 3.615350268968762215e-01 0.000000000000000000e+00
1.768176241919495739e-01 6.733033456307415676e-01 0.000000000000000000e+00
9.365565141749239153e-01 9.814945648511846921e-01 0.000000000000000000e+00
1.684330758527176064e-01 2.968704066526147711e-01 0.000000000000000000e+00
9.409461599045889635e-01 4.139273155840161866e-02 0.000000000000000000e+00
1.030217310109127204e-01 5.852850878240805077e-01 1.000000000000000000e+00
7.041912954505726852e-01 3.000025850068988031e-01 0.000000000000000000e+00
8.540423911247265742e-01 9.647800921252328576e-01 0.000000000000000000e+00
6.605443270679423051e-01 1.280835485449712818e-01 0.000000000000000000e+00
1.099137995128118828e-01 4.144166879881727716e-03 0.000000000000000000e+00
7.065175833017266482e-01 5.286564254448407052e-01 1.000000000000000000e+00
4.054196568016865676e-01 5.409769918553823942e-01 1.000000000000000000e+00
8.242910167942119060e-01 4.293909350585687346e-01 0.000000000000000000e+00
5.992869087153471774e-01 3.306304681775330545e-01 1.000000000000000000e+00
4.660794968895873858e-01 5.652761148328319107e-01 1.000000000000000000e+00
4.855893662207525496e-01 5.168283099871606723e-01 1.000000000000000000e+00
6.606659146516741243e-01 9.000324424918459965e-02 1.000000000000000000e+00
3.336378867737114229e-01 2.867969463828778931e-02 0.000000000000000000e+00
9.640994326768054234e-01 7.986527931843271366e-01 0.000000000000000000e+00
9.252616880959841916e-01 4.729214238633844269e-01 0.000000000000000000e+00
3.802105056528233273e-01 8.136949895944679545e-01 0.000000000000000000e+00
1.195797061261127947e-02 4.148376347291384825e-01 1.000000000000000000e+00
6.826223169131347968e-01 6.255611765855207951e-01 1.000000000000000000e+00
8.480536408597552089e-01 2.597686586489862393e-01 0.000000000000000000e+00
9.368800729471837840e-02 4.863689787211545879e-01 0.000000000000000000e+00
5.734668574318285694e-01 5.683439272319702473e-01 1.000000000000000000e+00
5.836748733474310669e-01 3.082160626548079430e-01 1.000000000000000000e+00
5.892945026904183869e-03 5.361949269267440865e-01 1.000000000000000000e+00
6.211494760917584124e-01 2.514290929069409319e-01 1.000000000000000000e+00
6.787505747351958441e-01 8.029233562324135098e-01 1.000000000000000000e+00
6.811975259035708552e-01 8.715072316252725493e-01 1.000000000000000000e+00
7.786569453833476206e-01 9.416941450038471828e-01 0.000000000000000000e+00
7.785038437716503834e-01 4.814012608468365428e-02 0.000000000000000000e+00
5.654508014924686243e-01 7.785554340900532333e-01 1.000000000000000000e+00
1.386083226817256264e-01 5.968844409457644273e-01 1.000000000000000000e+00
7.433144168922208861e-01 3.375047429477548988e-01 0.000000000000000000e+00
5.052742030293806419e-01 2.233075515319170590e-01 0.000000000000000000e+00
9.075945224174731818e-01 7.150901639551349165e-01 0.000000000000000000e+00
9.853215497708661674e-01 7.077422356397075065e-01 0.000000000000000000e+00
6.571841795997425129e-01 2.762794949094093955e-02 1.000000000000000000e+00
5.805319219874893744e-01 3.059098854533129908e-01 1.000000000000000000e+00
6.309722133269155542e-01 8.036232749144106569e-01 1.000000000000000000e+00
5.020754223528922644e-01 7.126239288542324246e-02 1.000000000000000000e+00
1.024102128765769226e-02 8.655085769290058462e-01 0.000000000000000000e+00
1.643712955181564350e-02 7.629511317173560681e-01 1.000000000000000000e+00
3.659413541566647332e-01 9.917426461995115794e-01 0.000000000000000000e+00
6.020664595385943896e-01 7.305816786054005751e-01 1.000000000000000000e+00
4.119676185086202924e-01 2.508253070098889204e-01 0.000000000000000000e+00
1.816170648663677500e-01 9.148729561097368457e-01 0.000000000000000000e+00
6.792435940376941872e-01 5.345465052490672164e-01 1.000000000000000000e+00
2.283788200218334064e-01 9.256806580388743377e-01 0.000000000000000000e+00
8.323420016967784107e-01 6.936718319414292289e-01 1.000000000000000000e+00
9.197708335103415012e-01 6.475409130879943298e-01 1.000000000000000000e+00
6.431650775674044862e-01 3.860902371613523787e-01 1.000000000000000000e+00
5.134733461561793444e-01 8.578765375008753358e-01 1.000000000000000000e+00
7.131862118584320065e-02 9.161236810666887331e-01 0.000000000000000000e+00
3.269968994346357238e-01 3.879204476239423993e-01 0.000000000000000000e+00
6.161426636899030029e-01 6.185120428706074591e-01 1.000000000000000000e+00
9.920011976298473977e-01 3.761480377812460585e-01 0.000000000000000000e+00
3.158028001164473464e-01 1.472351468015832276e-01 0.000000000000000000e+00
5.386494932613929976e-01 3.095333870188350378e-01 1.000000000000000000e+00
4.222464009632330706e-01 9.609893037000755145e-01 0.000000000000000000e+00
4.816487020647018946e-01 3.106030923525181509e-01 1.000000000000000000e+00
1.865472887322483508e-02 7.951474762192645152e-01 0.000000000000000000e+00
3.404717978020344038e-01 2.305082431191345371e-01 0.000000000000000000e+00
1.331503876211437287e-01 2.003775499710664931e-01 0.000000000000000000e+00
3.632547208701418784e-01 5.906242287324192652e-02 0.000000000000000000e+00
2.949845908348067702e-01 9.960644089039116800e-02 0.000000000000000000e+00
4.824202659647068847e-01 6.189708308302577233e-02 1.000000000000000000e+00
1.428967205601724411e-01 3.654908264928133921e-01 0.000000000000000000e+00
3.589684575238588637e-01 1.722768586169645122e-01 0.000000000000000000e+00
7.882603862258847904e-01 8.805904172196458157e-01 0.000000000000000000e+00
3.534051935451253401e-01 4.094869302924153409e-01 0.000000000000000000e+00
2.392485005142718224e-01 5.398511039583497872e-01 0.000000000000000000e+00
9.565231795899445943e-01 2.999373191390724003e-01 0.000000000000000000e+00
3.363819483534795651e-01 2.423850158564065937e-01 0.000000000000000000e+00
8.409872755435893188e-01 8.065608596325231083e-01 0.000000000000000000e+00
3.179209798941217135e-01 7.075050737801482637e-01 1.000000000000000000e+00
9.588739174084556227e-01 4.463379668967691893e-01 0.000000000000000000e+00
8.026054348673039573e-01 2.555756098886061700e-01 0.000000000000000000e+00
2.362768060644906409e-01 3.398883091824917990e-01 0.000000000000000000e+00
7.550602112328973492e-01 8.490976845821259777e-01 0.000000000000000000e+00
8.012528599631069115e-01 7.416797460495105909e-01 1.000000000000000000e+00
1.571048791919685828e-01 3.855001430165042597e-01 0.000000000000000000e+00
5.741609274229508841e-03 6.288171871079490938e-01 1.000000000000000000e+00
2.200606636415203265e-01 3.562169239207194638e-01 0.000000000000000000e+00
1.213814639867120126e-01 4.117437824360216103e-01 0.000000000000000000e+00
1.610172705225412226e-01 9.374126316280099180e-01 0.000000000000000000e+00
7.941460421204711295e-01 4.896721135444341844e-01 1.000000000000000000e+00
6.728237026739866122e-01 9.214563342052041195e-01 0.000000000000000000e+00
7.926490596177437897e-02 6.922719641288951342e-01 1.000000000000000000e+00
6.548877490299264137e-01 6.588494096967822955e-02 1.000000000000000000e+00
4.361796929232597542e-02 3.460575815600059890e-01 0.000000000000000000e+00
2.201671053985153614e-01 7.936300670391072121e-02 0.000000000000000000e+00
2.965265196054590602e-01 8.740391797725906020e-01 0.000000000000000000e+00
7.564072822368737015e-01 5.035380286127179028e-01 1.000000000000000000e+00
6.840186103421953545e-01 6.878985726337634166e-01 1.000000000000000000e+00
5.939982440923241569e-02 5.091761704258567223e-01 1.000000000000000000e+00
3.511619185545035160e-01 4.266242764679976096e-01 0.000000000000000000e+00
2.307596053781115764e-01 3.171907140068285225e-01 0.000000000000000000e+00
1.483579143992705962e-01 4.171800609412328331e-01 0.000000000000000000e+00
2.974716598848194948e-01 3.587043888977659023e-02 0.000000000000000000e+00
3.715352975710103367e-01 3.632609487385513036e-01 0.000000000000000000e+00
9.164195957146604732e-01 4.009332372858087634e-01 0.000000000000000000e+00
1.897917325749454154e-01 6.388081372112265344e-01 0.000000000000000000e+00
4.449101520947296162e-02 5.760915343204316974e-01 1.000000000000000000e+00
6.684529076750855836e-01 8.970730974172180794e-01 1.000000000000000000e+00
6.910845113287690245e-01 5.721812124401103317e-01 1.000000000000000000e+00
9.229172819838158404e-01 4.441501292998690786e-01 0.000000000000000000e+00
6.531466709188306075e-01 2.648821783847860045e-01 1.000000000000000000e+00
4.850138272071948808e-01 9.819268470973642193e-01 0.000000000000000000e+00
7.907224567669055570e-01 2.706862794545441542e-01 0.000000000000000000e+00
2.325364123988049592e-02 2.342736425850484583e-01 0.000000000000000000e+00
2.838574686174946127e-01 5.106400839185174512e-01 1.000000000000000000e+00
3.974317162745870657e-01 3.748553442572295502e-01 0.000000000000000000e+00
6.196088054221562391e-01 1.705433816052834839e-01 0.000000000000000000e+00
4.139274420238825414e-02 9.977317379638397377e-01 0.000000000000000000e+00
4.297696373039490148e-01 5.414100301742729160e-01 1.000000000000000000e+00
8.318151449446580248e-01 1.817391310763837309e-01 0.000000000000000000e+00
8.226850081244504453e-01 7.090155277341960716e-01 1.000000000000000000e+00
6.518967162438006335e-01 2.783469461469600947e-01 1.000000000000000000e+00
1.238985065897790783e-01 3.225410346531717432e-01 0.000000000000000000e+00
5.698167998456242778e-01 6.984153084369584263e-01 1.000000000000000000e+00
1.799852771721790479e-01 4.495303320129915292e-01 0.000000000000000000e+00
2.397356995045720751e-01 9.433058526563887769e-01 0.000000000000000000e+00
8.244291453343299825e-02 8.998409954156940671e-01 0.000000000000000000e+00
3.279271447746088253e-01 7.353315048749954341e-01 0.000000000000000000e+00
6.004670757585659491e-01 7.765167678105714399e-01 1.000000000000000000e+00
5.511340530164736684e-01 4.601746178418493205e-01 1.000000000000000000e+00
1.909944126470620729e-01 8.333543973666457383e-01 0.000000000000000000e+00
1.558127913163050993e-01 9.849227211561966122e-01 0.000000000000000000e+00
7.016708838402063719e-02 2.059806263975927365e-02 0.000000000000000000e+00
2.420195910182801891e-01 1.050142981244062135e-03 0.000000000000000000e+00
4.992044586369974724e-01 4.654290974865471497e-01 1.000000000000000000e+00
3.871763511531864932e-01 8.796879645655933944e-01 0.000000000000000000e+00
9.607347104210726130e-01 9.512265370656414198e-01 0.000000000000000000e+00
8.666258015399843639e-01 2.406390331779173497e-02 0.000000000000000000e+00
7.036679070862771335e-01 7.708858004323858593e-01 1.000000000000000000e+00
6.630690285045530707e-01 7.745764346954908675e-02 1.000000000000000000e+00
6.151241222079804061e-01 2.195408309268213065e-01 0.000000000000000000e+00
5.924469142447683634e-01 4.907921158490079483e-01 1.000000000000000000e+00
2.590591022747867900e-02 3.729668396781334883e-01 0.000000000000000000e+00
5.234078885501708411e-01 9.091654386230639817e-01 1.000000000000000000e+00
4.032360933107226320e-01 1.926460152900115741e-01 0.000000000000000000e+00
4.391536316947872720e-01 7.889391786988514399e-01 1.000000000000000000e+00
3.799300882963108084e-02 3.387815635410451609e-01 0.000000000000000000e+00
8.961809776733586919e-02 5.097329024087438043e-01 1.000000000000000000e+00
2.233329316997141323e-01 1.142977297412205440e-01 0.000000000000000000e+00
2.789794237007022781e-01 7.851802228273752071e-01 0.000000000000000000e+00
6.332201570809028457e-01 8.652466559301252857e-02 1.000000000000000000e+00
8.360125521807382221e-01 5.006858675607249731e-01 1.000000000000000000e+00
5.821977785795796612e-01 3.894590533763997442e-01 1.000000000000000000e+00
7.090484506227043848e-01 9.733316286503355119e-01 0.000000000000000000e+00
2.716750625235455630e-01 4.597687458342717415e-01 0.000000000000000000e+00
9.344768057362243807e-01 2.833266069182049929e-01 0.000000000000000000e+00
9.088722262977665389e-01 7.784328767273485106e-02 0.000000000000000000e+00
6.370578277602683137e-01 4.455436424144962881e-01 1.000000000000000000e+00
1.606210144248232385e-02 3.319976470885037667e-01 0.000000000000000000e+00
4.480645790453131605e-01 4.959152561202909704e-01 1.000000000000000000e+00
5.234663593599465647e-01 2.500178910400938648e-01 0.000000000000000000e+00
9.822240860625141012e-01 3.296887776126673497e-01 0.000000000000000000e+00
7.783997325889766561e-01 5.649949761434643891e-01 1.000000000000000000e+00
5.088710510518340557e-01 8.257436499174797273e-02 1.000000000000000000e+00
7.941999125952657890e-01 6.709747610604720469e-01 1.000000000000000000e+00
7.187144476800692017e-01 7.832485195159117897e-01 1.000000000000000000e+00
5.401609766016527425e-01 1.783452810513062037e-01 0.000000000000000000e+00
7.911580111144027594e-01 2.200183626430374240e-02 0.000000000000000000e+00
3.097305244657573287e-01 1.133629183924816930e-01 0.000000000000000000e+00
6.323304699823106834e-02 1.336783825925591529e-01 0.000000000000000000e+00
8.548065055616582697e-02 6.938379999524708630e-01 1.000000000000000000e+00
6.029299516718363838e-01 1.740029834700506095e-01 1.000000000000000000e+00
9.565888146042855755e-01 8.604552396477176401e-01 0.000000000000000000e+00
5.326998586525570900e-01 3.003179668183267870e-01 1.000000000000000000e+00
4.935630137717061938e-02 6.605606288047359831e-01 1.000000000000000000e+00
4.857112621528900664e-01 6.820699813902341146e-01 1.000000000000000000e+00
2.809763744253829243e-01 4.992071876900567862e-01 0.000000000000000000e+00
8.998690345530132584e-01 6.924538395458550433e-01 0.000000000000000000e+00
4.435814233551792496e-01 2.992749613670819819e-01 0.000000000000000000e+00
2.791365298038704923e-01 5.199403253060705943e-01 1.000000000000000000e+00
9.251553528868345921e-01 7.948158074520952354e-01 0.000000000000000000e+00
5.593937174394958411e-02 6.382724015573202347e-01 1.000000000000000000e+00
6.686919727205542507e-02 4.831995692977596457e-01 1.000000000000000000e+00
7.319131012981030526e-01 4.816396080072149477e-02 1.000000000000000000e+00
1.950073613569222042e-01 8.712278808475071301e-02 0.000000000000000000e+00
4.935040402505153079e-01 6.393895055685979711e-01 1.000000000000000000e+00
9.844028054175034681e-01 9.914044573488699497e-01 0.000000000000000000e+00
4.488603251493813451e-01 2.964605116883414215e-01 0.000000000000000000e+00
7.073709274240114198e-04 1.987552469205440264e-01 0.000000000000000000e+00
7.707322020484477232e-01 5.043765717257432390e-01 1.000000000000000000e+00
1.713771385777007605e-01 4.236412860987716078e-01 0.000000000000000000e+00
7.445938612837900150e-01 3.819675495221074302e-01 1.000000000000000000e+00
6.967545682510812854e-01 1.011180650730306718e-01 0.000000000000000000e+00
8.296470616748468085e-01 5.023020328110434640e-01 1.000000000000000000e+00
8.269326888236819828e-01 5.720034599045412671e-01 1.000000000000000000e+00
2.776139240617198078e-01 2.213640643027170452e-02 0.000000000000000000e+00
5.085586141309150765e-02 7.674318129104451547e-01 0.000000000000000000e+00
2.449519076290884723e-02 7.900435164782393382e-02 0.000000000000000000e+00
1.094048307370424356e-01 4.949424471455120544e-01 0.000000000000000000e+00
5.107394741784572201e-01 3.124893739361802592e-01 1.000000000000000000e+00
6.642918606480731070e-01 2.182137340887619903e-01 0.000000000000000000e+00
3.021222711362954172e-01 8.472427167991752883e-01 0.000000000000000000e+00
9.555938442342826189e-02 4.629319646584506565e-01 0.000000000000000000e+00
9.670766046756376078e-01 1.053285606420441001e-01 0.000000000000000000e+00
6.157221871106847155e-01 7.067176431331324560e-01 1.000000000000000000e+00
9.964978936211837945e-01 8.817891221440153915e-01 0.000000000000000000e+00
3.054025011672973910e-01 3.222226021010771158e-01 0.000000000000000000e+00
2.391531007101753703e-01 6.455418672555781612e-01 0.000000000000000000e+00
8.162794711863020636e-01 6.964502921959064841e-01 1.000000000000000000e+00
5.471232198317117490e-01 2.212040830896605526e-01 0.000000000000000000e+00
7.614826247907616752e-01 3.442489907502774837e-01 0.000000000000000000e+00
1.928652707132576527e-01 7.672192263437036530e-01 0.000000000000000000e+00
8.299242037425427210e-01 9.232574285251559099e-01 0.000000000000000000e+00
9.685965449548650241e-02 2.217027945058064331e-01 0.000000000000000000e+00
2.240232847335663635e-01 4.310178919796350261e-01 0.000000000000000000e+00
3.644415613183520364e-01 2.871450164576092590e-01 0.000000000000000000e+00
2.872205047430329561e-01 3.581071594325988539e-01 0.000000000000000000e+00
4.523413197102194028e-01 8.927507144552881968e-02 0.000000000000000000e+00
9.241075641376721439e-01 9.540588117988900718e-01 0.000000000000000000e+00
7.298150738455366771e-02 6.527037008813429964e-01 1.000000000000000000e+00
4.152664571916840908e-01 5.944150856213036294e-01 1.000000000000000000e+00
7.709233287426842107e-01 9.453331104963880183e-02 0.000000000000000000e+00
8.904371291235875230e-01 4.460336406601370651e-01 0.000000000000000000e+00
4.183586554800478030e-02 1.317064535926779634e-01 0.000000000000000000e+00
6.145686984869513925e-01 9.572013467781029794e-01 0.000000000000000000e+00
8.906921883949051599e-01 8.786837920319974238e-01 0.000000000000000000e+00
3.943507781930610800e-02 8.334478797954203433e-02 0.000000000000000000e+00
9.367325903791543507e-01 8.268503126814630289e-02 0.000000000000000000e+00
1.030279485424046015e-02 4.994983964716814828e-02 0.000000000000000000e+00
6.290199486590118960e-01 7.439962417268073391e-01 1.000000000000000000e+00
8.176677380648789129e-01 2.387792055874922159e-01 0.000000000000000000e+00
3.609901136068850436e-01 9.604345049444102944e-01 0.000000000000000000e+00
2.798805174709001475e-01 2.056900920504949326e-01 0.000000000000000000e+00
3.121267436302092024e-01 3.964105771399139000e-01 0.000000000000000000e+00
2.602510451191208940e-02 9.209511923818571866e-01 0.000000000000000000e+00
3.467588986222629455e-01 3.601028535201712399e-01 0.000000000000000000e+00
1.439877575783151675e-01 8.265651633428398037e-01 0.000000000000000000e+00
2.924569778476858728e-01 3.101929374934074835e-01 0.000000000000000000e+00
3.890846902020428377e-01 4.087024357774499128e-01 1.000000000000000000e+00
5.380942282532493737e-01 7.340980257960423305e-01 1.000000000000000000e+00
3.545575112048726663e-02 9.592894227080162040e-01 0.000000000000000000e+00
1.107334864261133589e-02 3.326134962909916837e-01 0.000000000000000000e+00
2.827474241366956242e-01 5.812236734739962829e-01 1.000000000000000000e+00
2.042400853259893623e-01 6.791156509482517700e-01 0.000000000000000000e+00
7.045019129238313527e-01 8.972973033436961732e-01 0.000000000000000000e+00
7.545125297180654833e-03 2.292390978946081681e-01 0.000000000000000000e+00
6.838767072620932641e-02 8.988507692046227016e-01 0.000000000000000000e+00
4.860547922805078525e-01 8.647955370026535471e-01 1.000000000000000000e+00
3.666712366297680825e-01 6.111747411216095216e-02 0.000000000000000000e+00
1.289769171675583248e-01 9.260962196461131057e-01 0.000000000000000000e+00
1.912102119766113661e-01 4.836769236022960827e-01 0.000000000000000000e+00
1.404599502032409797e-01 4.090826748548691549e-01 0.000000000000000000e+00
8.782380582097306654e-01 6.731674644935359275e-02 0.000000000000000000e+00
3.037750858073182680e-01 4.488476705934267841e-01 0.000000000000000000e+00
7.191609387082872340e-01 6.353028168910598295e-01 1.000000000000000000e+00
4.051754706442020071e-01 7.596853339052638265e-01 1.000000000000000000e+00
4.462712219330287056e-01 7.662804187496400354e-01 1.000000000000000000e+00
6.318945438079659471e-02 3.684787629239366646e-01 0.000000000000000000e+00
8.538008096952800496e-01 7.793790367154952436e-01 0.000000000000000000e+00
5.839982780062911161e-01 4.917148438643673680e-01 1.000000000000000000e+00
9.527092134057385531e-01 6.566440834246397573e-01 0.000000000000000000e+00
8.458689146047002616e-01 5.649046578529773877e-01 1.000000000000000000e+00
9.521820661634057270e-01 8.229615377972508972e-01 0.000000000000000000e+00
1.947905553736185569e-01 5.388729822509092937e-01 0.000000000000000000e+00
6.600673629387695529e-01 2.735691745926140950e-01 1.000000000000000000e+00
4.285494594624847942e-01 9.107753357271974881e-01 0.000000000000000000e+00
8.991083969628996808e-01 1.485265998926987852e-01 0.000000000000000000e+00
2.959519046297387490e-02 6.908863634573980672e-02 0.000000000000000000e+00
3.038401984024555746e-01 9.695138974698616074e-01 0.000000000000000000e+00
1.230853904813946631e-01 2.808891830774037368e-01 0.000000000000000000e+00
6.972669351643678848e-02 2.628418341818955506e-01 0.000000000000000000e+00
5.995647473576174447e-01 9.062283707681678679e-01 1.000000000000000000e+00
3.886460267309392869e-01 3.195187643032333380e-01 0.000000000000000000e+00
7.677470896690544722e-01 2.161304768271069543e-01 0.000000000000000000e+00
2.486485122759445332e-01 9.652111359849178118e-01 0.000000000000000000e+00
5.302288395327744430e-01 3.999529782333778316e-01 1.000000000000000000e+00
5.315047815332279990e-01 3.295848664493922220e-01 1.000000000000000000e+00
9.219948051442579118e-01 4.814379425308353833e-01 0.000000000000000000e+00
2.696645126045741359e-01 1.122520183605141275e-01 0.000000000000000000e+00
7.493191541005287393e-01 7.430802819387066771e-01 1.000000000000000000e+00
8.248946553359733924e-01 4.380835083924913276e-01 1.000000000000000000e+00
8.642176125146932009e-01 4.685961270176862703e-01 0.000000000000000000e+00
3.143320695392664010e-01 4.340766381607531477e-01 0.000000000000000000e+00
3.491622502492059965e-01 6.401500611093631221e-01 1.000000000000000000e+00
7.714266820409132475e-01 5.209318922845480593e-01 1.000000000000000000e+00
5.230916194151350451e-01 9.831947274463034292e-01 0.000000000000000000e+00
5.386411280309642002e-01 8.067419897439414012e-01 1.000000000000000000e+00
8.457728824993449024e-02 1.892484935045890548e-02 0.000000000000000000e+00
3.057782076575170649e-01 4.025205792375735614e-01 0.000000000000000000e+00
3.044009026593545997e-01 5.809574298130401049e-01 1.000000000000000000e+00
1.188317631692386023e-01 7.526751649359467722e-01 0.000000000000000000e+00
5.982210043980121794e-01 5.705894953230148392e-01 1.000000000000000000e+00
6.876024748200130210e-01 1.693426842144275524e-01 0.000000000000000000e+00
7.037364847474220086e-01 1.439050371179887433e-01 0.000000000000000000e+00
2.961972736809599382e-01 2.848350806877174568e-01 0.000000000000000000e+00
8.977806733202255973e-01 7.065199705593285806e-01 0.000000000000000000e+00
5.737571043524243297e-01 2.289954969596319501e-02 1.000000000000000000e+00
6.702276480786083512e-01 3.095014970069455140e-01 1.000000000000000000e+00
6.477031022941143190e-01 4.801492253746960648e-01 1.000000000000000000e+00
1.011761673197583145e-01 6.453817783964439503e-01 1.000000000000000000e+00
4.817393049521390136e-02 8.958840209400198429e-01 0.000000000000000000e+00
2.962192990223525557e-01 4.078344791637151801e-01 0.000000000000000000e+00
6.517316368441273822e-01 6.701297192860192764e-01 1.000000000000000000e+00
6.189488851045666928e-01 2.925360079774189659e-01 1.000000000000000000e+00
4.071592447810895576e-01 5.257621556635440063e-01 1.000000000000000000e+00
1.760294746216477524e-01 7.804590036526251051e-01 0.000000000000000000e+00
6.406936497388698859e-01 5.323038916943134691e-02 1.000000000000000000e+00
2.529521860174518411e-01 3.457634048055455711e-01 0.000000000000000000e+00
9.502983043578683287e-02 8.395074708587982881e-01 0.000000000000000000e+00
3.750276448757335901e-01 5.426156099349230821e-01 1.000000000000000000e+00
5.708550805354773994e-01 4.760949456494067977e-01 1.000000000000000000e+00
1.042954281639701941e-01 4.383642509440323076e-01 0.000000000000000000e+00
2.166587215808024602e-02 5.481578044492912971e-01 1.000000000000000000e+00
7.846463735856061827e-01 2.884426576677214804e-01 0.000000000000000000e+00
2.353220416743697641e-01 8.476953499394204172e-01 0.000000000000000000e+00
9.143621713317638955e-01 5.220337048390792933e-01 1.000000000000000000e+00
4.951334641049870422e-01 5.217193336461262154e-01 1.000000000000000000e+00
4.139506603542547625e-01 4.279907180761793883e-01 1.000000000000000000e+00
6.026320928868188487e-01 1.404942807832760820e-01 1.000000000000000000e+00
5.696865484375361888e-01 7.661338567040766323e-01 1.000000000000000000e+00
2.007927218739602448e-01 3.456866837996497299e-01 0.000000000000000000e+00
9.692482120526373368e-01 6.266248706896009324e-01 0.000000000000000000e+00
7.276065444498235335e-01 3.838103955913652054e-01 1.000000000000000000e+00
7.882870287168752821e-01 9.120453661572824888e-02 0.000000000000000000e+00
6.931813300475379025e-01 4.195105732066294335e-01 1.000000000000000000e+00
8.600731558062069126e-03 5.040705163897812868e-01 1.000000000000000000e+00
1.268096724069027736e-01 9.527012262184506586e-01 0.000000000000000000e+00
9.532349239301036725e-01 6.874379945374088363e-01 0.000000000000000000e+00
8.875489442724144862e-01 6.691917468728332263e-01 1.000000000000000000e+00
8.092555167751848133e-01 7.172604157907317424e-01 1.000000000000000000e+00
9.086154635108713018e-01 9.012469667748514990e-01 0.000000000000000000e+00
4.270707284311722196e-01 5.837482513038151355e-01 1.000000000000000000e+00
5.664109968675166140e-01 1.768899212431420676e-01 0.000000000000000000e+00
8.289586729035359758e-01 1.110311075903946954e-01 0.000000000000000000e+00
7.459913096101149499e-01 3.286564577616157834e-02 1.000000000000000000e+00
5.861339094302742136e-02 3.668359288328226775e-01 0.000000000000000000e+00
2.296036428804342222e-01 7.099934064262991562e-01 0.000000000000000000e+00
9.805860574411175978e-01 2.639117197589274655e-01 0.000000000000000000e+00
4.146491934600482487e-03 9.474720059346400935e-01 0.000000000000000000e+00
9.184817069714337201e-01 5.682458056958179515e-01 1.000000000000000000e+00
7.931551546574699962e-02 7.442782365591498195e-01 0.000000000000000000e+00
9.819724280891097834e-01 3.820178105387306289e-02 0.000000000000000000e+00
6.350008864442764356e-01 6.273509430693567923e-01 1.000000000000000000e+00
5.827434187366019591e-01 4.201194508016456997e-01 1.000000000000000000e+00
8.715092520577356616e-01 2.694068666546091118e-01 0.000000000000000000e+00
2.818834544021475708e-01 2.008115859939263448e-02 0.000000000000000000e+00
9.089772737244369294e-01 7.381819780495243455e-01 0.000000000000000000e+00
6.953393311029015811e-01 2.844505304463960105e-01 0.000000000000000000e+00
3.463626023837962364e-01 7.033300498956995828e-02 0.000000000000000000e+00
9.474658287840853621e-01 9.778449409542899762e-01 0.000000000000000000e+00
6.409238712813098982e-01 1.705904063078402810e-01 0.000000000000000000e+00
7.162828042458305733e-01 6.869627356323348977e-01 1.000000000000000000e+00
1.501607674796717751e-01 9.703464658855730507e-01 0.000000000000000000e+00
6.202212005180606225e-01 6.849049147522040526e-01 1.000000000000000000e+00
8.671422326722788565e-02 4.349581061948314398e-01 0.000000000000000000e+00
5.054072712352783991e-01 9.515071533425801809e-01 0.000000000000000000e+00
2.782566673709664373e-01 9.738592085368903417e-01 0.000000000000000000e+00
7.426356597155653327e-01 8.714279694774510476e-01 0.000000000000000000e+00
2.329198237823570938e-02 3.466816058188324501e-01 0.000000000000000000e+00
6.858122161491143620e-01 3.870756640471627597e-01 1.000000000000000000e+00
2.060033549929829455e-02 1.571569168982895892e-01 0.000000000000000000e+00
8.231377473680234758e-02 6.353288641331185094e-01 1.000000000000000000e+00
1.640525411763734676e-01 5.104103344894299621e-01 0.000000000000000000e+00
4.979081871457478048e-01 7.868163493556754595e-01 1.000000000000000000e+00
2.710041371858046277e-01 7.904568388816116675e-01 0.000000000000000000e+00
7.020832200365954012e-01 1.606722575836178057e-01 0.000000000000000000e+00
3.931106554851889756e-01 2.981946776357222717e-01 0.000000000000000000e+00
5.228898511283389672e-01 1.064883550050959027e-01 1.000000000000000000e+00
2.522024964628399868e-02 3.784333024248924815e-01 0.000000000000000000e+00
2.473684136612831486e-01 2.251637636833545564e-01 0.000000000000000000e+00
9.141410104928509028e-01 8.317677048042868559e-01 0.000000000000000000e+00
4.896743985032346869e-01 9.875222143856700052e-01 0.000000000000000000e+00
2.925485485877220571e-01 7.792142009783130652e-01 0.000000000000000000e+00
5.839391438462395723e-01 5.467854800138244320e-01 1.000000000000000000e+00
3.165198902381235468e-01 3.964100491000784876e-01 0.000000000000000000e+00
2.960626260142484867e-02 9.413318285968523824e-01 0.000000000000000000e+00
4.982290282308942109e-01 2.892380105411219704e-01 1.000000000000000000e+00
7.088486868127785723e-01 2.446096380792563973e-01 0.000000000000000000e+00
9.869905264909979437e-01 6.920794210286628223e-01 0.000000000000000000e+00
6.352868833304222695e-01 6.692956182856952818e-01 1.000000000000000000e+00
1.319732074037066605e-01 8.374799076720196300e-02 0.000000000000000000e+00
6.208997461115778327e-01 5.805926898820054083e-01 1.000000000000000000e+00
9.401573091829998896e-01 7.574779660109056678e-01 0.000000000000000000e+00
2.941315127984748257e-01 4.268962165250300700e-01 0.000000000000000000e+00
5.623516679787420314e-01 5.110075146865930007e-01 1.000000000000000000e+00
9.950187816366206084e-01 7.137014237641978731e-01 0.000000000000000000e+00
1.821040768526710485e-01 8.344439737057017803e-01 0.000000000000000000e+00
9.278692045602845440e-01 7.477738917663379059e-02 0.000000000000000000e+00
3.790940123529484840e-01 4.572651741543948267e-01 1.000000000000000000e+00
1.564567328024526471e-01 1.737893877166334367e-01 0.000000000000000000e+00
1.227314372855475844e-01 5.613420603467429437e-01 1.000000000000000000e+00
1.813447494045955510e-01 6.962912484747952879e-01 0.000000000000000000e+00
5.780526213357917165e-01 4.101727360928434374e-01 1.000000000000000000e+00
3.433702299293346361e-01 2.196929769202616844e-01 0.000000000000000000e+00
5.176740814668384649e-01 9.426789673132836000e-01 0.000000000000000000e+00
4.842065624539944046e-01 7.989093558615145696e-02 1.000000000000000000e+00
1.617565515371943707e-02 2.368501501936792764e-03 0.000000000000000000e+00
4.600323980174946259e-01 1.893387323057565963e-01 0.000000000000000000e+00
7.513210829896600496e-01 4.206297535600383997e-01 1.000000000000000000e+00
7.535646611373788550e-01 4.290133225744150458e-01 1.000000000000000000e+00
7.307632451368994975e-01 1.680158960175143212e-01 0.000000000000000000e+00
4.297731302061572611e-01 6.031776338066262566e-01 1.000000000000000000e+00
2.963711939796551675e-01 7.872359470577757756e-01 0.000000000000000000e+00
1.198645593305691648e-01 5.233123808942794497e-01 1.000000000000000000e+00
7.833027616486943900e-01 1.885278088419265474e-01 0.000000000000000000e+00
1.493737247513273747e-01 5.075129563311018277e-01 0.000000000000000000e+00
1.682441847504979604e-01 7.943549784645398404e-01 0.000000000000000000e+00
3.885791320471583266e-01 2.547252397526785783e-01 0.000000000000000000e+00
8.781386793629060161e-01 6.881195008593777862e-01 1.000000000000000000e+00
4.087809263948073424e-01 8.549992595487797553e-01 0.000000000000000000e+00
7.459755502060999577e-01 6.912650889437151891e-01 1.000000000000000000e+00
6.395708234865773445e-01 2.979599472515498393e-01 1.000000000000000000e+00
6.686377710610406089e-01 1.118804195523214196e-01 1.000000000000000000e+00
1.738754247811851172e-01 4.903480393380792446e-01 0.000000000000000000e+00
8.660936708094409964e-01 5.729082015514534998e-01 1.000000000000000000e+00
1.971351066509263728e-02 7.042345936272956797e-01 1.000000000000000000e+00
8.271507233477970455e-02 3.207078433906427328e-01 0.000000000000000000e+00
7.140340592233042072e-01 3.202396874455879505e-01 0.000000000000000000e+00
9.542119314864518920e-01 4.433692790374340609e-01 0.000000000000000000e+00
8.464120517908046981e-02 9.108244157133594809e-01 0.000000000000000000e+00
2.786012154738204405e-02 1.529852736020923532e-01 0.000000000000000000e+00
1.994310830029925041e-01 4.436647639597847137e-01 0.000000000000000000e+00
5.727654071682638515e-01 8.594701806136122446e-01 1.000000000000000000e+00
7.286714592633319887e-01 5.012846452579997614e-01 1.000000000000000000e+00
7.564706194360708569e-01 6.831989476278619300e-01 1.000000000000000000e+00
1.673214342627392659e-01 6.839008899847173195e-01 0.000000000000000000e+00
9.174422408676277119e-01 2.372194132391497456e-01 0.000000000000000000e+00
3.230033621086693119e-01 1.183228215177598575e-01 0.000000000000000000e+00
7.350446756202709819e-01 1.321054897073427048e-01 0.000000000000000000e+00
3.659905011870301372e-03 6.304650815157035737e-01 1.000000000000000000e+00
2.485416930405848213e-02 9.771866628893052242e-01 0.000000000000000000e+00
9.838015142711660221e-01 7.815748997911894369e-01 0.000000000000000000e+00
1.461546205581704116e-01 1.844745884131963054e-01 0.000000000000000000e+00
4.983852277485242288e-01 5.196398334807283970e-02 1.000000000000000000e+00
6.793313777623344318e-01 6.023175814313193044e-01 1.000000000000000000e+00
5.724200524200067086e-01 2.365784425417101211e-01 1.000000000000000000e+00
9.612696782386759287e-01 5.255195860642045691e-01 0.000000000000000000e+00
7.771666508038541643e-01 7.312463483145290599e-01 1.000000000000000000e+00
5.645280624817162751e-01 5.911632677159989191e-01 1.000000000000000000e+00
8.955502807750981287e-02 3.936765056115556494e-01 0.000000000000000000e+00
9.956859632107347702e-01 1.812465211984785052e-01 0.000000000000000000e+00
7.654366696710844797e-01 9.015076427500499090e-01 0.000000000000000000e+00
9.445201976448731607e-01 3.729416124376998543e-01 0.000000000000000000e+00
2.240231720128397219e-01 9.087605198198640544e-01 0.000000000000000000e+00
5.100327565059720181e-01 5.922465852986484869e-01 1.000000000000000000e+00
1.305705220046824433e-01 3.743455602602824284e-01 0.000000000000000000e+00
8.992661520578725254e-01 5.389479101466995159e-01 1.000000000000000000e+00
7.701033053469793499e-01 3.581116330314526586e-01 0.000000000000000000e+00
8.459514952177754621e-01 4.975737259235676335e-01 1.000000000000000000e+00
9.611510282386404036e-01 4.421718531283888032e-01 0.000000000000000000e+00
9.182034044321274457e-03 1.410273992786466035e-01 0.000000000000000000e+00
6.645701143743748540e-01 1.492775736294464917e-01 0.000000000000000000e+00
2.026305416452413022e-01 6.138753195931208051e-01 0.000000000000000000e+00
2.165807479920121015e-01 6.673939865124077775e-01 0.000000000000000000e+00
2.338618406528818472e-01 8.162911410811181101e-01 0.000000000000000000e+00
6.894500622343773255e-01 7.910892950902675969e-01 1.000000000000000000e+00
4.713139670208044141e-02 4.041869930671714295e-01 0.000000000000000000e+00
5.291693670749435530e-01 9.630425018608557153e-02 1.000000000000000000e+00
1.465327173983100861e-01 8.032096160325697953e-01 0.000000000000000000e+00
1.137173303670261371e-01 6.422733152724435790e-02 0.000000000000000000e+00
7.441134839915560795e-01 4.025995532865087601e-01 1.000000000000000000e+00
1.673863776077212373e-01 8.162828615951728262e-01 0.000000000000000000e+00
6.637275059635294738e-01 6.324657869211560701e-01 1.000000000000000000e+00
9.809180540794554259e-01 3.822175996465490000e-01 0.000000000000000000e+00
5.799553817731906147e-02 8.683024674221677675e-01 0.000000000000000000e+00
3.346955714936397097e-01 3.349537438723404481e-01 0.000000000000000000e+00
5.089457607544093376e-01 3.670514283205953410e-01 1.000000000000000000e+00
7.175122611709394693e-02 3.756010616136666869e-01 0.000000000000000000e+00
5.808940275280000121e-01 5.011119065619531465e-01 1.000000000000000000e+00
6.846678312530624089e-01 2.968358897499467908e-01 1.000000000000000000e+00
8.974419851582816632e-01 1.823144386001918082e-01 0.000000000000000000e+00
8.048981663281227217e-01 5.602781248706747430e-01 1.000000000000000000e+00
8.477011013446151821e-01 5.430864681720126708e-01 1.000000000000000000e+00
7.223524226891648858e-01 7.047773763673189640e-01 1.000000000000000000e+00
7.139309478127099373e-01 1.198011712549422736e-01 0.000000000000000000e+00
2.069334727964933229e-01 4.575452647601677691e-01 0.000000000000000000e+00
6.068436820408952270e-01 6.238330754545071688e-01 1.000000000000000000e+00
4.686215651486100864e-01 2.928680153203770953e-01 0.000000000000000000e+00
9.360888470439671094e-01 2.209146705485086626e-01 0.000000000000000000e+00
5.425778780659998857e-01 5.535935256649920921e-01 1.000000000000000000e+00
6.082168989428460293e-02 2.971434477757186610e-01 0.000000000000000000e+00
7.761470816477729073e-01 9.110352930471325994e-01 0.000000000000000000e+00
7.170724330853327499e-01 8.124882102934050110e-01 1.000000000000000000e+00
9.169806523999246561e-01 7.862802055007224178e-01 0.000000000000000000e+00
4.963517408630035987e-01 5.439649537735721241e-01 1.000000000000000000e+00
4.919788856644832231e-01 9.039692160160663903e-01 0.000000000000000000e+00
4.730399453867875081e-01 6.760059073365004556e-01 1.000000000000000000e+00
9.495616718786845656e-01 9.355875973565667136e-01 0.000000000000000000e+00
7.491902164088719562e-01 3.375825842627858675e-01 0.000000000000000000e+00
3.651445368502551636e-01 4.071195632321207292e-01 0.000000000000000000e+00
3.586492380733584673e-01 7.926083219861024265e-01 0.000000000000000000e+00
7.919010573500363526e-01 6.710680471865630992e-01 1.000000000000000000e+00
8.865822095551062487e-01 2.582714550691939115e-01 0.000000000000000000e+00
3.996235648505614968e-01 6.156631115406796528e-02 0.000000000000000000e+00
5.553527644588046597e-01 2.830116608189047200e-01 1.000000000000000000e+00
9.368644024630579104e-02 7.417216366281058626e-01 0.000000000000000000e+00
9.293536098038990279e-01 4.138302946455767461e-01 0.000000000000000000e+00
5.088632479474805015e-01 7.489663704222213614e-01 1.000000000000000000e+00
8.508479384508986776e-01 9.252014647153675719e-01 0.000000000000000000e+00
8.706138361342340426e-01 5.175623372297720737e-01 1.000000000000000000e+00
3.707569195829372166e-01 7.879275312369564688e-01 0.000000000000000000e+00
6.589524054594795288e-01 1.116737962374010351e-01 1.000000000000000000e+00
5.437714996186109317e-01 6.678827185241111852e-01 1.000000000000000000e+00
2.115008798187475447e-01 1.786725595613911644e-01 0.000000000000000000e+00
6.270462326744549175e-01 9.751155946368949001e-01 0.000000000000000000e+00
3.921353197766370702e-01 1.868833673462250156e-01 0.000000000000000000e+00
3.661075710712619058e-01 2.687107414335211386e-01 0.000000000000000000e+00
6.348935668528110643e-02 4.679684947028112108e-01 1.000000000000000000e+00
4.680485191771190934e-01 2.628578706290424227e-01 0.000000000000000000e+00
2.389474158297089090e-01 8.510683179124695075e-01 0.000000000000000000e+00
5.199772898841670266e-02 4.039833720407984829e-01 0.000000000000000000e+00
2.509871122156238643e-01 4.080899091753301677e-01 0.000000000000000000e+00
9.202806433243189144e-01 4.111709464861638130e-01 0.000000000000000000e+00
2.773019236801815834e-01 5.712289706858949545e-01 1.000000000000000000e+00
6.373472182949267983e-01 2.766514662089618604e-01 1.000000000000000000e+00
1.836533566080985613e-01 3.738587916460911487e-01 0.000000000000000000e+00
6.987033767902972592e-02 3.285713865899000385e-01 0.000000000000000000e+00
6.907698193162817857e-01 7.049652424925881844e-01 1.000000000000000000e+00
6.591468692035706844e-02 5.368303170280028791e-01 1.000000000000000000e+00
4.102261387187455810e-01 1.929781287069984863e-01 0.000000000000000000e+00
1.820363489949136104e-01 5.852457851118311183e-01 1.000000000000000000e+00
6.445650161164024894e-01 8.535408220252049816e-01 1.000000000000000000e+00
1.742720502295478369e-01 4.611333861058231065e-02 0.000000000000000000e+00
2.874682603757876542e-01 9.718618387605850728e-01 0.000000000000000000e+00
7.397394180930512153e-01 6.323312425276581550e-01 1.000000000000000000e+00
4.330973929306347614e-02 7.679684369687453938e-01 0.000000000000000000e+00
4.281589453609748741e-01 2.078938109833864400e-01 0.000000000000000000e+00
3.178477672042724356e-01 7.781842628800506034e-02 0.000000000000000000e+00
2.819138375672812780e-01 2.569911383296707985e-01 0.000000000000000000e+00
8.282912476388931688e-01 1.557662027031766483e-01 0.000000000000000000e+00
8.584481354620833171e-01 4.863846884486917599e-01 1.000000000000000000e+00
8.220003528547279448e-01 2.048614675351639880e-01 0.000000000000000000e+00
1.711973053255233523e-02 1.113265423227360884e-02 0.000000000000000000e+00
5.564228409668717790e-01 4.110547562545807665e-02 1.000000000000000000e+00
7.883470965447081369e-02 7.476910810240007255e-01 0.000000000000000000e+00
9.537877011170093899e-01 2.356740475863335904e-01 0.000000000000000000e+00
5.402774057090280468e-01 4.884106439933512123e-01 1.000000000000000000e+00
3.038267488416226403e-01 8.007858501429340192e-01 0.000000000000000000e+00
9.795037707943486938e-01 5.435222011157994082e-01 0.000000000000000000e+00
6.367916592114338803e-01 9.482126334660733180e-01 0.000000000000000000e+00
2.685348179894172516e-01 4.021715605648411573e-01 0.000000000000000000e+00
3.031309301699560699e-01 9.770769991734317150e-01 0.000000000000000000e+00
6.809243610527870860e-02 2.792640163194858305e-01 0.000000000000000000e+00
7.331219885997817265e-01 2.285742022720765876e-01 0.000000000000000000e+00
8.112667354767322259e-02 9.651604111371746564e-01 0.000000000000000000e+00
3.213907855782728307e-01 3.192429085798439425e-01 0.000000000000000000e+00
4.049227076908034073e-01 3.797259189078326935e-01 0.000000000000000000e+00
1.048878699723891916e-01 1.992098353404900823e-01 0.000000000000000000e+00
7.194466465559149482e-01 4.684407349373398421e-02 1.000000000000000000e+00
7.290531853527960626e-01 2.665932318544165236e-01 0.000000000000000000e+00
7.478024713116677713e-01 8.129990449018079657e-01 1.000000000000000000e+00
7.092993431075526045e-01 6.800497085933394636e-01 1.000000000000000000e+00
2.407830013820154713e-01 9.428523153775671961e-01 0.000000000000000000e+00
9.565095385019358742e-01 3.763114607165172210e-01 0.000000000000000000e+00
6.527937134986390166e-01 1.734173612984856172e-01 0.000000000000000000e+00
1.363728754895944251e-01 1.093509213244758804e-01 0.000000000000000000e+00
8.198577576470580386e-01 3.260047825135253818e-01 0.000000000000000000e+00
5.889805519648652066e-01 1.776313469905704823e-01 1.000000000000000000e+00
8.050626584909462702e-01 3.903743512577779740e-01 0.000000000000000000e+00
3.358217617555170342e-03 7.030143928035348377e-02 0.000000000000000000e+00
2.138013998324345133e-01 3.270495369539786479e-01 0.000000000000000000e+00
3.616930323161524630e-01 1.891188586873848720e-02 0.000000000000000000e+00
7.921862920375791761e-01 7.207533845746646461e-01 1.000000000000000000e+00
1.441926168879920089e-01 4.049545668119917119e-01 0.000000000000000000e+00
5.230448823814183301e-01 8.262814869772872051e-02 1.000000000000000000e+00
9.258171584411036825e-01 5.364328142291360235e-01 1.000000000000000000e+00
3.027978350873341551e-01 2.303085935936742823e-01 0.000000000000000000e+00
6.017115549236879968e-01 9.969832429369190896e-01 1.000000000000000000e+00
9.758604964879123989e-01 3.937900884631695408e-01 0.000000000000000000e+00
6.538926203278679905e-01 2.882256946325034708e-01 1.000000000000000000e+00
1.439782687182060705e-01 8.063538588642644722e-01 0.000000000000000000e+00
1.038078367101435973e-01 2.043150424241615415e-01 0.000000000000000000e+00
9.551904460309389444e-01 4.967434404050558028e-01 0.000000000000000000e+00
9.964561775267375410e-01 6.277848146087746661e-01 0.000000000000000000e+00
4.776526008826614822e-01 6.452778090749451412e-01 1.000000000000000000e+00
2.018216734407016766e-01 9.786645615347844274e-02 0.000000000000000000e+00
3.015059970770728182e-01 6.552331055232375467e-01 1.000000000000000000e+00
5.853274829986674366e-01 5.909847874768996423e-01 1.000000000000000000e+00
6.953941103233769461e-01 5.551012540359648861e-01 1.000000000000000000e+00
2.386784790469370643e-01 3.403176361299576902e-01 0.000000000000000000e+00
8.479155106496446548e-01 8.718937675639393259e-01 0.000000000000000000e+00
6.786690114413548303e-01 2.727807755485532892e-01 0.000000000000000000e+00
7.282796549674713793e-01 4.150733892251791124e-01 1.000000000000000000e+00
1.176411249226495537e-01 2.754366634976113115e-01 0.000000000000000000e+00
2.091200304539753141e-01 5.545004129983606145e-01 0.000000000000000000e+00
4.622538676200403929e-01 8.616016465703806304e-01 0.000000000000000000e+00
5.592152874231470783e-02 9.637149234971631451e-02 0.000000000000000000e+00
7.161093697071239106e-01 2.467109112958505435e-01 0.000000000000000000e+00
9.495928623194148654e-01 2.385877175075051815e-01 0.000000000000000000e+00
4.387080903626685568e-01 8.940433522969361002e-01 0.000000000000000000e+00
9.002548382613708711e-01 6.953368287565516725e-01 0.000000000000000000e+00
3.431574551345706325e-01 8.844869023377643913e-01 0.000000000000000000e+00
8.044877804519741105e-01 3.470710755651745805e-01 0.000000000000000000e+00
5.111662789343265345e-01 4.219196942484209067e-01 1.000000000000000000e+00
7.566193692019798078e-01 2.137890575870179388e-01 0.000000000000000000e+00
2.919030594184076621e-01 7.624269439165121121e-02 0.000000000000000000e+00
8.176423839046794706e-01 9.304990258333358799e-01 0.000000000000000000e+00
4.511202657825953422e-01 6.845336087610240927e-01 1.000000000000000000e+00
8.729233152700937026e-01 1.421481580563976888e-02 0.000000000000000000e+00
4.849150591337185734e-01 1.815981161124663457e-01 0.000000000000000000e+00
2.118368589252848100e-01 6.344910390095994668e-01 0.000000000000000000e+00
8.112477156598408845e-01 5.773529236338285076e-01 1.000000000000000000e+00
8.757279138627561688e-01 2.756424608110844554e-01 0.000000000000000000e+00
1.349206781934974009e-01 7.675505741597768994e-01 0.000000000000000000e+00
3.681470536607837074e-01 5.293706593001088478e-01 1.000000000000000000e+00
7.676147594370075211e-01 4.716941483031694693e-01 1.000000000000000000e+00
3.286408256264745642e-01 4.126265593479715443e-01 0.000000000000000000e+00
9.371466757937351177e-01 1.822525137887209823e-02 0.000000000000000000e+00
8.093043367585759373e-01 3.394396279856085608e-01 0.000000000000000000e+00
1.949697452371633721e-01 2.494174446687847935e-01 0.000000000000000000e+00
2.583743178068294011e-01 6.342827391789160885e-01 1.000000000000000000e+00
5.025129257390947846e-01 9.113355328949752643e-01 0.000000000000000000e+00
2.864097140035547495e-01 9.181899291721165035e-01 0.000000000000000000e+00
5.378199446007256856e-01 2.712035489523878518e-01 1.000000000000000000e+00
9.538300127155211472e-01 2.885795220229531166e-01 0.000000000000000000e+00
6.258401845683987386e-01 1.505884000163522085e-01 1.000000000000000000e+00
5.166288628612730749e-01 2.118438393064536740e-01 0.000000000000000000e+00
2.241173537462355370e-01 8.115270148901225777e-01 0.000000000000000000e+00
2.023630803834344238e-01 8.762656230506725707e-01 0.000000000000000000e+00
3.673154475555260312e-01 5.980339988880755131e-01 1.000000000000000000e+00
1.486118674756160551e-01 5.263898541711432566e-01 0.000000000000000000e+00
2.529922296224724754e-01 2.041557523504731186e-01 0.000000000000000000e+00
1.813284269861710207e-01 7.136520471200988869e-01 0.000000000000000000e+00
7.885673669582365930e-01 9.810488363783017585e-01 0.000000000000000000e+00
8.567638207597927380e-01 7.649766696703463875e-01 0.000000000000000000e+00
3.746144653963978666e-02 7.991326767392316066e-01 0.000000000000000000e+00
5.340954161543987055e-02 6.744112405476085925e-01 1.000000000000000000e+00
3.532633379918102001e-01 8.255158515422740262e-01 0.000000000000000000e+00
5.500912944161076013e-01 7.659448831595705443e-01 1.000000000000000000e+00
8.656408006798025356e-01 2.792271324192161508e-01 0.000000000000000000e+00
6.939032597732913699e-01 4.165848403470268080e-01 1.000000000000000000e+00
6.912838208931373352e-01 3.895367017373773111e-01 1.000000000000000000e+00
2.414986790980591103e-01 2.693659327631001688e-01 0.000000000000000000e+00
9.770149544236734762e-01 3.484052306789100495e-01 0.000000000000000000e+00
3.965517107212637171e-01 4.016870182033919212e-01 1.000000000000000000e+00
7.203424412176566705e-01 1.756770126488642614e-01 0.000000000000000000e+00
4.765886600897081271e-01 1.522037876079618268e-02 1.000000000000000000e+00
8.441528404892538751e-01 4.647990289573352696e-01 1.000000000000000000e+00
3.500850344145731707e-01 4.840110826923196274e-01 1.000000000000000000e+00
2.731339738013545126e-01 9.554514128959978869e-01 0.000000000000000000e+00
6.815707087599398584e-01 3.889541419893757235e-01 1.000000000000000000e+00
2.363051321112501491e-01 1.032801872771434981e-01 0.000000000000000000e+00
3.994024536485345500e-01 4.252161609847894264e-01 1.000000000000000000e+00
1.854943269939612893e-02 2.633505543735267240e-01 0.000000000000000000e+00
5.119999644011163920e-01 2.496745928085559729e-01 0.000000000000000000e+00
6.344648503871481715e-01 3.889352347405726773e-01 1.000000000000000000e+00
7.272071497061329826e-01 3.902362382781678907e-01 1.000000000000000000e+00
4.699755692649486560e-01 9.892268475356472690e-01 0.000000000000000000e+00
7.387304486683556881e-01 6.949571294382772546e-02 0.000000000000000000e+00
1.162006380287220475e-01 9.594016007051248129e-01 0.000000000000000000e+00
7.616929330898550843e-01 1.148614922115166470e-01 0.000000000000000000e+00
2.449061716928206955e-01 3.801654148117674659e-01 0.000000000000000000e+00
5.530182918679357185e-01 6.422203864288330566e-01 1.000000000000000000e+00
8.014580572710880979e-01 2.506164490210593954e-02 0.000000000000000000e+00
2.241204088340003064e-01 9.688389793905571867e-02 0.000000000000000000e+00
4.879919691591708686e-01 4.364905663678494419e-01 1.000000000000000000e+00
4.605910113667411876e-01 3.877514196683627956e-01 1.000000000000000000e+00
4.932379955342930389e-01 6.567984966644554445e-01 1.000000000000000000e+00
3.891095259474760537e-01 2.793026336105127738e-01 0.000000000000000000e+00
8.865079376963351798e-01 6.398379126724331734e-01 1.000000000000000000e+00
6.033307939895252714e-01 4.754049070773871399e-01 1.000000000000000000e+00
9.231865329817241506e-01 5.936384281924539374e-01 1.000000000000000000e+00
1.079893910973832583e-01 4.210750285953146488e-01 0.000000000000000000e+00
5.910073583355935911e-01 5.350815836635274270e-01 1.000000000000000000e+00
8.973509158013053266e-01 9.802436602068903548e-01 0.000000000000000000e+00
2.389079429172498159e-01 3.380727540469452563e-02 0.000000000000000000e+00
9.974096051393199769e-01 5.998765691919472065e-01 1.000000000000000000e+00
4.845723560240193795e-01 3.323338914338307415e-01 1.000000000000000000e+00
3.812110985663358376e-01 5.236185307919999365e-01 1.000000000000000000e+00
7.631495888066952560e-02 8.073244774353516284e-01 0.000000000000000000e+00
2.804834145210869378e-01 2.544302761426242565e-02 0.000000000000000000e+00
8.734917025552576542e-01 8.759039818979280634e-01 0.000000000000000000e+00
4.195338516460308531e-01 1.056940986413419381e-01 0.000000000000000000e+00
6.819325774746658464e-01 1.939048928286739581e-01 0.000000000000000000e+00
8.797825038321293034e-01 3.080428552054467195e-01 0.000000000000000000e+00
9.011044803520105173e-01 9.794621230262702261e-01 0.000000000000000000e+00
5.180780859806666250e-02 4.080724619446182144e-01 0.000000000000000000e+00
1.239329075138446701e-01 4.376932722151769539e-01 0.000000000000000000e+00
7.207593583798432846e-02 2.469589849308806428e-02 0.000000000000000000e+00
8.517205115738009091e-01 4.487970176566776770e-01 0.000000000000000000e+00
7.514221518644956799e-01 9.617340853852655025e-01 0.000000000000000000e+00
7.755441887972112092e-01 6.665553224483296013e-01 1.000000000000000000e+00
9.218241931522523913e-01 6.624191742957666884e-01 0.000000000000000000e+00
1.412670585357338471e-01 3.184598530551684403e-01 0.000000000000000000e+00
6.085895133268881541e-01 1.217089500066645957e-01 1.000000000000000000e+00
6.532834815004781026e-01 2.773287604462653100e-01 1.000000000000000000e+00
1.506969649495447650e-01 4.608164881535365964e-01 0.000000000000000000e+00
6.539629242980532497e-01 9.407121668727793651e-01 0.000000000000000000e+00
8.340063405895783433e-01 5.990814665394972316e-02 0.000000000000000000e+00
4.030563323152396293e-01 6.748334022211279759e-01 1.000000000000000000e+00
7.948408573612686379e-01 9.756400120009022237e-01 0.000000000000000000e+00
1.054625696346646047e-01 1.861591004518267090e-01 0.000000000000000000e+00
8.211490281934806790e-01 7.590399374188793180e-01 0.000000000000000000e+00
4.092578117734794185e-01 7.918826883575591502e-01 1.000000000000000000e+00
7.428572638904280545e-01 9.693039986515101791e-01 0.000000000000000000e+00
3.769484453774507582e-02 8.398251314738396367e-01 0.000000000000000000e+00
1.172776184403625521e-01 6.379753876245863875e-01 1.000000000000000000e+00
7.540752342169961819e-01 1.027492685616447909e-01 0.000000000000000000e+00
6.864643577047550016e-01 8.293474596012579969e-01 1.000000000000000000e+00
7.300908593615489384e-01 4.199027870348683855e-01 1.000000000000000000e+00
7.805665084364256101e-01 8.484142832472386653e-01 0.000000000000000000e+00
3.844269309465542239e-01 3.302089411182956846e-01 0.000000000000000000e+00
4.439012532159081204e-02 4.657770233832194684e-01 1.000000000000000000e+00
6.890289221710258483e-01 4.454838046425512177e-01 1.000000000000000000e+00
5.294662711793486354e-01 7.052599938957184733e-01 1.000000000000000000e+00
2.626048945344111596e-01 9.432027432726683980e-01 0.000000000000000000e+00
8.584976779225457211e-01 7.853504237231038188e-01 0.000000000000000000e+00
8.875485943031460323e-01 2.507528447548276196e-01 0.000000000000000000e+00
4.496137380705153008e-01 8.478904964495025398e-01 0.000000000000000000e+00
5.369486169815181897e-01 3.265537244622462865e-02 1.000000000000000000e+00
3.905706735995950751e-02 6.445829706917092228e-01 1.000000000000000000e+00
1.667084626791830448e-01 1.600715902240834598e-01 0.000000000000000000e+00
1.605154196446173520e-01 7.964516121235947210e-01 0.000000000000000000e+00
4.250446095734415897e-01 5.806554286615935867e-01 1.000000000000000000e+00
8.516277494965966977e-01 9.325981686823862082e-01 0.000000000000000000e+00
4.775044599860759353e-01 5.171942010222904118e-01 1.000000000000000000e+00
8.864718995877637342e-01 2.009479490128618373e-02 0.000000000000000000e+00
5.072002899198017056e-01 5.832695873900652916e-01 1.000000000000000000e+00
7.745646637324051786e-01 2.743681338656865920e-01 0.000000000000000000e+00
9.122117960978557427e-01 5.397648631658114038e-01 1.000000000000000000e+00
7.713885545647781727e-01 4.115273654301148110e-01 1.000000000000000000e+00
8.820836092360183622e-01 3.666801092335489898e-01 0.000000000000000000e+00
5.949458492703271206e-01 3.380222068507033883e-01 1.000000000000000000e+00
3.335714462349280707e-01 1.890081463592734323e-01 0.000000000000000000e+00
1.330615636325356288e-01 9.063205859645451223e-02 0.000000000000000000e+00
6.480975953962148095e-01 2.119487845725231967e-02 1.000000000000000000e+00
2.703896090669457575e-01 7.782100109415055478e-01 0.000000000000000000e+00
8.499843751314861695e-01 4.402952616643873718e-02 0.000000000000000000e+00
6.035667302702937276e-01 8.865544901779599529e-01 1.000000000000000000e+00
3.243380246295266556e-01 7.583916669045634995e-01 0.000000000000000000e+00
8.066588520665036732e-01 4.350972907778396515e-01 1.000000000000000000e+00
7.522951622676055106e-01 1.351021422969604924e-01 0.000000000000000000e+00
8.289415852078148017e-01 1.059543994453493454e-02 0.000000000000000000e+00
8.013038429029428755e-01 7.401403275942853854e-01 1.000000000000000000e+00
1.975624784164417003e-01 4.098045917655452897e-01 0.000000000000000000e+00
1.293481371177156447e-01 4.946251993218853116e-01 0.000000000000000000e+00
5.326555000941091134e-02 3.453851940787804331e-01 0.000000000000000000e+00
1.783048235491602185e-02 5.812078021370159497e-01 1.000000000000000000e+00
2.607107424888071012e-01 4.044708967402237398e-01 0.000000000000000000e+00
1.442354920836717014e-01 9.930599080747455343e-01 0.000000000000000000e+00
2.723765709997771900e-01 6.933874437865927831e-02 0.000000000000000000e+00
3.706261364671351588e-01 4.943242858694105735e-01 1.000000000000000000e+00
3.561570425646853888e-01 1.671216236817181233e-01 0.000000000000000000e+00
7.454437374948823525e-01 4.163866169609523604e-01 1.000000000000000000e+00
9.053476580427888276e-02 9.465474466125870512e-01 0.000000000000000000e+00
7.998819930905359810e-01 5.857311894360847093e-01 1.000000000000000000e+00
8.569613635717935329e-01 2.872253316625116293e-01 0.000000000000000000e+00
9.272905389809391608e-01 9.085449541542071072e-01 0.000000000000000000e+00
3.810220732999014537e-02 8.229480739189508620e-01 0.000000000000000000e+00
1.106211246925203895e-01 2.637844536181248589e-01 0.000000000000000000e+00
6.116886209080749648e-01 2.321960641294515959e-01 1.000000000000000000e+00
9.596651872446776421e-01 9.772211440837730301e-03 0.000000000000000000e+00
3.069132759806164623e-01 1.540283796084154222e-01 0.000000000000000000e+00
6.652368430971123958e-01 9.041410062613072229e-01 1.000000000000000000e+00
5.698336929774271420e-01 9.723356465171600904e-01 0.000000000000000000e+00
6.748992312305249763e-01 5.541820587640237106e-01 1.000000000000000000e+00
8.265198399282795982e-01 4.427163276218060162e-03 0.000000000000000000e+00
5.191458693003804248e-01 8.156369571272256147e-01 1.000000000000000000e+00
2.664909786025426719e-01 8.446232721730636550e-01 0.000000000000000000e+00
6.277342358258655164e-01 1.436995224410286820e-02 1.000000000000000000e+00
1.571253458172107154e-01 6.001788260921510076e-01 1.000000000000000000e+00
6.493429164712241075e-01 1.109082209761356186e-01 1.000000000000000000e+00
2.344922996505894863e-01 6.958470816431056027e-01 0.000000000000000000e+00
3.070244111703779311e-02 1.286735603905952985e-02 0.000000000000000000e+00
3.405786296490271869e-01 4.489140067758974340e-01 1.000000000000000000e+00
3.033725070853778849e-01 7.107339551069323802e-01 0.000000000000000000e+00
9.009061198992891484e-01 7.045331166179147342e-02 0.000000000000000000e+00
6.585979311877879772e-01 2.235364403381505660e-01 0.000000000000000000e+00
5.290056349274085967e-02 8.028656942259594365e-01 0.000000000000000000e+00
2.804395027024955134e-01 2.853091772718755470e-01 0.000000000000000000e+00
4.717729584281137312e-01 2.612945629916085810e-02 1.000000000000000000e+00
9.526230081755653334e-01 1.187640396493566675e-01 0.000000000000000000e+00
4.280735182330415167e-01 5.740034713507206066e-01 1.000000000000000000e+00
8.974206460246327843e-01 8.230181190619793030e-01 0.000000000000000000e+00
9.522191591309323577e-01 4.248148126777340217e-02 0.000000000000000000e+00
1.292178265855813413e-01 8.386785670375729307e-02 0.000000000000000000e+00
1.112495840429940097e-01 8.002742331016313715e-01 0.000000000000000000e+00
5.233287838804134839e-01 5.332748018143643742e-01 1.000000000000000000e+00
4.585408857042649888e-01 5.427699173221806062e-01 1.000000000000000000e+00
6.242888097664396341e-01 6.980038304140836480e-01 1.000000000000000000e+00
2.570143441649379579e-01 5.359552100046678369e-01 1.000000000000000000e+00
5.653534595154300346e-01 4.894353671725857335e-01 1.000000000000000000e+00
4.796070095993753002e-01 4.651165926478468826e-01 1.000000000000000000e+00
1.171181164023272769e-01 2.747538573293325515e-01 0.000000000000000000e+00
7.858844078441337144e-01 2.361011903564448344e-01 0.000000000000000000e+00
7.937974266787218847e-01 9.595915393429131912e-01 0.000000000000000000e+00
7.762064546822169397e-01 1.579392113561715050e-01 0.000000000000000000e+00
2.743846747568753353e-01 8.796417514568666274e-02 0.000000000000000000e+00
2.142813676153565439e-02 3.086478633566439589e-01 0.000000000000000000e+00
3.368323972429114743e-01 5.955632196786535548e-01 1.000000000000000000e+00
2.392239029835326880e-01 8.158353701904008659e-02 0.000000000000000000e+00
6.275751555718974695e-01 3.481305653290854840e-01 1.000000000000000000e+00
4.417101450622239467e-01 6.022479396712665523e-02 0.000000000000000000e+00
6.680658464166583377e-01 2.192652896813084284e-01 0.000000000000000000e+00
8.305390247911118573e-01 3.245801978277287336e-01 0.000000000000000000e+00
4.883587043926161941e-01 8.061610191754409183e-02 1.000000000000000000e+00
1.009704398969208938e-01 9.067402120306704560e-01 0.000000000000000000e+00
7.212345875987590249e-01 3.689920328189999488e-02 1.000000000000000000e+00
2.222787233493848102e-01 1.056018420550430825e-01 0.000000000000000000e+00
9.188241901715618054e-01 9.245826280016601340e-01 0.000000000000000000e+00
5.610876648264172539e-01 8.424788693984085475e-01 1.000000000000000000e+00
5.335691858547439992e-01 2.218798221809106241e-01 0.000000000000000000e+00
7.850900182771940461e-01 6.881573393033624253e-02 0.000000000000000000e+00
5.964872079694373275e-01 7.208457563056458461e-02 1.000000000000000000e+00
6.567922038639337767e-01 1.753974182528567072e-01 0.000000000000000000e+00
2.250621524860032530e-01 6.336968007022607541e-01 0.000000000000000000e+00
1.173433227473680285e-01 6.321789098811961827e-01 1.000000000000000000e+00
8.945304617527356505e-01 1.131664214843687288e-01 0.000000000000000000e+00
3.468734622499785036e-01 5.752376431669757872e-01 1.000000000000000000e+00
3.706376597273326468e-01 3.676720135290256763e-01 0.000000000000000000e+00
6.847445669183312988e-01 5.659333326214573967e-01 1.000000000000000000e+00
3.267245767115436461e-01 8.628363182126856934e-01 0.000000000000000000e+00
9.909182881052006620e-01 7.646611770785356477e-01 0.000000000000000000e+00
1.400963259207944622e-01 7.778778450379498777e-01 0.000000000000000000e+00
8.480454976455028548e-01 1.674248162966538445e-01 0.000000000000000000e+00
1.945232538007310996e-01 6.824167864768231340e-01 0.000000000000000000e+00
8.185729008869389034e-01 5.060758469855213271e-01 1.000000000000000000e+00
1.521343984244795111e-01 9.819248826797022378e-01 0.000000000000000000e+00
7.428581724121550156e-01 8.636521688603899793e-01 0.000000000000000000e+00
7.022297990484568375e-01 9.010203033311061649e-01 0.000000000000000000e+00
1.307526555458327078e-02 3.763547100299753367e-01 0.000000000000000000e+00
2.578128980089977595e-02 4.467977800685881684e-01 1.000000000000000000e+00
2.247412264263093373e-02 4.884798302618453825e-03 0.000000000000000000e+00
2.816030175127879343e-01 1.143988879490333010e-01 0.000000000000000000e+00
7.595719157604295946e-01 9.591939281450279076e-01 0.000000000000000000e+00
4.029263045829009071e-01 9.982263545265342986e-01 0.000000000000000000e+00
5.050022910965020762e-01 5.562708694054474545e-02 1.000000000000000000e+00
4.692818671696222799e-01 9.302347978496433578e-01 0.000000000000000000e+00
1.854189104523839005e-01 8.826112550136884227e-01 0.000000000000000000e+00
7.226527952541320632e-01 7.955950029680081137e-02 0.000000000000000000e+00
4.347253894522145057e-01 9.819101774632108537e-01 0.000000000000000000e+00
4.488522446185749804e-02 9.520720976174954497e-01 0.000000000000000000e+00
4.042449238452494598e-02 1.220149257137681520e-01 0.000000000000000000e+00
8.627561223475024299e-01 2.005935940698307940e-01 0.000000000000000000e+00
2.765121807751421690e-01 5.215317280516361675e-01 1.000000000000000000e+00
9.661712016037572459e-01 4.524533620721107319e-01 0.000000000000000000e+00
2.962134051098332943e-01 3.886984378296154397e-03 0.000000000000000000e+00
8.630107085477479734e-01 4.392997960331890273e-01 0.000000000000000000e+00
6.170979972070272934e-01 5.289773303670752824e-02 1.000000000000000000e+00
4.032336759132437720e-02 7.306671407780559457e-01 1.000000000000000000e+00
3.084869504575736832e-01 9.876449833995252225e-01 0.000000000000000000e+00
7.133589359042893374e-01 4.316303718334641992e-01 1.000000000000000000e+00
1.482171349260616999e-01 2.818923898512400994e-01 0.000000000000000000e+00
5.052525137542898115e-01 2.315576526739968610e-01 0.000000000000000000e+00
1.000725774437816185e-02 5.384135452342297956e-02 0.000000000000000000e+00
3.766472930689279686e-02 6.547947904834580113e-01 1.000000000000000000e+00
9.031447839047608284e-01 3.313464230774586516e-01 0.000000000000000000e+00
7.196213895320605625e-01 5.523594505813805844e-01 1.000000000000000000e+00
7.192980078072803707e-01 1.847804091474952726e-01 0.000000000000000000e+00
2.892619252043802103e-01 3.191277624215755893e-01 0.000000000000000000e+00
5.760672058858422595e-01 5.868827014615869420e-01 1.000000000000000000e+00
9.895180715726736853e-01 9.164960950047684740e-02 0.000000000000000000e+00
7.786046783076671085e-01 3.991771402611905550e-01 1.000000000000000000e+00
6.006766527746699724e-01 7.592828896310381825e-01 1.000000000000000000e+00
1.842358116868170193e-01 4.628262666471838482e-02 0.000000000000000000e+00
8.257561016673981014e-01 1.544956721384669329e-01 0.000000000000000000e+00
1.504399743008913992e-01 1.103085742348561826e-01 0.000000000000000000e+00
1.076696130372954974e-01 3.113304281961619679e-01 0.000000000000000000e+00
8.378892498568774050e-01 8.944585612227988758e-01 0.000000000000000000e+00
6.399344074134596383e-01 1.080323571784390646e-01 1.000000000000000000e+00
1.495862622748109771e-01 2.849227483490744950e-01 0.000000000000000000e+00
3.522740014836690525e-01 8.754048810053960405e-02 0.000000000000000000e+00
7.368260929123888747e-01 8.251106106524992434e-01 1.000000000000000000e+00
3.443566969262976674e-01 6.838215673569366659e-01 1.000000000000000000e+00
8.902515472922774009e-01 3.371899516033349808e-02 0.000000000000000000e+00
8.194478949490794362e-01 1.351759596138176756e-01 0.000000000000000000e+00
6.293966581881638156e-02 6.559694839809382394e-01 1.000000000000000000e+00
6.947961762971911481e-01 3.125908601889850758e-01 1.000000000000000000e+00
7.478342043679528928e-01 5.808936207524479922e-01 1.000000000000000000e+00
6.646877287674741730e-01 7.842461923787462652e-01 1.000000000000000000e+00
8.490719638059281982e-01 5.666125518903544211e-01 1.000000000000000000e+00
9.647430802934411354e-01 4.797196872621061203e-01 0.000000000000000000e+00
9.018203929321704226e-01 8.552710913195934461e-01 0.000000000000000000e+00
7.381732921333994391e-01 5.628276186600439379e-01 1.000000000000000000e+00
8.374105601432446644e-02 3.575965749146930994e-01 0.000000000000000000e+00
5.954469347083388708e-01 9.989844104034087957e-01 1.000000000000000000e+00
3.460124735288898634e-01 8.276595061254017338e-01 0.000000000000000000e+00
3.790793848681226486e-01 3.592578678096348677e-01 0.000000000000000000e+00
6.555592893890677120e-01 1.705845131253437286e-01 0.000000000000000000e+00
8.251697870806262713e-03 9.344577912679118414e-01 0.000000000000000000e+00
2.738798422507440211e-01 1.823822566574528903e-01 0.000000000000000000e+00
4.262137865879078724e-01 8.717739239843569354e-01 0.000000000000000000e+00
2.639905259827989292e-01 7.781979090692474621e-01 0.000000000000000000e+00
6.772743497882623975e-01 6.366840304214015367e-01 1.000000000000000000e+00
5.993271229510164222e-01 8.545381637823882270e-01 1.000000000000000000e+00
4.580595908964399943e-01 6.707678687036686682e-01 1.000000000000000000e+00
6.895910658307995433e-01 9.188736441773996955e-01 0.000000000000000000e+00
9.055632820109170700e-01 1.643767195130946268e-01 0.000000000000000000e+00
4.714284972587325928e-01 9.193235466258163902e-01 0.000000000000000000e+00
8.234816615369047188e-01 3.656730390434497213e-01 0.000000000000000000e+00
1.087807268325489130e-01 7.725200938577078125e-01 0.000000000000000000e+00
2.970727685362948289e-01 1.540985296387167303e-01 0.000000000000000000e+00
2.424226209159652257e-02 5.968587345585135706e-01 1.000000000000000000e+00
8.041467531770214450e-01 4.715477858571800462e-01 1.000000000000000000e+00
4.791097233548161638e-01 4.174790596121784603e-01 1.000000000000000000e+00
3.818633568094753628e-01 4.326075215952905895e-01 1.000000000000000000e+00
8.315895667844968031e-01 5.875286348852923890e-01 1.000000000000000000e+00
3.075582315059621763e-02 2.797413825331339643e-01 0.000000000000000000e+00
7.997392668594233145e-01 5.448223393279445492e-01 1.000000000000000000e+00
5.478515776278366500e-01 3.827427985762931195e-01 1.000000000000000000e+00
7.166028985968290188e-01 6.470380477506454397e-02 1.000000000000000000e+00
6.764043968020272413e-01 9.926209621848270936e-01 0.000000000000000000e+00
8.801741269373164478e-01 1.218116437508186545e-01 0.000000000000000000e+00
5.887437828055673839e-01 9.093174127613445901e-01 1.000000000000000000e+00
2.778858810874517138e-01 7.679437292178747931e-01 0.000000000000000000e+00
6.535861461821995677e-01 4.212430369794504248e-01 1.000000000000000000e+00
9.555354977057299859e-01 8.618755181425171719e-01 0.000000000000000000e+00
8.121787975850975894e-01 9.560325794773297803e-01 0.000000000000000000e+00
1.711960856274985510e-02 9.817532770969293887e-01 0.000000000000000000e+00
8.499712434985308152e-01 5.632312099098286673e-01 1.000000000000000000e+00
3.583902798086290309e-01 6.280659021011767429e-01 1.000000000000000000e+00
5.485321440811912197e-01 9.759753076534700700e-01 0.000000000000000000e+00
2.541578663262142879e-01 6.706096535441672390e-01 0.000000000000000000e+00
8.808066114520071155e-01 5.376844004903286178e-01 1.000000000000000000e+00
5.947364431535018259e-02 9.370655542226099532e-01 0.000000000000000000e+00
2.260998178710003081e-01 2.080060110567314435e-01 0.000000000000000000e+00
5.632489388015163856e-01 1.125665601291725437e-02 1.000000000000000000e+00
7.599611987566523563e-01 5.203648203081182588e-01 1.000000000000000000e+00
6.355182716483167571e-01 2.012559829326684424e-01 0.000000000000000000e+00
6.477607712431031617e-01 6.883902822553923384e-01 1.000000000000000000e+00
4.744997496404032011e-01 8.394596945522472264e-01 1.000000000000000000e+00
4.902060326253666611e-01 8.986709364243008480e-01 0.000000000000000000e+00
7.222685433705469116e-01 4.261291788193247720e-01 1.000000000000000000e+00
6.498414905021512311e-01 5.466533410745366695e-02 1.000000000000000000e+00
6.668144947491517760e-01 3.374850421189800054e-01 1.000000000000000000e+00
5.407423348708948474e-01 9.315773503541957545e-03 1.000000000000000000e+00
8.564485591313834023e-01 6.028972062088282513e-01 1.000000000000000000e+00
2.410619915392272494e-01 2.628377686787471967e-01 0.000000000000000000e+00
8.024745020183013944e-01 8.103698502661299541e-01 0.000000000000000000e+00
3.358751601337697235e-01 3.458940835977425410e-01 0.000000000000000000e+00
1.973016674785286195e-01 3.080177891113466959e-01 0.000000000000000000e+00
2.892442547674478615e-02 8.093729679094719964e-01 0.000000000000000000e+00
6.575367220986104710e-01 2.407324942306056093e-01 0.000000000000000000e+00
4.297388180696698479e-01 6.723135749978701448e-01 1.000000000000000000e+00
4.638558763500866267e-01 2.874744188530343747e-01 0.000000000000000000e+00
8.831809232903609086e-02 3.861263450544427656e-01 0.000000000000000000e+00
6.566284048588412192e-01 8.021806367640952340e-01 1.000000000000000000e+00
7.653979197778498778e-01 7.439580587019077873e-01 1.000000000000000000e+00
7.888401783040899229e-01 8.414355138221754071e-01 0.000000000000000000e+00
5.277044093997925733e-01 8.022808603171434072e-01 1.000000000000000000e+00
7.668227241856717669e-01 7.921023519020693460e-01 1.000000000000000000e+00
6.946498015590274466e-01 7.418908183603826201e-01 1.000000000000000000e+00
2.953581670748872678e-01 8.060498359643304411e-01 0.000000000000000000e+00
2.779599345894523399e-02 8.389841497823462557e-01 0.000000000000000000e+00
8.490451292891948443e-01 7.734594594087298436e-01 0.000000000000000000e+00
8.422029093323555315e-01 9.857597467748631104e-01 0.000000000000000000e+00
9.947885488729202308e-01 1.512937563305374322e-01 0.000000000000000000e+00
9.404433668301558358e-01 3.318309739160854033e-01 0.000000000000000000e+00
3.574318447472145666e-01 7.071517324476047639e-01 1.000000000000000000e+00
4.831962909742045786e-01 5.228026208465735847e-01 1.000000000000000000e+00
7.776275442228594015e-01 5.673493160088163290e-01 1.000000000000000000e+00
9.381510514546518298e-01 1.290271054414340313e-01 0.000000000000000000e+00
5.946727450843652951e-01 5.652716975143299294e-01 1.000000000000000000e+00
3.131609903665126815e-01 2.213904660325305418e-02 0.000000000000000000e+00
4.447764091535927333e-01 3.388394173973103829e-01 0.000000000000000000e+00
2.811617119652055630e-01 1.077842015708984080e-01 0.000000000000000000e+00
3.214832019706800326e-01 3.907735666922232953e-01 0.000000000000000000e+00
9.145401865513602679e-02 3.303716757836009377e-01 0.000000000000000000e+00
2.479664436249451320e-02 5.459720281144403442e-01 1.000000000000000000e+00
8.025148061423413859e-01 6.664669181788048791e-01 1.000000000000000000e+00
8.325971675071173195e-01 1.535270306122616946e-01 0.000000000000000000e+00
3.086031870265918409e-01 1.391887094735466679e-01 0.000000000000000000e+00
7.294369517580875373e-01 7.521673919660065710e-02 0.000000000000000000e+00
8.426122228707482176e-01 4.484582097997099615e-01 0.000000000000000000e+00
5.485851078169239337e-01 7.385659998052559461e-01 1.000000000000000000e+00
3.854665995351672647e-01 8.890193487782155346e-01 0.000000000000000000e+00
1.314185223902567534e-01 3.736792409046131302e-01 0.000000000000000000e+00
7.472502450027452836e-01 6.890827366334519866e-01 1.000000000000000000e+00
1.230679252848835281e-01 8.270679647090715125e-01 0.000000000000000000e+00
3.670114935780777188e-01 1.848367635228262973e-01 0.000000000000000000e+00
3.977490053800802894e-02 3.301959921693014000e-01 0.000000000000000000e+00
4.670813812962426592e-02 3.581133912540425124e-01 0.000000000000000000e+00
6.195541450111615722e-01 4.556096402675388068e-01 1.000000000000000000e+00
3.126834046624282770e-01 9.338993106492079477e-01 0.000000000000000000e+00
3.080807183606859567e-02 5.658304459233178818e-01 1.000000000000000000e+00
1.230043897313130019e-01 8.072975494311986910e-01 0.000000000000000000e+00
4.988450924553392563e-01 9.117535124345936826e-01 0.000000000000000000e+00
2.207030151975247767e-01 4.666557303262213185e-01 0.000000000000000000e+00
1.809116511503660041e-01 8.549955256000640880e-01 0.000000000000000000e+00
5.443579086057123151e-01 2.674984714727289825e-01 1.000000000000000000e+00
5.384439746051814524e-01 8.134344647123419314e-01 1.000000000000000000e+00
5.925216991811648182e-01 7.705793236071856178e-02 1.000000000000000000e+00
6.417590110995818886e-02 8.677812688577087874e-01 0.000000000000000000e+00
2.068388509039269518e-01 9.346053731127208497e-01 0.000000000000000000e+00
3.761277416925232764e-01 9.361425007045964808e-02 0.000000000000000000e+00
6.343303782079463549e-01 3.785985078631277645e-01 1.000000000000000000e+00
2.835949487948548065e-01 9.178040234142048615e-01 0.000000000000000000e+00
4.877041643545644289e-01 3.901133079809365745e-01 1.000000000000000000e+00
2.802980657533203912e-01 1.963176493579968929e-01 0.000000000000000000e+00
8.340098492792591411e-01 7.854286182980575459e-01 0.000000000000000000e+00
3.158702842777656450e-01 3.084630753304812290e-01 0.000000000000000000e+00
8.722310231117647028e-02 1.129125965678761112e-01 0.000000000000000000e+00
4.410536395807225230e-01 1.269887208535439571e-01 0.000000000000000000e+00
2.309750537770086654e-01 1.193862903906113271e-01 0.000000000000000000e+00
8.905228126590569726e-01 6.277786694604868822e-01 1.000000000000000000e+00
8.140121422242752036e-02 9.525093488079185988e-01 0.000000000000000000e+00
6.610346813363729979e-01 5.252628975453458304e-01 1.000000000000000000e+00
6.282335870117058407e-01 9.335603725150137810e-01 1.000000000000000000e+00
5.400430011011908560e-01 1.628807908410203620e-01 0.000000000000000000e+00
2.916647665173567328e-01 5.723447885252264111e-02 0.000000000000000000e+00
7.895485945518363469e-01 6.886012042271459910e-01 1.000000000000000000e+00
2.582672927713923761e-01 2.493565056362800902e-01 0.000000000000000000e+00
7.493911268744273269e-01 2.401546846220981024e-02 1.000000000000000000e+00
6.955872574169004174e-01 1.271149454748277119e-02 1.000000000000000000e+00
6.704811605115652551e-01 9.162484989891895859e-01 0.000000000000000000e+00
1.103964775033083878e-01 3.044561923789780300e-01 0.000000000000000000e+00
8.346786369766900915e-01 5.462894784486430622e-01 1.000000000000000000e+00
7.928142276168721470e-01 8.156173531738276639e-01 0.000000000000000000e+00
1.481438774649447288e-01 2.140489880252154364e-01 0.000000000000000000e+00
1.648562746525467082e-01 3.250378327219828334e-01 0.000000000000000000e+00
2.827344321144927841e-01 2.277181721602653530e-01 0.000000000000000000e+00
8.095545852925861707e-01 1.356641157244684592e-01 0.000000000000000000e+00
1.802955672273225396e-01 1.414585506491413680e-01 0.000000000000000000e+00
1.999980537376389034e-01 3.288559188592199423e-02 0.000000000000000000e+00
9.463241917800900849e-01 7.166958012091727559e-01 0.000000000000000000e+00
4.461397540007194795e-02 9.919990216608055578e-01 0.000000000000000000e+00
8.163457864143613962e-01 4.284403284482500851e-01 1.000000000000000000e+00
8.780581557499278489e-01 4.209041864673813693e-01 0.000000000000000000e+00
7.388976427433204819e-01 6.485917694654954602e-01 1.000000000000000000e+00
1.303120020164857396e-01 6.928346186086247194e-01 0.000000000000000000e+00
2.750446487763676950e-01 5.131842447626309145e-01 1.000000000000000000e+00
7.503136280216604614e-01 6.349025180514156208e-02 0.000000000000000000e+00
5.607876831426696906e-01 6.247066168406795184e-01 1.000000000000000000e+00
6.903421412776892252e-01 2.400606015712494212e-01 0.000000000000000000e+00
8.863239428817972776e-01 5.807680525274028227e-01 1.000000000000000000e+00
7.891469769176351345e-01 7.268004764428175335e-01 1.000000000000000000e+00
3.849791052904236732e-01 5.211925412321151141e-01 1.000000000000000000e+00
1.463922333488681948e-01 3.186078106438535729e-01 0.000000000000000000e+00
9.171664505205829876e-01 7.728256397059106719e-01 0.000000000000000000e+00
6.384885601256953258e-01 9.966581620236708572e-01 0.000000000000000000e+00
3.033201914792810205e-01 4.417166442328555043e-01 0.000000000000000000e+00
8.902997686863018956e-01 7.453921929862681317e-01 0.000000000000000000e+00
4.810745562749629833e-03 1.913153062838539586e-01 0.000000000000000000e+00
2.520396942200807677e-01 8.780761342456626650e-01 0.000000000000000000e+00
2.453945146309279846e-01 6.586624201240552923e-01 0.000000000000000000e+00
6.664073338372781263e-01 3.209180619287776981e-01 1.000000000000000000e+00
5.737723009472250890e-01 2.817552195519766878e-01 1.000000000000000000e+00
1.720852131720607137e-01 8.686299359438960366e-01 0.000000000000000000e+00
2.933922984818755353e-01 1.255844807742211300e-01 0.000000000000000000e+00
8.091224026397979552e-01 8.913479677464731799e-01 0.000000000000000000e+00
1.540132631310368039e-01 7.835055627984270910e-01 0.000000000000000000e+00
2.431750065051594412e-01 5.371639527023449601e-01 0.000000000000000000e+00
1.615409976064715591e-01 5.134504556337010639e-01 0.000000000000000000e+00
5.070481290739048408e-02 8.462519868653602950e-01 0.000000000000000000e+00
5.172701549653502262e-02 9.530089240646835158e-01 0.000000000000000000e+00
2.503075473423571617e-01 3.040947094755036550e-01 0.000000000000000000e+00
2.492635688192349486e-01 6.274767868520280123e-01 1.000000000000000000e+00
9.569170250876160022e-01 5.624185038013417293e-01 0.000000000000000000e+00
4.512746058401747584e-01 9.160337507013647240e-01 0.000000000000000000e+00
2.557948215793651725e-01 8.478177214159221542e-01 0.000000000000000000e+00
5.481122500989604740e-01 9.219407990864224578e-01 1.000000000000000000e+00
8.830015338391815627e-01 1.750404271168938264e-01 0.000000000000000000e+00
5.229978185302205373e-01 4.683681049223610282e-01 1.000000000000000000e+00
8.748920765800133337e-01 3.138343899446000007e-01 0.000000000000000000e+00
3.485582449697560703e-01 2.004617019934312738e-01 0.000000000000000000e+00
9.884984809012816731e-01 9.984003845048786685e-01 0.000000000000000000e+00
9.814543518156980673e-01 4.233886645308986285e-01 0.000000000000000000e+00
5.010660653458398617e-02 7.129197792220217655e-01 1.000000000000000000e+00
7.687751071321100582e-01 1.162005086879341897e-01 0.000000000000000000e+00
3.211401122170992606e-01 9.420737778148013941e-01 0.000000000000000000e+00
2.802986731669869780e-01 9.769938264990194465e-01 0.000000000000000000e+00
5.724682141060160045e-01 3.291576681725609799e-01 1.000000000000000000e+00
4.244923731982793713e-01 6.948888571519650226e-01 1.000000000000000000e+00
5.673226561515294364e-01 2.549658481504917251e-01 1.000000000000000000e+00
4.555171462738955013e-01 5.744264943820442948e-01 1.000000000000000000e+00
1.991932533056579580e-01 2.951493390104774628e-01 0.000000000000000000e+00
1.907137013261199776e-01 4.856546395497070012e-01 0.000000000000000000e+00
2.780326317222072685e-01 8.730289172433041145e-01 0.000000000000000000e+00
4.217621202079623322e-01 1.214034838635796865e-01 0.000000000000000000e+00
2.618756597235635253e-01 6.607620777373915955e-01 0.000000000000000000e+00
2.902235343360476394e-01 5.390882063210902242e-01 1.000000000000000000e+00
6.704058928798034556e-01 1.884908403641132324e-01 0.000000000000000000e+00
7.410046812148771700e-01 3.920795443245361778e-02 1.000000000000000000e+00
7.649241844168168658e-01 8.525191770199797014e-01 0.000000000000000000e+00
2.281756769820381114e-01 9.989158303839432707e-01 0.000000000000000000e+00
3.214977624258577027e-01 3.910215924733974058e-01 0.000000000000000000e+00
1.323895741663994041e-02 4.909714884941409618e-01 1.000000000000000000e+00
1.324147000792841311e-02 6.686611854506540054e-01 1.000000000000000000e+00
8.609452444210934363e-01 5.844703010198760706e-01 1.000000000000000000e+00
8.740971250908204926e-01 2.807737344721954464e-01 0.000000000000000000e+00
3.768122878396640285e-02 7.455873272775985772e-01 1.000000000000000000e+00
1.727643075460740807e-01 9.300127313446904243e-01 0.000000000000000000e+00
9.523381934495422918e-01 7.090939370004769593e-01 0.000000000000000000e+00
9.077165098500969975e-01 9.120193089502559580e-02 0.000000000000000000e+00
1.503261852629973472e-01 7.774663441941442876e-02 0.000000000000000000e+00
4.038330650753834128e-01 2.707183857499867452e-01 0.000000000000000000e+00
5.329734255315694558e-01 6.968479169798945660e-01 1.000000000000000000e+00
9.536948714421602524e-01 7.962384564428626188e-02 0.000000000000000000e+00
6.341971572090866482e-01 5.206730503311175484e-01 1.000000000000000000e+00
4.446307509541593816e-01 9.831387662344657219e-01 0.000000000000000000e+00
6.496648430898928073e-01 7.184327949000837155e-01 1.000000000000000000e+00
5.884628986180436838e-01 1.532505731737571208e-01 1.000000000000000000e+00
2.915402824015804750e-01 5.066759890793606225e-01 1.000000000000000000e+00
2.557994716370415311e-03 9.520849714135590780e-01 0.000000000000000000e+00
5.857821368183663280e-01 7.844593666258686815e-01 1.000000000000000000e+00
3.494381832938197041e-01 2.636448473927098801e-01 0.000000000000000000e+00
9.304873407425341414e-01 5.290034167703622225e-01 0.000000000000000000e+00
9.477463348642309882e-01 7.449739973274372984e-01 0.000000000000000000e+00
9.758622354843248248e-01 1.181315478994017232e-01 0.000000000000000000e+00
9.923193002872214841e-01 7.618583388266352285e-01 0.000000000000000000e+00
6.147891854021355629e-01 5.926162452932246527e-01 1.000000000000000000e+00
8.694658762169311661e-01 7.328636453380726890e-01 0.000000000000000000e+00
5.663286623621925919e-01 4.817668023085750484e-01 1.000000000000000000e+00
7.594098740310213369e-01 6.230215240952339251e-01 1.000000000000000000e+00
9.988563237035101849e-01 8.325131978740928362e-01 0.000000000000000000e+00
4.206747481370667341e-01 9.937898993746842047e-01 0.000000000000000000e+00
1.348839848205068970e-01 1.988563116308013079e-01 0.000000000000000000e+00
9.621271055418419982e-01 1.698813095344956503e-01 0.000000000000000000e+00
7.380088967735127792e-01 8.552560665815744922e-02 0.000000000000000000e+00
5.835317227210813362e-01 6.377911830656810555e-01 1.000000000000000000e+00
8.176193871915156119e-01 2.928262400349780359e-01 0.000000000000000000e+00
2.765712030458604698e-01 2.024702652350961474e-01 0.000000000000000000e+00
7.090919374828388300e-01 3.077951934310296789e-01 0.000000000000000000e+00
4.716462905149321205e-02 3.854053773145728057e-01 0.000000000000000000e+00
8.935240399647874643e-01 4.258013568709054786e-01 0.000000000000000000e+00
7.210598920362332187e-01 9.616218490473568137e-01 0.000000000000000000e+00
8.497857309770359135e-01 7.565153104316377775e-01 0.000000000000000000e+00
1.315259313127077334e-01 3.528752703035273885e-01 0.000000000000000000e+00
5.958386256433449990e-01 3.781550748126539796e-01 1.000000000000000000e+00
6.930671387873060807e-01 9.223105149500249178e-01 0.000000000000000000e+00
8.194841593617234743e-01 3.139201178487426303e-01 0.000000000000000000e+00
6.671388206094222006e-01 5.332486609565001423e-02 1.000000000000000000e+00
8.859178439150581230e-01 6.874740420513272277e-01 0.000000000000000000e+00
8.940993286108452898e-01 7.755337394136937457e-01 0.000000000000000000e+00
9.110206462124054161e-01 9.704505885578255109e-01 0.000000000000000000e+00
5.379040002170782930e-01 1.055986073467595210e-01 1.000000000000000000e+00
1.703684623905799000e-01 3.271852456245233354e-01 0.000000000000000000e+00
4.354578737153721457e-01 5.340577753531609018e-01 1.000000000000000000e+00
9.299952247981716491e-01 1.928701614409150666e-01 0.000000000000000000e+00
9.127390470938220313e-01 3.595979107135292008e-01 0.000000000000000000e+00
4.883752637347955616e-01 7.053919092136295976e-02 1.000000000000000000e+00
8.717733069896749232e-02 6.846817292184175230e-01 1.000000000000000000e+00
9.041796181707495439e-02 7.602667806409945106e-01 0.000000000000000000e+00
4.412746804580628401e-01 7.041400093976049046e-01 1.000000000000000000e+00
5.600858984818060105e-01 5.941875804643139691e-01 1.000000000000000000e+00
9.820964630636610515e-01 3.159146068398920315e-01 0.000000000000000000e+00
5.894169975743168699e-02 8.621101325318591968e-01 0.000000000000000000e+00
6.123472270277285912e-01 1.751583212558346370e-01 0.000000000000000000e+00
5.559611800826350647e-01 6.524094294960509632e-01 1.000000000000000000e+00
3.516876903641851237e-01 1.135163733446443723e-01 0.000000000000000000e+00
2.159065600335717816e-01 3.093973283042990019e-01 0.000000000000000000e+00
5.722990537597862915e-01 5.962844946130674284e-02 1.000000000000000000e+00
3.675926902511245098e-01 1.614072783391964361e-01 0.000000000000000000e+00
4.148944473686151380e-01 8.205853247639049997e-02 0.000000000000000000e+00
9.284330211615553496e-01 7.642701950751007445e-02 0.000000000000000000e+00
2.145073054312106597e-01 6.890715277822001550e-01 0.000000000000000000e+00
8.688932664957422780e-01 1.087268538839066823e-01 0.000000000000000000e+00
6.399807476813754725e-01 7.492257574685129429e-01 1.000000000000000000e+00
2.643416222149508332e-02 2.710541418944140135e-01 0.000000000000000000e+00
8.765325720310239710e-01 5.371170939159762847e-01 1.000000000000000000e+00
8.192004683100087004e-01 9.960115281759371886e-01 0.000000000000000000e+00
3.456690147098750998e-01 8.486108897060928857e-01 0.000000000000000000e+00
7.044202666323268192e-01 4.926997302396824985e-01 1.000000000000000000e+00
7.522920786220650413e-01 5.967602871459464220e-01 1.000000000000000000e+00
3.001942675124910087e-01 3.193188658095670318e-01 0.000000000000000000e+00
8.201575795301019323e-01 2.705265228716653425e-01 0.000000000000000000e+00
3.357781957295560282e-01 7.595384808318216274e-01 0.000000000000000000e+00
7.430475556051178154e-01 9.250461347897103170e-01 0.000000000000000000e+00
3.077169189133284188e-01 1.296648725580885619e-01 0.000000000000000000e+00
9.247509236860658177e-01 8.714184711629748836e-01 0.000000000000000000e+00
2.113363781088247739e-01 7.343252045877655121e-01 0.000000000000000000e+00
6.974121012287444188e-01 4.256503378687811479e-01 1.000000000000000000e+00
9.123998342404409101e-01 6.204351018459790534e-01 1.000000000000000000e+00
6.509512188143592448e-01 5.542464374781701508e-01 1.000000000000000000e+00
7.263613395251500293e-02 4.804699846067859159e-01 1.000000000000000000e+00
5.339396564890683816e-01 9.487646948924887136e-01 0.000000000000000000e+00
9.015049251179659828e-01 3.882806239540987914e-01 0.000000000000000000e+00
4.774958495102625822e-01 9.184190485450022257e-01 0.000000000000000000e+00
5.111907640149454535e-01 2.542624551212621098e-01 0.000000000000000000e+00
7.634873745854376947e-01 7.767098332554766005e-01 1.000000000000000000e+00
7.407299435595966486e-01 6.617236014278879974e-01 1.000000000000000000e+00
1.429490947858896854e-01 9.288221922760853122e-02 0.000000000000000000e+00
5.330212748493574626e-01 7.657433269153978150e-01 1.000000000000000000e+00
7.120289212917242372e-01 7.905718219217735543e-01 1.000000000000000000e+00
1.666361538826487410e-01 1.544634339035785286e-01 0.000000000000000000e+00
2.720506288455083466e-01 1.484100800007439602e-01 0.000000000000000000e+00
9.627195629395453036e-01 5.805709927378821522e-01 1.000000000000000000e+00
2.485007036048492157e-01 2.080640377904204863e-01 0.000000000000000000e+00
1.100863423971619737e-01 8.212881009091610451e-02 0.000000000000000000e+00
8.838912524141171456e-01 9.170682948085091546e-01 0.000000000000000000e+00
4.095129045969302384e-01 2.526875811290142382e-01 0.000000000000000000e+00
1.616344809246220704e-01 1.161390017946352105e-01 0.000000000000000000e+00
9.811712359518252047e-01 8.947306139864565910e-01 0.000000000000000000e+00
3.782005936747989683e-01 5.322064819033009986e-01 1.000000000000000000e+00
9.463425814292875105e-01 4.273413141385786762e-01 0.000000000000000000e+00
9.046177738313982974e-01 8.942691217039387963e-01 0.000000000000000000e+00
6.571362437116723410e-02 3.943819689749078483e-01 0.000000000000000000e+00
7.080390545512984524e-01 3.380560705538466770e-01 1.000000000000000000e+00
1.189578776466008181e-01 8.124164794173694970e-01 0.000000000000000000e+00
1.044017057489677880e-01 1.942954216084110675e-01 0.000000000000000000e+00
2.577044131548664740e-01 6.152894394952369561e-01 1.000000000000000000e+00
8.901247701048179417e-01 9.007334607575590013e-01 0.000000000000000000e+00
8.019012067010754530e-01 9.992232567743002392e-01 0.000000000000000000e+00
7.290292499153341321e-01 5.794503426152983749e-01 1.000000000000000000e+00
6.518215342416797675e-01 7.759430480880902259e-02 1.000000000000000000e+00
6.489461696235895305e-01 8.871270455658941678e-03 1.000000000000000000e+00
2.325382223779079993e-01 1.822559153341708482e-01 0.000000000000000000e+00
6.126412301231879409e-01 8.333509744299122390e-01 1.000000000000000000e+00
9.270387481655717465e-02 4.971312150439588518e-01 1.000000000000000000e+00
6.639260816856030756e-01 6.502685220738582128e-01 1.000000000000000000e+00
9.941297181300878805e-03 5.054576279638125502e-01 1.000000000000000000e+00
5.357114718933064790e-01 3.106455486929784460e-01 1.000000000000000000e+00
7.231684277688387175e-01 7.722249276917039218e-01 1.000000000000000000e+00
8.902475808408898406e-01 2.270906299289543462e-02 0.000000000000000000e+00
6.365135272806022870e-01 7.561745909101040830e-01 1.000000000000000000e+00
3.865396410955944662e-01 2.583750681897863943e-01 0.000000000000000000e+00
1.929744069982931576e-01 3.856280327002808983e-01 0.000000000000000000e+00
4.116815494247109131e-01 3.109327035427134067e-02 0.000000000000000000e+00
6.168983003876715721e-02 7.276122579630345255e-01 0.000000000000000000e+00
4.290564814742550137e-01 9.662403565869556177e-01 0.000000000000000000e+00
3.490947429289461557e-01 9.448907446153165246e-02 0.000000000000000000e+00
7.040328913541692435e-01 5.520356262518778534e-01 1.000000000000000000e+00
9.456273258356746592e-01 8.333424652076358852e-01 0.000000000000000000e+00
5.209481376153636267e-01 5.169614932119099837e-01 1.000000000000000000e+00
7.361912522875103670e-01 1.731196904897145394e-01 0.000000000000000000e+00
3.528625994998809690e-01 6.758768807836146308e-02 0.000000000000000000e+00
9.762511828844266937e-02 5.632553004198462832e-01 1.000000000000000000e+00
1.936825727619824189e-01 3.613313810698726147e-02 0.000000000000000000e+00
2.837418080822690092e-01 2.915862819893936253e-01 0.000000000000000000e+00
6.339891077692343391e-01 7.068628194852840663e-01 1.000000000000000000e+00
3.135232308176758576e-01 7.508438488055414473e-01 0.000000000000000000e+00
1.144762190604204921e-01 2.600871795492591954e-01 0.000000000000000000e+00
5.379868679949092458e-01 2.221078787302519508e-01 0.000000000000000000e+00
2.739231639432337939e-01 4.828046647343529063e-01 0.000000000000000000e+00
2.064661050572907941e-01 4.475059169256334624e-01 0.000000000000000000e+00
5.994064639019508478e-01 7.125561272829852300e-01 1.000000000000000000e+00
1.920477232516457633e-01 4.036711413641852486e-01 0.000000000000000000e+00
9.773507731773519724e-01 5.549711700333311848e-01 0.000000000000000000e+00
1.046456568669341669e-01 7.453350499695157172e-01 0.000000000000000000e+00
7.952566879747268169e-01 6.689832108157104384e-01 1.000000000000000000e+00
1.539278384849557257e-01 2.041709726508127432e-01 0.000000000000000000e+00
9.612401205418249495e-01 8.425474622885318343e-01 0.000000000000000000e+00
5.026201471939290011e-01 4.346274678866501873e-01 1.000000000000000000e+00
4.989915844302321712e-01 7.065146383513045691e-01 1.000000000000000000e+00
7.164096836071768282e-01 4.244376957344269119e-01 1.000000000000000000e+00
4.984444966699641544e-01 9.009391868900773481e-02 1.000000000000000000e+00
4.724767353333836351e-01 3.511063070337809844e-01 1.000000000000000000e+00
7.342945782338002880e-01 3.639062434038918825e-01 1.000000000000000000e+00
2.409141224681894400e-01 4.255614942391253708e-01 0.000000000000000000e+00
4.903180029104526882e-01 6.563770737829299762e-02 1.000000000000000000e+00
1.955563341246409070e-01 8.767298541781869403e-01 0.000000000000000000e+00
1.253650047891381458e-01 3.399084973992403391e-01 0.000000000000000000e+00
6.782453930872783809e-01 7.041328822449656188e-01 1.000000000000000000e+00
1.885706563500992861e-01 4.245345718567725690e-01 0.000000000000000000e+00
6.554974623297454839e-01 4.794085035359305635e-01 1.000000000000000000e+00
7.854894844156926625e-01 2.741814626434716518e-01 0.000000000000000000e+00
7.837137096274391368e-01 3.047937593016281088e-02 0.000000000000000000e+00
3.739807928283834793e-01 6.135936452534819230e-01 1.000000000000000000e+00
7.251289720429581198e-01 1.969921088273101084e-01 0.000000000000000000e+00
2.818216479334501035e-02 3.806137790128563125e-01 0.000000000000000000e+00
5.484504811811045100e-01 2.878585215414551923e-01 1.000000000000000000e+00
1.093008911028849894e-01 9.350524652998142283e-01 0.000000000000000000e+00
8.629822240801767741e-01 5.029036524547825238e-01 1.000000000000000000e+00
1.357442734711233889e-02 4.986179701340115455e-01 1.000000000000000000e+00
8.709969095080917212e-01 2.821681913536038255e-01 0.000000000000000000e+00
7.356303755879793904e-01 3.736427397502493086e-01 1.000000000000000000e+00
6.934744551807046076e-01 2.016195321002508534e-01 0.000000000000000000e+00
5.270687672187091000e-02 9.758606699827452324e-01 0.000000000000000000e+00
2.885871920684430769e-01 8.314896339289250538e-01 0.000000000000000000e+00
9.409846759203881472e-01 2.639751123406841593e-01 0.000000000000000000e+00
7.627077026228846757e-01 9.712917477493252516e-01 0.000000000000000000e+00
9.794012718217322000e-01 4.918054167170288205e-01 0.000000000000000000e+00
2.056861240907903454e-01 7.329570298345388091e-01 0.000000000000000000e+00
8.561424172700734525e-01 6.723394681912452375e-01 1.000000000000000000e+00
9.900883988906189481e-01 6.811170719730647027e-01 0.000000000000000000e+00
2.378857787766768261e-01 6.709290356460801963e-01 0.000000000000000000e+00
4.825200726543596996e-01 8.159683897819658416e-01 1.000000000000000000e+00
8.189448616524632740e-01 9.836267910999796360e-01 0.000000000000000000e+00
8.169939159629328040e-01 9.202478257852650945e-01 0.000000000000000000e+00
3.565940994967290445e-01 2.442371667601894725e-02 0.000000000000000000e+00
8.813375854561059652e-01 3.689460433470909129e-01 0.000000000000000000e+00
5.842638215389689416e-01 8.477309020097595349e-01 1.000000000000000000e+00
4.545782690451569685e-01 4.170335408155240176e-01 1.000000000000000000e+00
8.081708102224325341e-01 6.648400887700860462e-01 1.000000000000000000e+00
3.312196653055377027e-02 7.384149053221573666e-01 1.000000000000000000e+00
9.513768222481610026e-01 6.916315315162934185e-01 0.000000000000000000e+00
8.110451655651027547e-01 3.570250686178810806e-01 0.000000000000000000e+00
4.347703672418635756e-01 5.189853065184191205e-02 0.000000000000000000e+00
9.973526764804363509e-02 2.666741739826004043e-01 0.000000000000000000e+00
3.469208411104799383e-01 3.193212443804177569e-01 0.000000000000000000e+00
5.024153222852010270e-01 4.154979122039849093e-01 1.000000000000000000e+00
1.152718077880622305e-01 8.629626905498641865e-01 0.000000000000000000e+00
1.552858213062318082e-01 9.569654340550225458e-01 0.000000000000000000e+00
3.754515255339776481e-01 6.737607714128502900e-01 1.000000000000000000e+00
4.796014601912381714e-01 8.581940895224540178e-01 1.000000000000000000e+00
6.646377835644579068e-02 2.964691888931368924e-01 0.000000000000000000e+00
1.537547521951246887e-01 6.126008855371258832e-01 1.000000000000000000e+00
5.921817961759050508e-01 7.084251214661462237e-01 1.000000000000000000e+00
2.824280379999194457e-01 1.839912550121584056e-01 0.000000000000000000e+00
1.480370923824037011e-01 6.329936420641069095e-01 1.000000000000000000e+00
1.309290005468718432e-01 6.166720836910338788e-01 1.000000000000000000e+00
1.595613848517388744e-01 4.426757781554124804e-02 0.000000000000000000e+00
4.849974434103844212e-01 3.348171844505304362e-01 1.000000000000000000e+00
7.737594990083102031e-01 3.799362887880826101e-01 0.000000000000000000e+00
9.649590710838445995e-01 5.077188211490503145e-01 0.000000000000000000e+00
2.733947413844326491e-01 5.531249199503782688e-01 1.000000000000000000e+00
2.197280311206679659e-01 7.458699653680520569e-01 0.000000000000000000e+00
6.194403071449616771e-01 9.482054175522930395e-01 1.000000000000000000e+00
9.056255938462065558e-01 9.495777123221932348e-01 0.000000000000000000e+00
9.198224748017082009e-01 3.829736251717086315e-01 0.000000000000000000e+00
3.953080319114418151e-01 1.070736472183394516e-01 0.000000000000000000e+00
5.617560816326644391e-01 7.021584892971791669e-01 1.000000000000000000e+00
6.568519604969069725e-03 8.923194764038631099e-01 0.000000000000000000e+00
8.956718683765011457e-01 8.720802365574841231e-01 0.000000000000000000e+00
2.696969724532481960e-01 5.570370467983903895e-01 1.000000000000000000e+00
1.329726698299149579e-01 3.065372624586317762e-01 0.000000000000000000e+00
3.519012068012417060e-01 5.609399138324270284e-01 1.000000000000000000e+00
9.475969617003979772e-01 9.557162790006227260e-01 0.000000000000000000e+00
4.204515285898128285e-01 6.894558064711153733e-02 0.000000000000000000e+00
6.564430005392348777e-01 3.983583111727367898e-01 1.000000000000000000e+00
2.117422813758162992e-02 3.069332009770086023e-01 0.000000000000000000e+00
3.954932080013995321e-01 2.692182467354085063e-01 0.000000000000000000e+00
6.346473987647600623e-01 8.353126755867078534e-01 1.000000000000000000e+00
8.553286798106691791e-01 1.846730989210483287e-01 0.000000000000000000e+00
5.695456227694115636e-01 7.218323990095408815e-01 1.000000000000000000e+00
7.320871326709610383e-01 7.696495830373554226e-01 1.000000000000000000e+00
2.273194326781889929e-01 5.451334985559862512e-01 0.000000000000000000e+00
1.760710641253614428e-01 1.297883157109618324e-01 0.000000000000000000e+00
4.134509477138573752e-01 8.483459972105831248e-01 0.000000000000000000e+00
1.553753420756276427e-02 7.229592559835049670e-01 1.000000000000000000e+00
6.741284101181577171e-04 3.405763880314290892e-01 0.000000000000000000e+00
9.901625944189055284e-01 3.361012056866524711e-01 0.000000000000000000e+00
1.138080964887728808e-01 7.163232682876500279e-01 0.000000000000000000e+00
4.168093660904679254e-01 7.551230438546895352e-01 1.000000000000000000e+00
1.342978766835845050e-01 4.812039601817574841e-02 0.000000000000000000e+00
7.065507752735200597e-01 6.242126991365767319e-01 1.000000000000000000e+00
8.099434026562625233e-01 1.597786450330829222e-01 0.000000000000000000e+00
7.313796134775873981e-02 7.661439767887674446e-01 0.000000000000000000e+00
9.434319157080077733e-01 3.633148018876352081e-01 0.000000000000000000e+00
5.596162124837560370e-01 3.813546264814093867e-01 1.000000000000000000e+00
5.682286052998782866e-01 2.516810390320713964e-01 1.000000000000000000e+00
3.314071972340802974e-01 4.061376588382868968e-01 0.000000000000000000e+00
4.342431414520986355e-02 8.250396551322611849e-01 0.000000000000000000e+00
6.352854889709840247e-01 8.222169300899176969e-01 1.000000000000000000e+00
8.511603398601720327e-01 6.516638104792246144e-01 1.000000000000000000e+00
5.094659626746935732e-01 8.819192334500800534e-01 1.000000000000000000e+00
9.927035735055877996e-02 1.948641729741228401e-01 0.000000000000000000e+00
4.048791823994966066e-01 6.158098807109311235e-01 1.000000000000000000e+00
1.636602139754805840e-01 8.388493041611535528e-01 0.000000000000000000e+00
3.867976858186183975e-04 3.869706485633751525e-01 0.000000000000000000e+00
3.135838675387241370e-01 8.775533862010399533e-01 0.000000000000000000e+00
7.363821734476726499e-01 8.837290680205649451e-01 0.000000000000000000e+00
6.513331663329332555e-01 7.667292177843070267e-01 1.000000000000000000e+00
4.008485887463516528e-01 3.049298429946856182e-01 0.000000000000000000e+00
3.226533556929864766e-01 1.156005776071951097e-01 0.000000000000000000e+00
1.462720389338945104e-02 9.149715342101497617e-01 0.000000000000000000e+00
9.094045871794975699e-02 6.139523782749567449e-01 1.000000000000000000e+00
8.787137659744985729e-01 4.693894334746266939e-01 0.000000000000000000e+00
6.702198444206819428e-02 6.316988313473878014e-01 1.000000000000000000e+00
9.252786071890124475e-01 1.083609564170237016e-01 0.000000000000000000e+00
9.817019517257644656e-01 3.829672377164147212e-01 0.000000000000000000e+00
7.353268873220168977e-01 5.703687867151809865e-01 1.000000000000000000e+00
9.172470923371152107e-01 3.565137040872978780e-01 0.000000000000000000e+00
9.096482494168659505e-01 6.138327876242797299e-01 1.000000000000000000e+00
5.879071560979501898e-01 8.487410574084502946e-01 1.000000000000000000e+00
7.381711531950795324e-01 5.931168606956565004e-01 1.000000000000000000e+00
7.116657048544072772e-02 2.206978394238404695e-01 0.000000000000000000e+00
6.649832964784350153e-01 7.712912205694074652e-01 1.000000000000000000e+00
6.664559934762706028e-01 7.986859475760328397e-01 1.000000000000000000e+00
2.609721856878760571e-01 2.796024728616874899e-02 0.000000000000000000e+00
8.525912244815665453e-01 5.811274902357251859e-01 1.000000000000000000e+00
9.166067350009278192e-01 1.882363558781002810e-01 0.000000000000000000e+00
6.707476794638866924e-01 8.606854957284396646e-01 1.000000000000000000e+00
1.717233925979589904e-01 4.206589881256150854e-01 0.000000000000000000e+00
9.016856336846437170e-01 4.607492915960813562e-01 0.000000000000000000e+00
9.650718392962097658e-01 7.556734543291689921e-01 0.000000000000000000e+00
9.797490796442093197e-01 7.598954690380842480e-01 0.000000000000000000e+00
1.059057737424535794e-01 2.176222270151616511e-01 0.000000000000000000e+00
1.446273994088949078e-01 2.167449687763026711e-01 0.000000000000000000e+00
6.286136139513126553e-01 4.216356043281371813e-01 1.000000000000000000e+00
6.059661758080576721e-01 2.038815495726982174e-01 0.000000000000000000e+00
3.778682283758343363e-01 9.069239231676720081e-01 0.000000000000000000e+00
9.139783202691758035e-01 2.917639723483614889e-01 0.000000000000000000e+00
1.882457653262844532e-01 4.412783958624314495e-01 0.000000000000000000e+00
1.828964139084591212e-01 5.465558728392567733e-01 0.000000000000000000e+00
2.081538248500550692e-01 3.230137691932090105e-01 0.000000000000000000e+00
3.717295876162898249e-01 5.167109236518758753e-01 1.000000000000000000e+00
6.813641071934418703e-01 5.247687611031084387e-01 1.000000000000000000e+00
6.660866637784090827e-03 6.224860445389558405e-01 1.000000000000000000e+00
9.249362331582015040e-01 9.540094193804340428e-01 0.000000000000000000e+00
2.645070689145200271e-01 4.186255903734826811e-01 0.000000000000000000e+00
6.969681376090990366e-01 8.343178121736132269e-01 1.000000000000000000e+00
2.453147345679074220e-02 5.826131710171308375e-01 1.000000000000000000e+00
6.863973801771061645e-03 7.138605901020554922e-01 1.000000000000000000e+00
1.582563426360973358e-01 7.409298469313668756e-01 0.000000000000000000e+00
2.352065206091669136e-01 5.321472915084825006e-01 0.000000000000000000e+00
6.180873827618147409e-01 6.324442433520751639e-01 1.000000000000000000e+00
2.974347764666829264e-01 4.756053841601211030e-01 0.000000000000000000e+00
1.948515142115361254e-01 5.825024634674252910e-01 0.000000000000000000e+00
1.297191042874901168e-01 3.399269399978552819e-01 0.000000000000000000e+00
5.730679462689306503e-01 5.216548263858403756e-01 1.000000000000000000e+00
8.677833308280210600e-01 9.127937095921327959e-01 0.000000000000000000e+00
2.017404789238029794e-01 4.715004393966683027e-01 0.000000000000000000e+00
4.258078555271755938e-01 2.052281322202140768e-01 0.000000000000000000e+00
4.671968982225830347e-01 3.680905944702478338e-01 1.000000000000000000e+00
6.357878774734427862e-01 9.887778518080894141e-01 0.000000000000000000e+00
2.415970253091470621e-01 2.422184796598567669e-01 0.000000000000000000e+00
4.454989678949399234e-01 4.642147196077680560e-01 1.000000000000000000e+00
1.049691049899007522e-01 8.490567054635724809e-01 0.000000000000000000e+00
2.119593614861980946e-02 4.566814678066429822e-01 1.000000000000000000e+00
1.970192131088469578e-01 7.570924654027645362e-01 0.000000000000000000e+00
9.599940979540958486e-01 1.398356696018835388e-01 0.000000000000000000e+00
2.449353916541663345e-03 5.951767252638033856e-01 1.000000000000000000e+00
4.809662698137856518e-01 4.416151601915569991e-01 1.000000000000000000e+00
9.730356827172955692e-01 6.887925328050726881e-01 0.000000000000000000e+00
9.029468000001079631e-01 7.437162510790967795e-01 0.000000000000000000e+00
5.383549305677148844e-01 2.268039001997297355e-01 0.000000000000000000e+00
6.819742098430575661e-01 2.999761589094518399e-02 1.000000000000000000e+00
9.021087905429294729e-01 3.614333021291988857e-01 0.000000000000000000e+00
9.549690846359619734e-01 2.005278345793579664e-01 0.000000000000000000e+00
3.447304010770624316e-01 5.714805019005945175e-01 1.000000000000000000e+00
3.311783510959054322e-02 5.391866795803529344e-01 1.000000000000000000e+00
8.677048779755188734e-01 6.360694758510154756e-02 0.000000000000000000e+00
5.531095928373247483e-01 8.128497458676459120e-01 1.000000000000000000e+00
1.414151953489355407e-01 1.721282582716654463e-02 0.000000000000000000e+00
8.870021403815441241e-01 7.129738412455706165e-01 0.000000000000000000e+00
4.077955073941257336e-01 1.074162167488773578e-01 0.000000000000000000e+00
3.818009260695086615e-01 8.717035661103333943e-02 0.000000000000000000e+00
9.024197505195922231e-01 6.046559675216672813e-01 1.000000000000000000e+00
7.226747227994665401e-01 9.832469444900865385e-01 0.000000000000000000e+00
4.320749539621991930e-01 6.298500319650289780e-01 1.000000000000000000e+00
9.353071057326094451e-01 8.673507543092399130e-01 0.000000000000000000e+00
5.681586273130395659e-01 5.017819170086714742e-01 1.000000000000000000e+00
8.889267289201095990e-01 9.810161276975026823e-01 0.000000000000000000e+00
5.204817463122812793e-02 3.906723496962979381e-01 0.000000000000000000e+00
6.362095408615644487e-01 7.252950410142395832e-01 1.000000000000000000e+00
9.448704935010793227e-01 6.081037509509231720e-01 1.000000000000000000e+00
6.827045906849593671e-02 5.901795318749993857e-01 1.000000000000000000e+00
7.520563102366472075e-01 5.960149355934314386e-01 1.000000000000000000e+00
3.474069390586757011e-01 6.727414229851383931e-01 1.000000000000000000e+00
4.613648070375125920e-01 2.630693004962352255e-01 0.000000000000000000e+00
8.822280720514474872e-02 5.647167924101755832e-01 1.000000000000000000e+00
3.299759913501836284e-01 7.250812470122480757e-02 0.000000000000000000e+00
5.358499277152241058e-01 8.662560077544061432e-01 1.000000000000000000e+00
5.907334352607002126e-01 6.331938836518784530e-01 1.000000000000000000e+00
8.749489420523559602e-01 4.101728764658101323e-01 0.000000000000000000e+00
7.079577930625491344e-02 1.986004150576524685e-01 0.000000000000000000e+00
7.352001446214609937e-01 8.566033931753055386e-01 0.000000000000000000e+00
2.131057122318237296e-01 8.727995564754278401e-01 0.000000000000000000e+00
8.463109373061444840e-01 9.835098663319807866e-02 0.000000000000000000e+00
9.118655142353248033e-01 1.480780816845495007e-01 0.000000000000000000e+00
1.051079609984778562e-01 8.744199569777153513e-01 0.000000000000000000e+00
1.762791176206331967e-01 6.040957557098900477e-01 1.000000000000000000e+00
1.358353092952769847e-01 2.184239041758795352e-01 0.000000000000000000e+00
5.616720899294531666e-01 2.249375628666454574e-01 1.000000000000000000e+00
2.286443897016485760e-01 5.906793992123753334e-01 1.000000000000000000e+00
6.244395681949720389e-01 8.476896059688324714e-01 1.000000000000000000e+00
9.951140939675107155e-02 4.376656500965154795e-01 0.000000000000000000e+00
2.530485534536833780e-01 3.194146281708140078e-01 0.000000000000000000e+00
7.759228104140569737e-01 6.723302134834658883e-01 1.000000000000000000e+00
2.345614622173852748e-02 4.845686972253115954e-02 0.000000000000000000e+00
3.000807206896169976e-01 6.158315315287434810e-01 1.000000000000000000e+00
7.368357032775395554e-01 2.446003292691795172e-01 0.000000000000000000e+00
1.370482907423585806e-01 9.167565566035288382e-01 0.000000000000000000e+00
2.289298855662775800e-01 4.288118529357086706e-01 0.000000000000000000e+00
8.541822429276445527e-01 6.923960289554631498e-02 0.000000000000000000e+00
6.240019375757200892e-01 1.958208844575415331e-02 1.000000000000000000e+00
8.054822963955468040e-01 2.904597790852154748e-01 0.000000000000000000e+00
1.275340605209289713e-01 9.400764794082403508e-01 0.000000000000000000e+00
3.054297764287056127e-01 5.339075936646153764e-01 1.000000000000000000e+00
3.180144048053117345e-01 4.552647587525852080e-01 0.000000000000000000e+00
5.000363096089955883e-01 9.672145927751355510e-01 0.000000000000000000e+00
2.110051938689825324e-01 8.344820872308692516e-01 0.000000000000000000e+00
9.463012339746287305e-01 5.138114833001740100e-01 0.000000000000000000e+00
6.464362389411196785e-01 6.610641745053283946e-01 1.000000000000000000e+00
2.358317674104429829e-01 6.363364239599941241e-01 0.000000000000000000e+00
9.811022814743107778e-01 7.024120858811205848e-01 0.000000000000000000e+00
2.590224339982276636e-01 7.524067939032333951e-01 0.000000000000000000e+00
9.723363303449151784e-01 7.334516388402992915e-01 0.000000000000000000e+00
7.313067488458202536e-01 5.088363875603598707e-01 1.000000000000000000e+00
3.826013517592163904e-02 1.907176304793131161e-01 0.000000000000000000e+00
7.222382020667771352e-01 8.993610550303425821e-01 0.000000000000000000e+00
6.716665649448056996e-01 4.538745222083613307e-01 1.000000000000000000e+00
4.515192419148281733e-01 5.569975836047273976e-01 1.000000000000000000e+00
9.790888832564904609e-01 6.265514994021673667e-01 0.000000000000000000e+00
2.368662532353310590e-01 8.973235406605046816e-01 0.000000000000000000e+00
8.147917562548451231e-01 7.465494876725463635e-01 1.000000000000000000e+00
1.431104194041110667e-01 2.501651729040699212e-01 0.000000000000000000e+00
6.018124914762605915e-01 9.987452907381392242e-01 1.000000000000000000e+00
7.701252611575480911e-01 5.943453591248747392e-01 1.000000000000000000e+00
3.546452444964417472e-01 8.707746579334905146e-01 0.000000000000000000e+00
3.568304121811104457e-01 4.933606592536154967e-01 1.000000000000000000e+00
4.422548449898446865e-01 7.702895708330345093e-01 1.000000000000000000e+00
1.516563750847350622e-01 5.718153857805696738e-02 0.000000000000000000e+00
8.746740081755510765e-02 5.888658842132665772e-02 0.000000000000000000e+00
8.518413880236992419e-01 2.578194400633515571e-02 0.000000000000000000e+00
6.175642328368192713e-01 2.112946164942075544e-02 1.000000000000000000e+00
9.258345694879921428e-01 4.254732792419080312e-01 0.000000000000000000e+00
9.674007474366547177e-01 8.695128715669266928e-01 0.000000000000000000e+00
6.348048338634650900e-01 2.715310074414974961e-01 1.000000000000000000e+00
1.699151688970194085e-01 6.762592737166696066e-01 0.000000000000000000e+00
3.639381994266366327e-01 4.542971659473208357e-01 1.000000000000000000e+00
7.885672947280591982e-01 2.228697955397961339e-01 0.000000000000000000e+00
4.113510761489713730e-02 4.334124561169014900e-01 0.000000000000000000e+00
7.552645161398550133e-01 5.356035218203532011e-01 1.000000000000000000e+00
4.859256722864894185e-01 4.518044507039901125e-01 1.000000000000000000e+00
7.585000581477169268e-01 9.474720613860186935e-01 0.000000000000000000e+00
1.512296834304568405e-01 6.520240373377469423e-01 0.000000000000000000e+00
6.502153048292965698e-01 1.135711217663060157e-02 1.000000000000000000e+00
9.428150277369161669e-01 7.049539944535880842e-01 0.000000000000000000e+00
6.314208793409251674e-01 9.760459870014117634e-01 0.000000000000000000e+00
3.976158031587351260e-02 8.922020568143110841e-01 0.000000000000000000e+00
7.541399566360107443e-01 3.560872471225139391e-01 0.000000000000000000e+00
8.979041939738875433e-01 6.353934133691072628e-01 1.000000000000000000e+00
5.852639274947291081e-02 5.241916048494854596e-01 1.000000000000000000e+00
6.143121791303889356e-01 1.749099667667231017e-04 1.000000000000000000e+00
5.004888300528173017e-01 7.405931561883329906e-01 1.000000000000000000e+00
5.387225061622944455e-01 7.627522662924538510e-01 1.000000000000000000e+00
5.997810577258766429e-02 7.779808628357208766e-01 0.000000000000000000e+00
5.169864889488102744e-01 3.459855209310935820e-01 1.000000000000000000e+00
3.858892945760559190e-01 2.490730395993607793e-01 0.000000000000000000e+00
1.293733081852710409e-02 5.572419726861024269e-01 1.000000000000000000e+00
5.990199221394433282e-01 7.853504596311970953e-01 1.000000000000000000e+00
4.215341393692401128e-01 3.132084089583903053e-01 0.000000000000000000e+00
1.242435698486313855e-01 4.395254987254233470e-01 0.000000000000000000e+00
6.065701766327922240e-01 3.882015368187884397e-01 1.000000000000000000e+00
6.648084329672276915e-02 6.410867151887400528e-01 1.000000000000000000e+00
8.453005384324243643e-01 3.817274443645116699e-01 0.000000000000000000e+00
4.718267275206532441e-01 8.481629636507179715e-01 1.000000000000000000e+00
7.596128598118178088e-01 3.574372658241409262e-02 0.000000000000000000e+00
7.462190536414743391e-01 3.878640346526925908e-01 1.000000000000000000e+00
3.035329859772150085e-01 6.017510241202055354e-01 1.000000000000000000e+00
1.252817204681871965e-01 7.387774796531587640e-01 0.000000000000000000e+00
3.760581633669570767e-01 9.320386926191075450e-01 0.000000000000000000e+00
5.109875333117980256e-01 2.845761208430611644e-01 1.000000000000000000e+00
9.814427080990150154e-01 1.636911593611566351e-01 0.000000000000000000e+00
1.784933109751342117e-01 4.466829540514506425e-01 0.000000000000000000e+00
5.881446016369014096e-01 6.264407439556193280e-01 1.000000000000000000e+00
4.256719632852472568e-01 7.291233484640031737e-01 1.000000000000000000e+00
7.300094782641813884e-01 5.445220037461284690e-03 1.000000000000000000e+00
8.365438917004202057e-01 7.564095774757635393e-01 0.000000000000000000e+00
9.503832265187961426e-02 1.326196029353253758e-01 0.000000000000000000e+00
8.843297627802756411e-01 7.775871542251379109e-01 0.000000000000000000e+00
6.533555606892148537e-01 8.707807647637931803e-01 1.000000000000000000e+00
3.447595158844402041e-01 8.416006154434603204e-01 0.000000000000000000e+00
4.107697668189378426e-01 3.364100124375987155e-01 0.000000000000000000e+00
2.195989636952011548e-01 7.127534240788979680e-01 0.000000000000000000e+00
4.075816523188718898e-01 2.900517515737840446e-01 0.000000000000000000e+00
3.413614811442009511e-01 9.131999339919552039e-01 0.000000000000000000e+00
2.931286049938296445e-01 3.737196355344089005e-01 0.000000000000000000e+00
3.452028778437454815e-02 4.995250264317289135e-01 1.000000000000000000e+00
8.362756464935822143e-01 6.766685592267855931e-01 1.000000000000000000e+00
5.375425541331572132e-01 8.158043875488608654e-01 1.000000000000000000e+00
4.093237272032730356e-01 3.493478991163379010e-01 0.000000000000000000e+00
2.994562352461062060e-01 3.917747946870677733e-01 0.000000000000000000e+00
8.590689162162166159e-01 2.080746443270291568e-01 0.000000000000000000e+00
1.791286082998534424e-01 7.425831437785753719e-01 0.000000000000000000e+00
1.300277600599564209e-02 7.393370857216631231e-01 1.000000000000000000e+00
9.139838171174660131e-01 3.282937036935200670e-01 0.000000000000000000e+00
9.160481137626509396e-01 4.826709353614614395e-01 0.000000000000000000e+00
9.224915163188677214e-01 9.585630816647995323e-01 0.000000000000000000e+00
3.620633985394552390e-01 6.594272731849150082e-01 1.000000000000000000e+00
7.526159112514309024e-01 3.293526113081993723e-01 0.000000000000000000e+00
8.256755278480978344e-01 6.841641391682390383e-01 1.000000000000000000e+00
6.341000177481794786e-01 7.395528040687683324e-01 1.000000000000000000e+00
2.974540703057421132e-01 8.262768534011109001e-01 0.000000000000000000e+00
7.455985508157807473e-01 8.874141960451631395e-02 0.000000000000000000e+00
7.799944633311599596e-01 9.409442941768920710e-01 0.000000000000000000e+00
4.008759200832779923e-01 2.651584018525370290e-01 0.000000000000000000e+00
8.793533047591058915e-01 3.422288328241920308e-01 0.000000000000000000e+00
4.943905979150057250e-01 4.822491402854134357e-01 1.000000000000000000e+00
4.061606214950630456e-02 3.225455109835230205e-01 0.000000000000000000e+00
3.528483426138409040e-01 3.951191874050650199e-01 0.000000000000000000e+00
4.014655893820917587e-02 8.429220668834678243e-01 0.000000000000000000e+00
8.894073654277405705e-01 6.352587236181566066e-01 1.000000000000000000e+00
6.730075599714691048e-01 9.665683116532777230e-01 0.000000000000000000e+00
8.769168043296936554e-01 2.655362960489063839e-01 0.000000000000000000e+00
5.698384106243766789e-01 5.898985028012250220e-01 1.000000000000000000e+00
9.077831506767839453e-01 9.493891531997286082e-01 0.000000000000000000e+00
3.094249610473500667e-01 9.724051135880088514e-01 0.000000000000000000e+00
8.125122719811139760e-01 3.856668011094602777e-01 0.000000000000000000e+00
1.537102753778895048e-01 6.216274530462277959e-01 1.000000000000000000e+00
1.732075763465312779e-02 1.275818207738674825e-01 0.000000000000000000e+00
9.872869630685426889e-01 3.348808067794872834e-01 0.000000000000000000e+00
3.922485765205616648e-01 4.710240259622843206e-01 1.000000000000000000e+00
7.431131547151332839e-01 2.853935088513462892e-01 0.000000000000000000e+00
6.025132778738673256e-01 3.208892401781504589e-02 1.000000000000000000e+00
1.665398555788323298e-01 2.585094220551856781e-01 0.000000000000000000e+00
4.019832230311104482e-01 1.600530938041206941e-01 0.000000000000000000e+00
2.715450841664793780e-01 2.894720076224353011e-01 0.000000000000000000e+00
4.590135853841675884e-01 8.851958425235394445e-01 0.000000000000000000e+00
4.091256222131828268e-01 4.847754292427630674e-02 0.000000000000000000e+00
1.058391485824692335e-01 2.385945879067944420e-01 0.000000000000000000e+00
9.826556813014734049e-01 3.202226351894569278e-01 0.000000000000000000e+00
6.800602254268349744e-01 5.816944313483427553e-01 1.000000000000000000e+00
5.426806862643724916e-01 9.886456052583812992e-01 0.000000000000000000e+00
6.625099092903218301e-01 6.893659516954941946e-01 1.000000000000000000e+00
3.357936133781819210e-01 7.862121168474721644e-01 0.000000000000000000e+00
3.695937892908347511e-01 8.804911639440706761e-01 0.000000000000000000e+00
4.413841291550382184e-01 3.232895357682299409e-01 0.000000000000000000e+00
5.930371633757519634e-01 9.758149866977156028e-01 1.000000000000000000e+00
6.523071307925940587e-01 5.367261428008444080e-01 1.000000000000000000e+00
1.073581928051892120e-01 3.991004836166971437e-01 0.000000000000000000e+00
6.323655543239498078e-01 8.599278087194706099e-02 1.000000000000000000e+00
4.861483500986440998e-01 3.555761421155260171e-01 1.000000000000000000e+00
2.893188125417852641e-01 6.678250278879876989e-01 1.000000000000000000e+00
4.804600017936839773e-01 6.831956780986752076e-01 1.000000000000000000e+00
5.096528613432769195e-01 3.376668538298055466e-01 1.000000000000000000e+00
7.311219959241413990e-01 8.901366056148897199e-01 0.000000000000000000e+00
2.320566686638414478e-02 4.559016584827986218e-01 1.000000000000000000e+00
2.474969859467893718e-01 4.291380351418684347e-01 0.000000000000000000e+00
1.689453949466236393e-01 8.158485106714682411e-01 0.000000000000000000e+00
5.438137900434237837e-01 7.891632774607776346e-01 1.000000000000000000e+00
9.351894052654970979e-01 6.863551463446303513e-01 0.000000000000000000e+00
3.561656495756950758e-01 1.075064371188392265e-01 0.000000000000000000e+00
8.057073567670239855e-01 1.008784096779014039e-01 0.000000000000000000e+00
6.904771405681013885e-01 1.082960219726726292e-01 0.000000000000000000e+00
7.358384551266903273e-01 3.244679801718880485e-01 0.000000000000000000e+00
2.644106724915736839e-01 9.262679856664165490e-01 0.000000000000000000e+00
3.171175525897175218e-01 8.668357549054706013e-01 0.000000000000000000e+00
1.676805876608495893e-01 4.086326221056630903e-01 0.000000000000000000e+00
8.871494203884097152e-01 4.030343348375349244e-01 0.000000000000000000e+00
7.129548264302656424e-01 6.914883539549543379e-01 1.000000000000000000e+00
3.048537001379170164e-02 8.036820114024526562e-01 0.000000000000000000e+00
3.397695678278352949e-01 9.275735236925708449e-02 0.000000000000000000e+00
7.315521265010653806e-01 4.858292646397299741e-01 1.000000000000000000e+00
9.690578233317330703e-01 6.505175666482866381e-01 0.000000000000000000e+00
1.461906409368437521e-01 6.297909814066782186e-01 1.000000000000000000e+00
7.392993340102371747e-01 6.116594016486981422e-01 1.000000000000000000e+00
9.243515103776850372e-01 7.953537290713531549e-01 0.000000000000000000e+00
5.080255987739027423e-01 4.736540786867786679e-01 1.000000000000000000e+00
4.313110460470939156e-01 2.151120991389915416e-01 0.000000000000000000e+00
1.801141502559016061e-01 1.971642169482512585e-01 0.000000000000000000e+00
1.067759364974876224e-01 9.211717562976943219e-01 0.000000000000000000e+00
5.275228082666956197e-01 4.641028980585896191e-01 1.000000000000000000e+00
7.684434470278503904e-01 1.159985720486957916e-01 0.000000000000000000e+00
7.717356604192686653e-01 7.473514745390439362e-01 1.000000000000000000e+00
6.056574773203058371e-01 8.351899198324177487e-01 1.000000000000000000e+00
7.643818653012697251e-01 7.312212698278800493e-01 1.000000000000000000e+00
6.994013553316182907e-01 6.869160810099547154e-01 1.000000000000000000e+00
4.098307366690079334e-01 7.952278137131225666e-01 1.000000000000000000e+00
5.628116314017282962e-01 2.133938688412081452e-01 0.000000000000000000e+00
2.147432477989407174e-01 7.984850310639810544e-01 0.000000000000000000e+00
4.808512981822319343e-01 5.728645845124359370e-01 1.000000000000000000e+00
8.016339990206804433e-01 7.476304439132251956e-01 1.000000000000000000e+00
9.695350520863519339e-01 1.175501664440783411e-01 0.000000000000000000e+00
6.406915478871225700e-01 6.642446334262743779e-01 1.000000000000000000e+00
1.683854028551883264e-01 9.293116739090406808e-01 0.000000000000000000e+00
3.695416785877997379e-01 1.732441300942130225e-01 0.000000000000000000e+00
6.996986688936184251e-01 5.179736483697205962e-02 1.000000000000000000e+00
8.837789666082862539e-01 7.501066783052393605e-01 0.000000000000000000e+00
4.149519459929709164e-01 4.252327342267436805e-02 0.000000000000000000e+00
2.022625141189549058e-01 3.783638628771518464e-01 0.000000000000000000e+00
6.003110577114462165e-01 7.839971315583189604e-01 1.000000000000000000e+00
2.577799813538005358e-01 5.356866154059448659e-01 1.000000000000000000e+00
7.614496261173263614e-01 5.435955117062524211e-01 1.000000000000000000e+00
9.281300560436737124e-01 6.970861029281419929e-01 0.000000000000000000e+00
2.227579791652887220e-01 8.352256686843381184e-01 0.000000000000000000e+00
6.833897568306029902e-01 2.569181537225073697e-01 0.000000000000000000e+00
5.980588413224612321e-01 6.926907073975050455e-01 1.000000000000000000e+00
7.323620780029429511e-01 3.463360306299970715e-01 1.000000000000000000e+00
1.036613721886677775e-01 2.551161927055545231e-02 0.000000000000000000e+00
8.494306308640515724e-01 5.005419990923932749e-01 1.000000000000000000e+00
3.882132849187784895e-01 2.609270234747692596e-01 0.000000000000000000e+00
6.708824150598489133e-01 9.500722288814533734e-02 1.000000000000000000e+00
3.135563158352306923e-01 7.935405380432508649e-01 0.000000000000000000e+00
1.992040074156135043e-01 5.415876438461849629e-01 0.000000000000000000e+00
1.978189390490467936e-01 9.692033650669301670e-01 0.000000000000000000e+00
2.938795237393280191e-01 8.972539244094724920e-01 0.000000000000000000e+00
8.921367327451867890e-02 2.514831117218740975e-01 0.000000000000000000e+00
5.812424060977265938e-01 4.888101996837757035e-02 1.000000000000000000e+00
8.994125105210664106e-01 2.846199216070504079e-01 0.000000000000000000e+00
5.670253785536221169e-01 3.349698291959327667e-01 1.000000000000000000e+00
3.207242270363963588e-02 2.781795088590156562e-01 0.000000000000000000e+00
4.382454128776884783e-01 2.660224707370585362e-01 0.000000000000000000e+00
7.398456566888693686e-01 2.863636438697529929e-01 0.000000000000000000e+00
1.268485769475768965e-02 3.319692739590894837e-01 0.000000000000000000e+00
8.454732317517728024e-01 5.125593873094754782e-01 1.000000000000000000e+00
9.535969262728897222e-01 9.183792415044840229e-01 0.000000000000000000e+00
2.498714544201334764e-01 4.812070088956007519e-01 0.000000000000000000e+00
6.380439497754392120e-01 1.924103427971125546e-01 0.000000000000000000e+00
2.553876878697591835e-02 4.987760749252306836e-01 1.000000000000000000e+00
3.831958685270482334e-01 9.987143101243991516e-01 0.000000000000000000e+00
3.689647491342589181e-01 6.848438399964815737e-01 1.000000000000000000e+00
9.893642973240882599e-01 3.473130206063704817e-01 0.000000000000000000e+00
5.128123761421934379e-01 4.649408242060415475e-02 1.000000000000000000e+00
3.422876953020640434e-01 5.300272082587810241e-01 1.000000000000000000e+00
9.959300346638649826e-01 1.728387041419853221e-01 0.000000000000000000e+00
4.179729815384041203e-01 1.034934330779242462e-01 0.000000000000000000e+00
9.174116296603926912e-01 1.769823277017534835e-01 0.000000000000000000e+00
5.411339534226256021e-01 6.667469029253030310e-01 1.000000000000000000e+00
2.686512950966513102e-02 6.118419780034759503e-01 1.000000000000000000e+00
1.887683419331216417e-01 4.221235933177233113e-01 0.000000000000000000e+00
6.885106872031564462e-01 5.587614510037478555e-01 1.000000000000000000e+00
5.187579287540531325e-01 3.494022458038411605e-01 1.000000000000000000e+00
5.691656765350612268e-01 5.072899042574109396e-01 1.000000000000000000e+00
8.754885444017027618e-01 9.820972004432300118e-01 0.000000000000000000e+00
5.993032452246718211e-01 5.095046436420122005e-01 1.000000000000000000e+00
9.934034609820050488e-01 4.113636571823172661e-01 0.000000000000000000e+00
4.761635944202070592e-01 8.246060588308065098e-01 1.000000000000000000e+00
2.775414362651559275e-01 7.278447743620922727e-01 0.000000000000000000e+00
7.578615420757377485e-01 4.597090723378839394e-01 1.000000000000000000e+00
8.374228865538206890e-01 4.742924062145149611e-01 1.000000000000000000e+00
8.520714538051156195e-01 9.732160169955041962e-01 0.000000000000000000e+00
1.530978889784834207e-01 9.125911129200202643e-01 0.000000000000000000e+00
5.909473351833007815e-01 1.032199895269950707e-01 1.000000000000000000e+00
7.197185751192418657e-01 9.386854857879887160e-01 0.000000000000000000e+00
8.771088051487349047e-01 2.579521818939287670e-01 0.000000000000000000e+00
5.322667309391984070e-01 7.489531786314381767e-01 1.000000000000000000e+00
5.349506267198789189e-02 9.945434689261520855e-01 0.000000000000000000e+00
6.976968221913076862e-01 2.399445227592343910e-01 0.000000000000000000e+00
6.022062756209125567e-01 6.958588360895903158e-01 1.000000000000000000e+00
4.801510670983550888e-01 9.918911480678196391e-01 0.000000000000000000e+00
7.238713723579104364e-01 3.778727950324551887e-01 1.000000000000000000e+00
4.874595830642690641e-01 9.946962572035309424e-01 0.000000000000000000e+00
8.310151641137561995e-01 6.978768789204879974e-01 1.000000000000000000e+00
5.571850244792997398e-01 5.391938554993037647e-01 1.000000000000000000e+00
2.381624756554507893e-01 7.921681091703607347e-01 0.000000000000000000e+00
6.862103334119536990e-01 1.645943991002775109e-01 0.000000000000000000e+00
8.245093937799264916e-01 6.097238730814619201e-01 1.000000000000000000e+00
7.356316735798261730e-01 6.738663924460067678e-01 1.000000000000000000e+00
3.531132083731242099e-01 1.377427968084224963e-01 0.000000000000000000e+00
6.340617634860722385e-01 1.034602383342002607e-01 1.000000000000000000e+00
4.464012322991672832e-02 4.259473275242122714e-01 0.000000000000000000e+00
4.776787224688453515e-01 1.120964645384083802e-01 0.000000000000000000e+00
5.241601905842961928e-01 5.646830341126185537e-02 1.000000000000000000e+00
5.299669679167587910e-01 9.041802888943475391e-01 1.000000000000000000e+00
8.760429203720944136e-01 5.171128513249252379e-01 1.000000000000000000e+00
5.916217945914065135e-01 4.335673006868639989e-01 1.000000000000000000e+00
2.742758814977303006e-01 6.827459177266874679e-01 0.000000000000000000e+00
8.094371164155496068e-01 7.585679345390137218e-01 1.000000000000000000e+00
3.446230339923495034e-01 1.426250306571993365e-01 0.000000000000000000e+00
3.700019398754463840e-01 8.887398513689714896e-02 0.000000000000000000e+00
1.289908225584908141e-01 5.200271205351361115e-01 0.000000000000000000e+00
5.366746626952454413e-01 6.240339215696967257e-01 1.000000000000000000e+00
3.431450239202111785e-01 8.464000666934217154e-01 0.000000000000000000e+00
8.949991075925538553e-01 8.246353607416059273e-01 0.000000000000000000e+00
9.378827106780576184e-01 6.639258897867297282e-01 0.000000000000000000e+00
2.540821088774890546e-01 5.720416792840957720e-01 1.000000000000000000e+00
2.639436518891723482e-01 5.495934453872786118e-01 1.000000000000000000e+00
3.882379796304399333e-01 3.746385293654923565e-01 0.000000000000000000e+00
1.031497604057862727e-01 9.121931537660389333e-01 0.000000000000000000e+00
6.526654344988124246e-01 8.261349775633247683e-01 1.000000000000000000e+00
3.612224679905526870e-01 9.866446757507351117e-01 0.000000000000000000e+00
8.480988478183293378e-02 4.243405286503114660e-01 0.000000000000000000e+00
7.026106121027619889e-02 6.214780738873169064e-01 1.000000000000000000e+00
7.949715485989338193e-01 5.082135024673790635e-01 1.000000000000000000e+00
4.407779901574939707e-01 6.234582095244888267e-01 1.000000000000000000e+00
1.374706954022028027e-01 4.566569461186676948e-01 0.000000000000000000e+00
7.794097688278511793e-01 4.593581280518096444e-01 1.000000000000000000e+00
3.088770602135957333e-01 1.604794358541892230e-01 0.000000000000000000e+00
2.132874080959333840e-01 7.931395050401359725e-01 0.000000000000000000e+00
1.668524539401372575e-02 9.462087672263385096e-01 0.000000000000000000e+00
1.062400837123996800e-01 7.355204502974863612e-01 0.000000000000000000e+00
5.516768697189431414e-01 2.301269393840191801e-01 0.000000000000000000e+00
8.336928705114095006e-01 3.084238434710157017e-01 0.000000000000000000e+00
1.481506632549731695e-01 3.552067593875295470e-01 0.000000000000000000e+00
8.423855259063426359e-01 3.778767453226253847e-01 0.000000000000000000e+00
5.060110671421094164e-01 3.367769969705645128e-01 1.000000000000000000e+00
1.678911998171620512e-01 9.795115245872804133e-01 0.000000000000000000e+00
3.763208237852319060e-01 1.983137550108887703e-01 0.000000000000000000e+00
3.330330872431345179e-01 3.758256093014530341e-01 0.000000000000000000e+00
9.346963990454461024e-01 7.762022628007582137e-01 0.000000000000000000e+00
7.989619090574990867e-01 3.817742564598181065e-01 0.000000000000000000e+00
9.612766508766493745e-01 3.099756841789402806e-01 0.000000000000000000e+00
4.905811668075342746e-01 9.766828936822872231e-01 0.000000000000000000e+00
9.330654888837072169e-01 7.897276382667943739e-01 0.000000000000000000e+00
1.869576092168919734e-01 1.037681538251358226e-01 0.000000000000000000e+00
1.718989975820761629e-01 3.866942151897583280e-01 0.000000000000000000e+00
8.376247209025606821e-01 4.546595106619109039e-01 1.000000000000000000e+00
8.965605939050338424e-01 3.404474063849354248e-01 0.000000000000000000e+00
7.431726936818630058e-01 9.941092163966624984e-01 0.000000000000000000e+00
7.131968574869541611e-01 7.131884077658721122e-01 1.000000000000000000e+00
4.040877510139412321e-01 2.886852708903795417e-01 0.000000000000000000e+00
4.020056478527300747e-01 9.731870998425298236e-01 0.000000000000000000e+00
1.590935169661106263e-01 8.056123009442835992e-01 0.000000000000000000e+00
7.981139019254335221e-01 1.024934508330344052e-02 0.000000000000000000e+00
9.088416882772605287e-01 9.762006497159496643e-01 0.000000000000000000e+00
9.970438575687060601e-01 7.661024732767236500e-01 0.000000000000000000e+00
1.205096294427324688e-01 3.401032077684831290e-01 0.000000000000000000e+00
9.299935759815036729e-02 7.782072087422287066e-02 0.000000000000000000e+00
5.537309740041906903e-02 2.720244012298588254e-01 0.000000000000000000e+00
2.061056208125172651e-01 2.100389576094303656e-01 0.000000000000000000e+00
6.233425704871748962e-01 2.522151973139887815e-01 1.000000000000000000e+00
7.457870598880156354e-02 8.501182557153484920e-01 0.000000000000000000e+00
2.644360947361291680e-01 8.977706528578908163e-01 0.000000000000000000e+00
2.527319205899174470e-01 1.029857511298554185e-01 0.000000000000000000e+00
7.475753353377518895e-01 6.460131920690475038e-01 1.000000000000000000e+00
5.636889610531710115e-01 2.784426641149758686e-01 1.000000000000000000e+00
2.668289265766401464e-01 3.014288190193566974e-01 0.000000000000000000e+00
4.527182477312221565e-01 9.925477390531720623e-01 0.000000000000000000e+00
7.035194161872287966e-01 2.519948679442496342e-04 1.000000000000000000e+00
3.278489601642806672e-01 6.145496991183201363e-01 1.000000000000000000e+00
6.606447992847233053e-01 4.663528795699843910e-01 1.000000000000000000e+00
5.750364173267564771e-01 1.011142655842018900e-01 1.000000000000000000e+00
5.211552732562962920e-01 4.177745525309025654e-01 1.000000000000000000e+00
2.303512061313749415e-01 2.757153512158208031e-01 0.000000000000000000e+00
1.068899668829653704e-01 6.443649931814149356e-01 1.000000000000000000e+00
3.579370225504163727e-02 6.210272919231406563e-01 1.000000000000000000e+00
7.891992211028748816e-01 3.772480734321311813e-01 0.000000000000000000e+00
8.189429856846559552e-01 1.246084442583228480e-03 0.000000000000000000e+00
9.121762288764414528e-01 1.924040916077806029e-01 0.000000000000000000e+00
8.876056623264273471e-01 9.648208627903183121e-01 0.000000000000000000e+00
7.061891715928301227e-01 9.493972010378332049e-01 0.000000000000000000e+00
2.257730816840831656e-01 5.288659023367523471e-01 0.000000000000000000e+00
8.300686598457625021e-01 9.260653836743255596e-01 0.000000000000000000e+00
8.367222227995980699e-01 4.839152978168197450e-01 1.000000000000000000e+00
1.442993046202594165e-01 3.704794008912726255e-02 0.000000000000000000e+00
4.274564885799762015e-01 9.940853868494053946e-01 0.000000000000000000e+00
8.821822891237506292e-01 8.031661037186291763e-01 0.000000000000000000e+00
9.186084004711517759e-01 8.975978566449981377e-01 0.000000000000000000e+00
2.740565635722547189e-01 1.248561214927775831e-01 0.000000000000000000e+00
3.243889862727478146e-02 4.992738552881422764e-01 1.000000000000000000e+00
2.940761971445299272e-01 3.350481082461563842e-01 0.000000000000000000e+00
7.047428550938359404e-01 1.742197866165237086e-01 0.000000000000000000e+00
1.753058925953316916e-01 4.462694426475927179e-01 0.000000000000000000e+00
2.710521343426797181e-02 3.060940403213217031e-01 0.000000000000000000e+00
1.227809472941658875e-01 2.805028033733825144e-02 0.000000000000000000e+00
8.668138574446557776e-01 2.134116356077818688e-01 0.000000000000000000e+00
4.920050247535689980e-02 7.571708451325178668e-01 0.000000000000000000e+00
3.050031219314132125e-01 2.465892425712162828e-01 0.000000000000000000e+00
7.460886910029366215e-01 2.613927511948408444e-01 0.000000000000000000e+00
6.867137829546376970e-02 3.866544307172156136e-01 0.000000000000000000e+00
3.927191225129458285e-01 6.478910249356245599e-01 1.000000000000000000e+00
1.519367810094355287e-01 7.356062523360205052e-01 0.000000000000000000e+00
9.128615047997956644e-01 1.283409436653037972e-01 0.000000000000000000e+00
6.504417398848557630e-01 6.476607391974589234e-01 1.000000000000000000e+00
1.408046768271394855e-01 5.919132505694468804e-02 0.000000000000000000e+00
4.125667266886057227e-01 8.904297636801684623e-01 0.000000000000000000e+00
6.449867085226433927e-01 6.734555301489936197e-01 1.000000000000000000e+00
9.128446129033775946e-01 3.408361367406110842e-01 0.000000000000000000e+00
1.190743980199011620e-01 8.903737902204347243e-01 0.000000000000000000e+00
7.053941751187242648e-01 8.058346778359434248e-01 1.000000000000000000e+00
4.848189400732892951e-01 8.037427852057077438e-02 1.000000000000000000e+00
1.807815524529104989e-01 7.350376232166706547e-01 0.000000000000000000e+00
7.815741783494790651e-01 8.822948266998736910e-01 0.000000000000000000e+00
5.810770983522678401e-01 5.906725842071535171e-01 1.000000000000000000e+00
1.115272321469401584e-01 5.205486455522291278e-01 1.000000000000000000e+00
3.100526312361177039e-01 9.717718406149655763e-01 0.000000000000000000e+00
9.413225223051875368e-01 6.696883971055410667e-01 0.000000000000000000e+00
9.460011350937751473e-01 5.786171781977564876e-01 1.000000000000000000e+00
9.205583654197868615e-01 4.948943706557326072e-01 0.000000000000000000e+00
1.087544211402007299e-01 1.603512705698098006e-01 0.000000000000000000e+00
2.894245923807321486e-01 4.871333823998555967e-01 0.000000000000000000e+00
7.712930568627854866e-01 8.845289208688379423e-01 0.000000000000000000e+00
6.367589203552475041e-01 1.189836179929699700e-01 1.000000000000000000e+00
4.168270093458272818e-01 9.801267757141904902e-01 0.000000000000000000e+00
3.447001769815049022e-01 5.348491892207548615e-01 1.000000000000000000e+00
4.685948451319654762e-01 7.431018370669840722e-01 1.000000000000000000e+00
2.637242952279778008e-01 1.801196543725839261e-01 0.000000000000000000e+00
4.751385108711273508e-01 8.371485849522825040e-01 1.000000000000000000e+00
9.273224310352019550e-01 6.371011498579858268e-01 1.000000000000000000e+00
3.157325974951408210e-02 6.879442382754585861e-01 1.000000000000000000e+00
5.355709469789005084e-01 4.799564824602913227e-01 1.000000000000000000e+00
1.223663413952643664e-01 8.654237619754509003e-01 0.000000000000000000e+00
8.783434595272956447e-01 9.535168802820994660e-01 0.000000000000000000e+00
3.367815672744789435e-01 6.947138742552677604e-01 1.000000000000000000e+00
8.072712580137342275e-01 5.985100913588367044e-01 1.000000000000000000e+00
8.318081961410448422e-01 3.126724459164839098e-01 0.000000000000000000e+00
6.113404313399294354e-01 4.420043402518677444e-01 1.000000000000000000e+00
1.918459492614545958e-01 9.129149031401483372e-01 0.000000000000000000e+00
4.847046149547314942e-01 9.269003652182371544e-01 0.000000000000000000e+00
6.591891888004370870e-01 8.544291270643522562e-02 1.000000000000000000e+00
1.034085742328172408e-01 4.686353387039081664e-01 0.000000000000000000e+00
3.838514528774210621e-01 5.132994263930242829e-01 1.000000000000000000e+00
1.825997498212933445e-01 7.186840300744821164e-01 0.000000000000000000e+00
8.134707383761287103e-01 8.924362105741292517e-01 0.000000000000000000e+00
8.695556737327311270e-01 7.128653501008985760e-02 0.000000000000000000e+00
7.620410541041444663e-02 2.850931268764067550e-02 0.000000000000000000e+00
3.017187783993010575e-01 6.008264413394480696e-01 1.000000000000000000e+00
4.791825623353761499e-01 8.650232944260658474e-01 1.000000000000000000e+00
3.382451652751212734e-01 8.550120722043141885e-02 0.000000000000000000e+00
1.729212670713753397e-01 6.718637665276359083e-01 0.000000000000000000e+00
9.731762761368845105e-02 6.549092675853100953e-01 1.000000000000000000e+00
9.457830540550468124e-01 1.207335045804397433e-01 0.000000000000000000e+00
1.322671644155245518e-01 5.896960600294151034e-01 1.000000000000000000e+00
9.968290847503110674e-01 2.826733187955616788e-01 0.000000000000000000e+00
3.364501874982724905e-01 9.196285577406029255e-01 0.000000000000000000e+00
1.101591284063608844e-01 4.622866223625653470e-01 0.000000000000000000e+00
1.820560656174501357e-01 1.902030131242619104e-01 0.000000000000000000e+00
5.470610802385430516e-01 9.626392366541908219e-01 0.000000000000000000e+00
7.899012192151907419e-01 4.543338745849421212e-01 1.000000000000000000e+00
3.366362288976763040e-01 6.796064662110162802e-01 1.000000000000000000e+00
5.331709066855415680e-01 6.245874666037500855e-01 1.000000000000000000e+00
2.424004408329154536e-01 2.225005362481622395e-01 0.000000000000000000e+00
6.465983039807665644e-01 1.544742710480605519e-01 0.000000000000000000e+00
4.773659158021666959e-01 9.508778621377785845e-01 0.000000000000000000e+00
8.069908779085385175e-01 6.055686278661764899e-01 1.000000000000000000e+00
6.609072586721835840e-01 6.953371046586631632e-02 1.000000000000000000e+00
2.376705202586582022e-02 4.526055268833220069e-01 1.000000000000000000e+00
5.914321301557714516e-01 7.030900303957855479e-01 1.000000000000000000e+00
2.153427336149187354e-01 8.887166771578784985e-01 0.000000000000000000e+00
8.674062031753726476e-01 6.075750946052724810e-01 1.000000000000000000e+00
4.563515005256606472e-01 3.700556080675414528e-01 1.000000000000000000e+00
1.459368252241097785e-01 2.797276733161672135e-01 0.000000000000000000e+00
5.233760069355954947e-01 8.001235169124585322e-01 1.000000000000000000e+00
9.470485266912453959e-01 2.665534222033594247e-02 0.000000000000000000e+00
9.046559520694537060e-01 3.814708134946060980e-01 0.000000000000000000e+00
9.543021845917798451e-01 9.582629183198920764e-02 0.000000000000000000e+00
1.341663034380766728e-01 6.466550065378441348e-01 1.000000000000000000e+00
7.450655958212613061e-01 6.994594611237040516e-01 1.000000000000000000e+00
7.433941319245043200e-01 3.808005810727166374e-02 1.000000000000000000e+00
6.226980420906228497e-01 5.547816774202840584e-01 1.000000000000000000e+00
8.450507948902290511e-01 4.810598075886510783e-01 1.000000000000000000e+00
9.793659384775440513e-01 6.202990374639019144e-01 0.000000000000000000e+00
7.928186117961768531e-01 5.484970913050827290e-01 1.000000000000000000e+00
6.576796585123776406e-01 7.137030796407896061e-01 1.000000000000000000e+00
5.004222769306362339e-01 4.309955041343016546e-03 1.000000000000000000e+00
9.036652786530765535e-01 9.812667331319749886e-01 0.000000000000000000e+00
2.069271470269440361e-01 1.909022014666860168e-01 0.000000000000000000e+00
5.818104805135329016e-01 7.793759533953408258e-01 1.000000000000000000e+00
8.313894225742839428e-01 7.433030376762608249e-01 0.000000000000000000e+00
3.951284473738291281e-01 9.022137459406904814e-01 0.000000000000000000e+00
6.300018185282538763e-01 5.178537743387082726e-01 1.000000000000000000e+00
5.946390129054494045e-01 3.999473366517771744e-01 1.000000000000000000e+00
3.301461459238944629e-01 1.423780026791217068e-01 0.000000000000000000e+00
1.641614189220921283e-01 9.606158772681993030e-01 0.000000000000000000e+00
3.178782572526347439e-01 5.459569174078316989e-01 1.000000000000000000e+00
1.500756416298681950e-01 1.531108190372634237e-01 0.000000000000000000e+00
1.290269918016406780e-02 4.208767613236853444e-01 1.000000000000000000e+00
4.019445067889425571e-01 9.488703377637133229e-01 0.000000000000000000e+00
1.828647924750681497e-02 4.060128061567510604e-01 0.000000000000000000e+00
8.523824090103545581e-01 3.548638835301247685e-01 0.000000000000000000e+00
1.606833838101098255e-01 7.309673447150965009e-01 0.000000000000000000e+00
9.182837865802633281e-01 9.339252855966834188e-01 0.000000000000000000e+00
3.016878306161778767e-01 9.411798902055278360e-01 0.000000000000000000e+00
4.520883589623756471e-01 8.637438048765759824e-01 0.000000000000000000e+00
2.543725169995761926e-01 5.802992141406572157e-01 1.000000000000000000e+00
8.123765012441351852e-01 8.567760230962224721e-01 0.000000000000000000e+00
7.232020403428607302e-01 4.469291643242335743e-01 1.000000000000000000e+00
2.476579849065579930e-01 2.563804399785147847e-01 0.000000000000000000e+00
5.278321269483442491e-01 9.361302875074304364e-01 0.000000000000000000e+00
9.588822980497032633e-01 4.144797801463878661e-01 0.000000000000000000e+00
2.636625019857020691e-01 7.913316072703454607e-01 0.000000000000000000e+00
3.253798520446887776e-01 8.642682463405692017e-01 0.000000000000000000e+00
3.232000021238079501e-02 6.748677159986146146e-01 1.000000000000000000e+00
1.365987153405596732e-01 4.502704156438714911e-01 0.000000000000000000e+00
9.919122872418514314e-01 1.626115773795639985e-01 0.000000000000000000e+00
9.349968026177535307e-01 9.560661671998106348e-01 0.000000000000000000e+00
6.647731729459019911e-01 2.708435297985122281e-01 0.000000000000000000e+00
7.230924215668433908e-01 5.719306671527002450e-01 1.000000000000000000e+00
2.952591501470283042e-01 4.873432235520231970e-01 0.000000000000000000e+00
9.173563456846028918e-01 8.726147082257007526e-01 0.000000000000000000e+00
5.662283363111251244e-01 3.702923521922668604e-01 1.000000000000000000e+00
6.051879000206942250e-01 7.561466337687267059e-01 1.000000000000000000e+00
9.963527522924061630e-01 5.051368987110225195e-01 0.000000000000000000e+00
8.624912199024417081e-01 5.775095713477593762e-01 1.000000000000000000e+00
5.764117393408202394e-01 2.712233215400406960e-01 1.000000000000000000e+00
8.247110970331489321e-01 5.994277258076188275e-01 1.000000000000000000e+00
5.142694586527685185e-01 1.805416191787722058e-01 0.000000000000000000e+00
9.754986465900837844e-01 6.946825043812054901e-03 0.000000000000000000e+00
9.344119020363861328e-02 1.718604607178962906e-01 0.000000000000000000e+00
6.000638278042597085e-01 4.565102810507547515e-01 1.000000000000000000e+00
7.555043727643973028e-01 3.319238065752778688e-01 0.000000000000000000e+00
4.913327596393515240e-01 6.901282678154377903e-01 1.000000000000000000e+00
6.079894781095245282e-01 2.407328351902727759e-01 1.000000000000000000e+00
1.881279388667150831e-01 2.257141117310577094e-01 0.000000000000000000e+00
8.652611738193737301e-01 6.842497645353509128e-01 1.000000000000000000e+00
1.469285187624876921e-01 2.855274760339018281e-01 0.000000000000000000e+00
5.408070977207769525e-01 2.885806889815909493e-01 1.000000000000000000e+00
1.689378378124805069e-01 6.756268257043530623e-01 0.000000000000000000e+00
5.019667996570793544e-01 4.141439965821058777e-01 1.000000000000000000e+00
8.958547691626541631e-01 9.054020715697131960e-01 0.000000000000000000e+00
3.143616228423267156e-01 4.840188261063416153e-01 1.000000000000000000e+00
4.317957421245507410e-01 4.666871404144152802e-01 1.000000000000000000e+00
5.544983700925549819e-01 9.452772018251721642e-01 1.000000000000000000e+00
3.136074213687103374e-01 7.686366085885912858e-01 0.000000000000000000e+00
8.287445928707325438e-01 9.695726616418226529e-01 0.000000000000000000e+00
7.513210416386095769e-02 1.349689724049841777e-01 0.000000000000000000e+00
5.953699773276458496e-01 5.354529955057970581e-01 1.000000000000000000e+00
8.890479156599814248e-01 1.078359545326068591e-01 0.000000000000000000e+00
8.755699382746197079e-01 3.698422586055536421e-01 0.000000000000000000e+00
6.400681871484219521e-01 2.226811544401524623e-01 0.000000000000000000e+00
4.612152464671487317e-01 2.783956082139900090e-01 0.000000000000000000e+00
1.387400523730426549e-01 9.046238618393812603e-01 0.000000000000000000e+00
3.755825453298927696e-01 5.758440417360510821e-04 0.000000000000000000e+00
2.472696923832183868e-01 6.635762656233740175e-01 0.000000000000000000e+00
4.197207720406709308e-01 2.424775092427757794e-01 0.000000000000000000e+00
7.718483092408466861e-01 5.167406893027055581e-01 1.000000000000000000e+00
7.739397707389696901e-01 3.432383391727954480e-01 0.000000000000000000e+00
6.645679688557192266e-01 5.851699236684829719e-01 1.000000000000000000e+00
5.754003310631506940e-01 1.101152158769079792e-01 1.000000000000000000e+00
8.347193777310250029e-01 3.413717540152199081e-01 0.000000000000000000e+00
4.436548005636082870e-01 9.565490143908692566e-01 0.000000000000000000e+00
2.055385147560405690e-01 8.595360504481115438e-01 0.000000000000000000e+00
4.298424145544290642e-01 4.205109290718267445e-02 0.000000000000000000e+00
5.406780315371310097e-01 8.659108226993034174e-01 1.000000000000000000e+00
1.105632582219527871e-01 3.201225674250751663e-02 0.000000000000000000e+00
2.116930889486057232e-01 7.043848071381991760e-01 0.000000000000000000e+00
1.114327608707595951e-01 1.106015084441328566e-01 0.000000000000000000e+00
8.204543537305366563e-01 1.321017065195728701e-01 0.000000000000000000e+00
9.458355606141798377e-01 7.483721198863291235e-01 0.000000000000000000e+00
4.381434073333123624e-02 9.128410339652521799e-01 0.000000000000000000e+00
4.674243158308516444e-01 2.217944246397510755e-01 0.000000000000000000e+00
8.973438436804981322e-02 8.172411454179610013e-01 0.000000000000000000e+00
9.350491674281312671e-01 7.467484091782800038e-01 0.000000000000000000e+00
8.389151651815651700e-02 5.310510789926148334e-01 1.000000000000000000e+00
8.830799240392291916e-01 1.841080075541532413e-01 0.000000000000000000e+00
1.151065067032035483e-01 2.548422543126938056e-02 0.000000000000000000e+00
5.860197107959104201e-01 8.049264285431712018e-01 1.000000000000000000e+00
6.464542277559337524e-01 8.734802646992511077e-01 1.000000000000000000e+00
7.083129267012340247e-01 7.578197149312140279e-01 1.000000000000000000e+00
9.083569508576014861e-01 3.517028782215492200e-01 0.000000000000000000e+00
4.847411029725265941e-01 5.055149317858173008e-01 1.000000000000000000e+00
1.919257963760756525e-02 5.599370224423086961e-01 1.000000000000000000e+00
7.404675767548742904e-01 2.418051163276651039e-01 0.000000000000000000e+00
1.100777016387521900e-01 4.517806755666284868e-01 0.000000000000000000e+00
4.277929296103156753e-01 2.583747548364515589e-01 0.000000000000000000e+00
5.778650529718607487e-01 4.460024104464276329e-01 1.000000000000000000e+00
1.595983628314217029e-01 1.081711163449666779e-01 0.000000000000000000e+00
9.055230302550358878e-01 1.428626345656197616e-01 0.000000000000000000e+00
2.624963997211789968e-01 3.924017386447120614e-01 0.000000000000000000e+00
3.271555635823015784e-01 2.275210589076697154e-01 0.000000000000000000e+00
4.992130975841037044e-01 9.171968764181370748e-01 0.000000000000000000e+00
9.426067432171199023e-01 4.920710095259829275e-01 0.000000000000000000e+00
7.825553130402317370e-01 2.785610670385093579e-01 0.000000000000000000e+00
1.570216344716767187e-01 1.814197656289096017e-01 0.000000000000000000e+00
8.722943026982189485e-01 6.046163203648634576e-01 1.000000000000000000e+00
9.827438612712168231e-01 9.589442265073258032e-01 0.000000000000000000e+00
8.830019718855380839e-01 6.182910887227499597e-01 1.000000000000000000e+00
7.891298735241031315e-01 6.911660484146209260e-01 1.000000000000000000e+00
5.432301329696693770e-01 8.996931257289503270e-01 1.000000000000000000e+00
9.970814415537543329e-01 7.540685449624086045e-01 0.000000000000000000e+00
7.367939624873794946e-01 1.321529892620512125e-01 0.000000000000000000e+00
5.555116672944887535e-01 5.419679812243330952e-01 1.000000000000000000e+00
1.858259152156893634e-02 8.742657283509801536e-01 0.000000000000000000e+00
7.053108316901954833e-01 5.418519256386989946e-01 1.000000000000000000e+00
3.407220608594661027e-01 7.585983408226805169e-01 0.000000000000000000e+00
5.325751073316581374e-01 6.789317402157653003e-01 1.000000000000000000e+00
4.255977809818194402e-01 8.476072930796951788e-01 0.000000000000000000e+00
7.719424988569202339e-01 3.290246845903709305e-01 0.000000000000000000e+00
2.761856764208703297e-01 1.728058783274264432e-01 0.000000000000000000e+00
3.693015142434180609e-01 5.014232517648816723e-01 1.000000000000000000e+00
9.479418486389065146e-01 7.743125294147376048e-01 0.000000000000000000e+00
1.919181670382031912e-01 3.928782144303752943e-01 0.000000000000000000e+00
4.017699320094993976e-01 9.020398869878382131e-01 0.000000000000000000e+00
3.136087642332529013e-01 5.901409494883069762e-01 1.000000000000000000e+00
1.732105161510544278e-02 7.212351752767827140e-01 1.000000000000000000e+00
9.554219219970604415e-01 7.563038668949385590e-01 0.000000000000000000e+00
3.368425888098622867e-01 5.523740524826075138e-01 1.000000000000000000e+00
9.493119100789957354e-01 7.110820114372208289e-01 0.000000000000000000e+00
2.467277136052430375e-01 3.669857915171282903e-01 0.000000000000000000e+00
3.029888383887443526e-01 9.833971607241426272e-01 0.000000000000000000e+00
9.722972806808727331e-02 7.206067297202697342e-01 0.000000000000000000e+00
2.600458152777248566e-01 3.504335711037531720e-01 0.000000000000000000e+00
8.511869308806183643e-01 7.656354405724956624e-01 0.000000000000000000e+00
3.267256008889728447e-01 3.797145054797281816e-01 0.000000000000000000e+00
7.088681207867002509e-01 7.601848040275649421e-02 1.000000000000000000e+00
4.357182635995546782e-01 9.733061573474892647e-01 0.000000000000000000e+00
9.464205205683711153e-01 7.605824544222367090e-01 0.000000000000000000e+00
6.792285077541044824e-01 6.216092858115886965e-01 1.000000000000000000e+00
7.409643616097112417e-01 1.080274901097888485e-02 1.000000000000000000e+00
9.831014134113947867e-01 3.759795101255806182e-01 0.000000000000000000e+00
7.433704584983935604e-01 8.717228890790267304e-01 0.000000000000000000e+00
7.582504805246221835e-01 3.992442006137177923e-01 1.000000000000000000e+00
1.610390391941773913e-01 8.964703671120967110e-01 0.000000000000000000e+00
9.555797776619631145e-01 1.469931942444755446e-01 0.000000000000000000e+00
3.951659177858574123e-01 8.745146616787036198e-01 0.000000000000000000e+00
5.977501983692526943e-01 6.679863686676021928e-01 1.000000000000000000e+00
4.424367637279622567e-01 2.790585047227653881e-01 0.000000000000000000e+00
5.169688826522744751e-02 5.041818946875149532e-01 1.000000000000000000e+00
9.398754308100578658e-01 2.725633446091624279e-02 0.000000000000000000e+00
1.509768754900122634e-01 3.262029435993267779e-01 0.000000000000000000e+00
1.118791258897043894e-01 3.163151010878771929e-01 0.000000000000000000e+00
4.525703594338540414e-01 2.042859859463692640e-01 0.000000000000000000e+00
8.927215818736085051e-01 4.322258866586274895e-01 0.000000000000000000e+00
5.482399224853440334e-02 8.710256913071208196e-01 0.000000000000000000e+00
5.487593902463160367e-01 2.896882529590418809e-01 1.000000000000000000e+00
3.778074328243580249e-01 7.556026209576127695e-02 0.000000000000000000e+00
8.743097654213589642e-01 9.095113507279718457e-01 0.000000000000000000e+00
8.120467901061709792e-01 1.843725180363648963e-01 0.000000000000000000e+00
9.223271538467969766e-01 3.628033526938170272e-01 0.000000000000000000e+00
3.572075057292980471e-01 5.394056471037388389e-01 1.000000000000000000e+00
5.279857112016794751e-02 2.793679117837281067e-01 0.000000000000000000e+00
3.902859367102776700e-01 5.328107705495576107e-01 1.000000000000000000e+00
6.410594037026018377e-02 6.761152312172792334e-01 1.000000000000000000e+00
8.722356077446635769e-01 4.742275401746469665e-01 0.000000000000000000e+00
2.014161762375276110e-01 6.411126466236454213e-01 0.000000000000000000e+00
4.998494635406356412e-01 1.836701781213617712e-01 0.000000000000000000e+00
6.943565404681959485e-01 7.578058436283304777e-01 1.000000000000000000e+00
9.405868906812177022e-01 1.508609368190481081e-01 0.000000000000000000e+00
9.724220916084337363e-01 2.931684607228183248e-01 0.000000000000000000e+00
1.182174892145176903e-01 4.453620378905541743e-01 0.000000000000000000e+00
1.508536678532486075e-01 5.616261363009057428e-01 1.000000000000000000e+00
6.561827027899506115e-01 9.246161984079737106e-01 0.000000000000000000e+00
7.404850267739173653e-01 2.968641873793442798e-02 1.000000000000000000e+00
3.028621716941659603e-02 2.989665369572586107e-01 0.000000000000000000e+00
4.616622629999955763e-03 8.712790938908731020e-01 0.000000000000000000e+00
4.789564673416604190e-01 4.525414845665213237e-01 1.000000000000000000e+00
3.565293596174723412e-01 4.235538159425807914e-01 0.000000000000000000e+00
3.214247044558636857e-01 3.373159211801183277e-01 0.000000000000000000e+00
8.973869514347847520e-01 7.566940178542864714e-01 0.000000000000000000e+00
3.635582689596609240e-01 5.434716475100145328e-01 1.000000000000000000e+00
9.471630713733251161e-01 7.136638513799675732e-02 0.000000000000000000e+00
6.687391692636960316e-01 1.294454863179703707e-01 0.000000000000000000e+00
1.241839070923184130e-01 5.988956586696611017e-01 1.000000000000000000e+00
2.287273008739915126e-01 4.775684971545209878e-01 0.000000000000000000e+00
3.611427737143507732e-01 5.158894212009060842e-01 1.000000000000000000e+00
6.809938496638624494e-01 7.570869738854015818e-01 1.000000000000000000e+00
7.809032941432022534e-01 2.265727166701502204e-01 0.000000000000000000e+00
2.644744830145353554e-01 3.976583673853232304e-01 0.000000000000000000e+00
9.862366586266612112e-01 5.204293842583829210e-02 0.000000000000000000e+00
1.200091288694733471e-01 1.912937581614218008e-01 0.000000000000000000e+00
3.278630173306756879e-01 4.713198285725217485e-01 1.000000000000000000e+00
4.321779596847952210e-01 9.315970433618309121e-01 0.000000000000000000e+00
4.367475094161682447e-01 6.703076605295865686e-01 1.000000000000000000e+00
7.280525344215728056e-01 4.215268220772925289e-01 1.000000000000000000e+00
9.750624828375975550e-02 9.995407150149118181e-01 0.000000000000000000e+00
9.821150534343174865e-01 3.771374762937718117e-02 0.000000000000000000e+00
3.725398898442581208e-01 6.971721365658555269e-01 1.000000000000000000e+00
3.328274970459201842e-01 7.069131954383344185e-01 1.000000000000000000e+00
2.975533909120644527e-01 6.282714644196152332e-02 0.000000000000000000e+00
6.569917180513362709e-01 4.994308480515113891e-01 1.000000000000000000e+00
7.293095047682927046e-01 7.242769528768577825e-02 0.000000000000000000e+00
5.330388064986461005e-01 2.701645169795765522e-01 1.000000000000000000e+00
4.652820696381149146e-01 5.854602046453970532e-01 1.000000000000000000e+00
8.593524315919776058e-01 2.873252167897111242e-01 0.000000000000000000e+00
9.200971123553625119e-02 7.467900050366579334e-01 0.000000000000000000e+00
4.014644742999616822e-01 9.649709318946725345e-01 0.000000000000000000e+00
1.429825891484752809e-01 1.701323701751363826e-01 0.000000000000000000e+00
5.545817119895658509e-01 3.254668541742277155e-01 1.000000000000000000e+00
1.840155039989604946e-01 5.696270517485896301e-01 0.000000000000000000e+00
9.001212471779749258e-01 8.490027934919743835e-01 0.000000000000000000e+00
4.958500854787319945e-01 7.420467604059317601e-01 1.000000000000000000e+00
2.654143372464953243e-01 6.730581872884542349e-01 0.000000000000000000e+00
5.595056512532213810e-01 4.329096217551783310e-01 1.000000000000000000e+00
3.957957229344786221e-01 6.340977237605335270e-01 1.000000000000000000e+00
2.809826454401790352e-01 7.927986231329124944e-01 0.000000000000000000e+00
2.939202047992268696e-01 4.806608176613773598e-01 0.000000000000000000e+00
5.468810935622464564e-01 5.410119842008873636e-01 1.000000000000000000e+00
1.917122370689638977e-03 8.237613807258350462e-01 0.000000000000000000e+00
9.702344159672415813e-01 6.516980666116464205e-01 0.000000000000000000e+00
9.481650161519288300e-01 6.255373125108922849e-01 0.000000000000000000e+00
1.302824730145583088e-01 9.516898540218219349e-01 0.000000000000000000e+00
5.523002288678788840e-01 8.040293380487913977e-01 1.000000000000000000e+00
6.288226331170774230e-01 4.921730704561904091e-01 1.000000000000000000e+00
5.618066077583903084e-01 7.023661021558064155e-01 1.000000000000000000e+00
2.360804994148685276e-01 2.510454780131684549e-01 0.000000000000000000e+00
5.190353585032434491e-01 3.043926741826804561e-01 1.000000000000000000e+00
6.567331060012848720e-02 5.669341927036339879e-01 1.000000000000000000e+00
2.124527831186149296e-01 5.944812617974357671e-01 1.000000000000000000e+00
1.294023326643884975e-01 5.512576607012414920e-01 1.000000000000000000e+00
3.278190425009400721e-01 5.528788529867816326e-01 1.000000000000000000e+00
8.433179963516382882e-01 2.427342486244185027e-01 0.000000000000000000e+00
4.789211462031282007e-01 8.827090291229677810e-02 0.000000000000000000e+00
1.096935065545165955e-01 4.928040183655993944e-01 0.000000000000000000e+00
7.545394596197108061e-02 4.669642284576636104e-02 0.000000000000000000e+00
8.321516298933523403e-01 7.089517994134396650e-01 1.000000000000000000e+00
1.712989341917524611e-01 5.594179554504153939e-01 0.000000000000000000e+00
8.766518264025549012e-01 8.575465217912418003e-01 0.000000000000000000e+00
6.312112654622874519e-01 2.779231517121798500e-01 1.000000000000000000e+00
6.841329873708730247e-01 1.992431664713446571e-01 0.000000000000000000e+00
6.476658049312503662e-01 9.704076596360189377e-03 1.000000000000000000e+00
2.711982795446563621e-01 8.376732060729048523e-01 0.000000000000000000e+00
3.927001243043193313e-02 9.660449332855576277e-01 0.000000000000000000e+00
6.478684542565437132e-01 3.754410816192202960e-01 1.000000000000000000e+00
7.609828008377177433e-01 9.853986119838588076e-01 0.000000000000000000e+00
1.720472222748595792e-01 9.468115716555260963e-01 0.000000000000000000e+00
9.012599341126520391e-01 4.211674744979508889e-01 0.000000000000000000e+00
3.961771388689006024e-01 7.272001868544216707e-01 1.000000000000000000e+00
1.745262480425858742e-01 4.370361951096843889e-01 0.000000000000000000e+00
5.725532918288562811e-01 9.520242937578227149e-02 1.000000000000000000e+00
2.961654354110860865e-01 6.617368313521333478e-01 1.000000000000000000e+00
9.721942017848622664e-01 8.566904304718970797e-01 0.000000000000000000e+00
1.690724801519444265e-01 3.646462608793906712e-01 0.000000000000000000e+00
1.526845494154719374e-01 6.855497430784895929e-02 0.000000000000000000e+00
2.698728681931084061e-02 5.209491352557732435e-01 1.000000000000000000e+00
7.062767806402119319e-01 8.980225218116910657e-01 0.000000000000000000e+00
3.963677740489162105e-01 9.082420045256756058e-01 0.000000000000000000e+00
3.634154945898777633e-01 2.444393204977591827e-01 0.000000000000000000e+00
9.415208371149985656e-01 4.401946154144688039e-01 0.000000000000000000e+00
2.900880873719756670e-01 8.114181484714316772e-01 0.000000000000000000e+00
6.354047401373209558e-01 9.404210419202210236e-01 0.000000000000000000e+00
8.925229596755923644e-01 3.891750842903507479e-02 0.000000000000000000e+00
6.613952971775578504e-01 5.648891424397161076e-01 1.000000000000000000e+00
9.989718403450883466e-01 4.881096518912183546e-01 0.000000000000000000e+00
1.573717258923211793e-01 4.229873982954190925e-02 0.000000000000000000e+00
9.503908928667552658e-01 6.027054307812109712e-01 1.000000000000000000e+00
9.242681698940415913e-01 9.427251361937751817e-01 0.000000000000000000e+00
1.724000538255185955e-01 4.076800304853769319e-01 0.000000000000000000e+00
9.005989784488772631e-01 7.425916550017119810e-03 0.000000000000000000e+00
9.434911950883814180e-01 5.654589024927959562e-01 1.000000000000000000e+00
1.757790430910075585e-01 6.986869512755589096e-02 0.000000000000000000e+00
9.408463611444969343e-01 2.507242720339575293e-01 0.000000000000000000e+00
7.089094261161448252e-01 9.758760077343453521e-02 0.000000000000000000e+00
2.576898401783711545e-02 8.814035171760478127e-01 0.000000000000000000e+00
1.944681726768121566e-01 2.618788818528209328e-01 0.000000000000000000e+00
4.238869324509874081e-01 5.328853335167217375e-01 1.000000000000000000e+00
7.390789605100268611e-01 5.281603063804899412e-01 1.000000000000000000e+00
5.055364390662318019e-01 2.327956756725564347e-01 0.000000000000000000e+00
9.970744855699471554e-01 5.753470739673647305e-01 1.000000000000000000e+00
7.066757166497675824e-01 7.929838973271323699e-01 1.000000000000000000e+00
9.074674713790839009e-01 9.795262016968940832e-01 0.000000000000000000e+00
2.189071220486920044e-01 9.176509584070839942e-01 0.000000000000000000e+00
9.700118297006166124e-01 6.253526848231116819e-02 0.000000000000000000e+00
9.347100815837187104e-01 4.912676595409569691e-01 0.000000000000000000e+00
6.946514294559220648e-01 1.834824618659008921e-01 0.000000000000000000e+00
2.928506612356164274e-01 3.610569558466486528e-01 0.000000000000000000e+00
4.022331167877331026e-01 3.756123215618686340e-01 0.000000000000000000e+00
3.756862053364795617e-02 5.100137553970038873e-01 1.000000000000000000e+00
7.311964086063732493e-01 9.699969933157180924e-01 0.000000000000000000e+00
5.688063783285904895e-01 3.532870426609678871e-01 1.000000000000000000e+00
6.508798711855492414e-01 2.244743484511979581e-03 1.000000000000000000e+00
2.782736678491147808e-01 7.429653228906873963e-01 0.000000000000000000e+00
7.336201818304370903e-01 2.912619327575058925e-01 0.000000000000000000e+00
4.917319380847574584e-01 6.235810171122134760e-01 1.000000000000000000e+00
3.993641597903825335e-01 1.748329657437234230e-01 0.000000000000000000e+00
2.546206338299551453e-01 3.536000300752563108e-01 0.000000000000000000e+00
4.191772428539396467e-01 9.610004418026478756e-01 0.000000000000000000e+00
3.406808399169377610e-01 4.194037521094471366e-01 0.000000000000000000e+00
6.580420630720991149e-01 4.909927142351131479e-01 1.000000000000000000e+00
8.486065177219809241e-01 8.499734246610518573e-01 0.000000000000000000e+00
9.050406518300591063e-01 8.667920854396770070e-01 0.000000000000000000e+00
7.214412664638846229e-01 2.735926923698661639e-01 0.000000000000000000e+00
3.484701703691969188e-01 7.864956944038050679e-01 0.000000000000000000e+00
1.268351353298445838e-01 9.319521139598284654e-01 0.000000000000000000e+00
8.364626870599543018e-01 6.590401537049569436e-01 1.000000000000000000e+00
4.269428803246758664e-01 4.264460311061634146e-01 1.000000000000000000e+00
6.934524884947297352e-01 5.682775054391205893e-01 1.000000000000000000e+00
3.352463702314096849e-01 3.690813468893467952e-01 0.000000000000000000e+00
1.044030940345864744e-01 4.299245905560561409e-01 0.000000000000000000e+00
4.657171819846186445e-01 1.718519143379979575e-01 0.000000000000000000e+00
3.305617454286922108e-01 7.267303060743418586e-01 0.000000000000000000e+00
2.443043985620522163e-01 3.376137359752456879e-01 0.000000000000000000e+00
8.971664125872995665e-01 2.946175722965032051e-01 0.000000000000000000e+00
1.668615629889664831e-01 4.467161962271246622e-01 0.000000000000000000e+00
6.123325820700322719e-01 7.813606933603245430e-01 1.000000000000000000e+00
6.559121467341342271e-01 5.966136423877095307e-01 1.000000000000000000e+00
6.561279564910675877e-01 9.047243679971321839e-01 1.000000000000000000e+00
4.091482104220356408e-02 7.032963700539733853e-01 1.000000000000000000e+00
2.077225405722913365e-01 1.223159741400775546e-01 0.000000000000000000e+00
5.461172189246308317e-01 3.320286728391916853e-01 1.000000000000000000e+00
4.870037131049764767e-01 3.572813628602984348e-01 1.000000000000000000e+00
9.154739496259068909e-01 3.295303130657660784e-01 0.000000000000000000e+00
1.638689622348720176e-01 6.023012955342024188e-01 1.000000000000000000e+00
2.922674764402510839e-01 3.089121070839195848e-01 0.000000000000000000e+00
1.047027191032763316e-01 2.203170273746094532e-01 0.000000000000000000e+00
3.261459273290923111e-01 1.552331673321037941e-01 0.000000000000000000e+00
3.962811119406484117e-02 5.838245115918687667e-01 1.000000000000000000e+00
5.964054428255456397e-01 8.530117884063393996e-01 1.000000000000000000e+00
5.315277998228541412e-01 3.767638731173224009e-01 1.000000000000000000e+00
1.628885404037602180e-01 4.840162536295649076e-01 0.000000000000000000e+00
3.996355610702417849e-02 8.748263716055864059e-01 0.000000000000000000e+00
5.107407201439595479e-01 3.516129032064378990e-01 1.000000000000000000e+00
1.514260946006633635e-01 4.950461202271626560e-01 0.000000000000000000e+00
8.285461875842559110e-01 7.721663404467304925e-02 0.000000000000000000e+00
1.712551173934881987e-01 3.599647468596174349e-01 0.000000000000000000e+00
8.017868523295871297e-01 8.197412000966675105e-02 0.000000000000000000e+00
8.964300349935904189e-01 9.300783590585721683e-01 0.000000000000000000e+00
5.960836770881936530e-01 5.086742307307254851e-01 1.000000000000000000e+00
7.547062268393988083e-01 5.560166252175874346e-01 1.000000000000000000e+00
2.527398909164445540e-01 1.134762164206859492e-02 0.000000000000000000e+00
5.361976510788313277e-01 2.810059696653933736e-01 1.000000000000000000e+00
6.136854619737461825e-01 2.917431476845523397e-01 1.000000000000000000e+00
3.059656507275810844e-01 2.206940768311949075e-02 0.000000000000000000e+00
9.074242083536391279e-01 6.754776331814116297e-02 0.000000000000000000e+00
7.928309379261602174e-01 8.478849027190692444e-01 0.000000000000000000e+00
5.741076558035032029e-01 9.924821981212512689e-01 0.000000000000000000e+00
4.050406476756983620e-01 6.098009982580014920e-01 1.000000000000000000e+00
1.861392744247054587e-01 9.658564340433770656e-01 0.000000000000000000e+00
7.250332287806114939e-01 8.998722080830108272e-01 0.000000000000000000e+00
4.576636127065479842e-01 5.423791126702743881e-01 1.000000000000000000e+00
9.606700108012851125e-01 8.348338397992580706e-01 0.000000000000000000e+00
6.652013431374581565e-01 1.598479890966586492e-01 0.000000000000000000e+00
1.009328818460268895e-01 1.328479733373537641e-01 0.000000000000000000e+00
4.740129670068932155e-01 8.491876164519437387e-01 1.000000000000000000e+00
6.519235375371654762e-01 6.128157169057316667e-01 1.000000000000000000e+00
7.976692378060146194e-02 1.721036128283838229e-01 0.000000000000000000e+00
4.325228758245472926e-01 1.238577696744536105e-02 1.000000000000000000e+00
8.101277102773172256e-01 8.173800391252985520e-01 0.000000000000000000e+00
6.369460571464582443e-01 1.007010062430947483e-01 1.000000000000000000e+00
2.823085709188783987e-01 4.718779547497883309e-01 0.000000000000000000e+00
3.898393688896388820e-01 9.184646345341984652e-02 0.000000000000000000e+00
3.574163856878953549e-02 7.350907166803680726e-01 1.000000000000000000e+00
3.825378812203045209e-01 7.890873248386952588e-01 0.000000000000000000e+00
5.805825923656355858e-01 1.057541448241503534e-01 1.000000000000000000e+00
7.042004266948017621e-01 5.338287463306876646e-01 1.000000000000000000e+00
9.253520330555013995e-01 6.719840922274361583e-01 0.000000000000000000e+00
4.341614916541962632e-01 7.764368112044309767e-01 1.000000000000000000e+00
6.954526272345369353e-01 7.891673303846549192e-01 1.000000000000000000e+00
4.479570667128323080e-01 2.040497648811802067e-01 0.000000000000000000e+00
8.847926513772972346e-01 8.531143688859866847e-01 0.000000000000000000e+00
7.830458838048864889e-01 1.451516760655121585e-01 0.000000000000000000e+00
9.441440467970462214e-01 7.641941445815528811e-01 0.000000000000000000e+00
3.689747473795109700e-01 5.004014972003744122e-01 1.000000000000000000e+00
4.384240903346564577e-01 4.140813673271764861e-01 1.000000000000000000e+00
8.689415099728536873e-03 9.481590344694101891e-01 0.000000000000000000e+00
4.883110208355991855e-01 8.735896956824567017e-01 1.000000000000000000e+00
8.017608658578747605e-01 7.818968418327280068e-01 0.000000000000000000e+00
3.328163920026109279e-01 8.749914779827799860e-01 0.000000000000000000e+00
8.616203915653432022e-01 3.479865491952023326e-01 0.000000000000000000e+00
7.537072702537293001e-01 7.370557413524815304e-01 1.000000000000000000e+00
3.510652300786574198e-01 3.018996741166887210e-01 0.000000000000000000e+00
4.084394484237412470e-01 1.998096165351946896e-01 0.000000000000000000e+00
8.881275158147631243e-01 6.906739837035945628e-01 0.000000000000000000e+00
6.292783218362180131e-01 5.642394075314786095e-01 1.000000000000000000e+00
8.380009110669982553e-01 6.929713792885184853e-01 1.000000000000000000e+00
1.004763533942689691e-01 9.473827396096530240e-01 0.000000000000000000e+00
5.919190754141656630e-02 4.563901915144862320e-01 1.000000000000000000e+00
7.370990090684144125e-01 6.460656923968135512e-01 1.000000000000000000e+00
4.353092249735812658e-02 1.644272319624555667e-01 0.000000000000000000e+00
3.188279493601120507e-03 4.988683427788030977e-01 1.000000000000000000e+00
4.752961546965555062e-01 4.782313213975531996e-01 1.000000000000000000e+00
6.692653163069034461e-01 7.080709629139571026e-01 1.000000000000000000e+00
3.778071355980794355e-01 3.791144407713130660e-01 0.000000000000000000e+00
1.709553081010752873e-01 4.162812216153326528e-01 0.000000000000000000e+00
4.787925280179469167e-01 9.950328090050009067e-02 0.000000000000000000e+00
6.904293471762025236e-01 2.432211544893974065e-01 0.000000000000000000e+00
9.518590091456382574e-01 9.072898821299889560e-01 0.000000000000000000e+00
4.185110418602483451e-01 6.377323206926417409e-01 1.000000000000000000e+00
6.944192960877566545e-01 3.224032790629547396e-01 1.000000000000000000e+00
8.440669702110774608e-01 6.286361944173930461e-01 1.000000000000000000e+00
2.442866925913841358e-01 5.529986302269644938e-01 1.000000000000000000e+00
9.729161738099885159e-01 9.023787534891514195e-01 0.000000000000000000e+00
8.336039143296398723e-01 1.506488375489146714e-01 0.000000000000000000e+00
1.587055717794226828e-01 4.464196426584137178e-01 0.000000000000000000e+00
7.343812751432443608e-02 2.703388626570356612e-01 0.000000000000000000e+00
4.914608673581614129e-01 7.418554420622063272e-01 1.000000000000000000e+00
1.971957999573661358e-01 3.152461528149853587e-01 0.000000000000000000e+00
3.722722778521789788e-01 9.648670616381048726e-01 0.000000000000000000e+00
3.303988158684847409e-01 7.173850104129365635e-01 1.000000000000000000e+00
3.172780984254032211e-01 8.821256785288730251e-01 0.000000000000000000e+00
2.590129780099491574e-01 5.196646928778199115e-01 0.000000000000000000e+00
3.053928119284073928e-01 3.696049030406426406e-01 0.000000000000000000e+00
5.717795365515639938e-01 6.552968584686293951e-01 1.000000000000000000e+00
3.490781309460823101e-01 1.965310999719429574e-01 0.000000000000000000e+00
6.806074309014435997e-01 3.946687653845072363e-01 1.000000000000000000e+00
9.419888496049080295e-01 6.099509497000008551e-01 1.000000000000000000e+00
6.151660446548961048e-01 6.062695641855243567e-01 1.000000000000000000e+00
3.068229609790451562e-01 8.971283843362926058e-01 0.000000000000000000e+00
1.375739259636037382e-01 9.195913076149094811e-01 0.000000000000000000e+00
8.279032009711443374e-01 9.771032558665775358e-01 0.000000000000000000e+00
9.927518583483959658e-01 1.743423535188947104e-01 0.000000000000000000e+00
9.454800046567117811e-01 6.586779217406198983e-01 0.000000000000000000e+00
7.720803555795662243e-01 9.644908556410120015e-01 0.000000000000000000e+00
4.537358640920440278e-01 3.351961336548392456e-01 1.000000000000000000e+00
9.648108490077021981e-01 6.069229327676202157e-01 0.000000000000000000e+00
1.899822168099365438e-01 2.710213166888327807e-01 0.000000000000000000e+00
7.838981911434637073e-01 3.287116032673864652e-01 0.000000000000000000e+00
4.533425487005415810e-01 2.513631627185242134e-02 1.000000000000000000e+00
7.108349371663713612e-01 6.718070185410015549e-01 1.000000000000000000e+00
9.742202562111437203e-01 9.554909483764564282e-01 0.000000000000000000e+00
8.816338301264814437e-02 2.535812683981495397e-01 0.000000000000000000e+00
1.245257483382390395e-01 4.241267624008100423e-01 0.000000000000000000e+00
2.622088205014128093e-01 3.720095663635603067e-01 0.000000000000000000e+00
9.097770804207415685e-01 5.156483842796879546e-01 0.000000000000000000e+00
6.061448289306173853e-01 6.867692157699590849e-01 1.000000000000000000e+00
5.287478036140547122e-01 5.198478156329091604e-01 1.000000000000000000e+00
6.205645123180119072e-01 7.187944818780045431e-01 1.000000000000000000e+00
8.718641340417053742e-01 5.371511931190666722e-01 1.000000000000000000e+00
7.723006495202230370e-01 8.099896957467999092e-01 0.000000000000000000e+00
3.231020870118739285e-01 9.339690685533591497e-01 0.000000000000000000e+00
3.036275858893960899e-01 3.998674535738980795e-01 0.000000000000000000e+00
9.878753230632796312e-01 8.967492177514369001e-02 0.000000000000000000e+00
7.643558850979833563e-01 1.923359124849196578e-01 0.000000000000000000e+00
3.228191115117879928e-01 2.507826037916495165e-01 0.000000000000000000e+00
2.612400278349541471e-01 6.854302922365506090e-01 0.000000000000000000e+00
2.832076923761425169e-01 2.361682033177772144e-01 0.000000000000000000e+00
1.811817350054134579e-01 3.459085262943804029e-01 0.000000000000000000e+00
1.328573209975509872e-01 9.711372474820703093e-01 0.000000000000000000e+00
8.413280600168741019e-01 9.056839538232441811e-01 0.000000000000000000e+00
4.267741288250240794e-01 5.299541945513857044e-01 1.000000000000000000e+00
2.522293526739105562e-02 8.543267648727514985e-01 0.000000000000000000e+00
2.620509940682030914e-01 7.346963841917608651e-01 0.000000000000000000e+00
7.257911139309947135e-01 1.724449808474164403e-01 0.000000000000000000e+00
2.529741190597343259e-01 8.491771897527368163e-01 0.000000000000000000e+00
7.120981963480138566e-01 3.333599555184414420e-01 1.000000000000000000e+00
3.252718488549696252e-01 3.805044090700311354e-01 0.000000000000000000e+00
8.755119756175273604e-01 4.255715906983896790e-01 0.000000000000000000e+00
1.757533061945735220e-01 1.276942592839820367e-01 0.000000000000000000e+00
3.634677858620729562e-01 4.128375112596760488e-01 0.000000000000000000e+00
2.699783814395692039e-01 7.348070911901714020e-01 0.000000000000000000e+00
6.416472627463014611e-01 9.658594379818127296e-01 0.000000000000000000e+00
2.572451416074011954e-01 6.096029452723602526e-01 1.000000000000000000e+00
8.742428100343616615e-01 3.027204292670104824e-02 0.000000000000000000e+00
4.136181703922192643e-02 2.497308047567055045e-01 0.000000000000000000e+00
5.580934047083713212e-01 2.390803108726313742e-01 1.000000000000000000e+00
5.202733187737649256e-01 2.349334517781240805e-01 0.000000000000000000e+00
7.241621686872308228e-01 7.773827303493862084e-01 1.000000000000000000e+00
3.452265399213897412e-01 3.885393805757508812e-01 0.000000000000000000e+00
5.796778849370294306e-01 8.103556447045024980e-01 1.000000000000000000e+00
3.610757256752080702e-01 5.144032510563641969e-01 1.000000000000000000e+00
1.068486504659305059e-01 5.807079209009540222e-01 1.000000000000000000e+00
7.777661553829704477e-01 7.405959347200804510e-01 1.000000000000000000e+00
1.916638298875421587e-01 2.417960023211341847e-01 0.000000000000000000e+00
1.035743131467925515e-02 5.171281996860702668e-01 1.000000000000000000e+00
9.358840473177422181e-01 8.345556742141382323e-01 0.000000000000000000e+00
1.914378693632682316e-01 3.924528731290477523e-02 0.000000000000000000e+00
3.916984553213498366e-01 5.120695263673866737e-01 1.000000000000000000e+00
2.393437672392502158e-01 8.027634762717043015e-01 0.000000000000000000e+00
8.496501095680031312e-02 3.917362460505532384e-01 0.000000000000000000e+00
1.581332029247070059e-01 6.729522246284361797e-01 0.000000000000000000e+00
1.026141546425619611e-01 3.230928341669655479e-01 0.000000000000000000e+00
2.605553469495734964e-01 2.267938736146509759e-01 0.000000000000000000e+00
2.843065484944783394e-01 6.754105549818523180e-01 1.000000000000000000e+00
3.921790224527511581e-01 9.019850884405236080e-01 0.000000000000000000e+00
4.729885256943504590e-01 6.020490850541893035e-01 1.000000000000000000e+00
6.414182422046471599e-01 1.203713062733744454e-01 1.000000000000000000e+00
7.864655165133335180e-01 9.330236423703398563e-01 0.000000000000000000e+00
4.837811256793425052e-01 6.342646978903099253e-02 1.000000000000000000e+00
3.345523093505711199e-01 6.017053548560611365e-01 1.000000000000000000e+00
6.602854688476308409e-01 5.202829942624006554e-01 1.000000000000000000e+00
2.923334733670497343e-01 1.048435637400455533e-01 0.000000000000000000e+00
4.061269678053494037e-01 9.354700722284036152e-01 0.000000000000000000e+00
9.915572594819679342e-01 4.205593533465296074e-01 0.000000000000000000e+00
3.977849415734822092e-01 1.106802103593957920e-01 0.000000000000000000e+00
2.005908286940063512e-01 2.805285420270264840e-02 0.000000000000000000e+00
6.997467068581666449e-01 6.309097775540079001e-01 1.000000000000000000e+00
6.876967486117513406e-01 7.198473353254203344e-01 1.000000000000000000e+00
1.938865988440093835e-01 2.061262348046077886e-01 0.000000000000000000e+00
2.385504407984995190e-01 7.218951164396077980e-01 0.000000000000000000e+00
6.118915212513480473e-01 7.922462778230690006e-01 1.000000000000000000e+00
2.842050907581252783e-01 5.236573878952585082e-01 1.000000000000000000e+00
7.524089083800008515e-01 7.930936384414841722e-01 1.000000000000000000e+00
6.998377599885906575e-01 5.242895375365457244e-01 1.000000000000000000e+00
2.308553072994354860e-01 1.932582982136297201e-01 0.000000000000000000e+00
5.421451081534196526e-01 4.437273512514278151e-01 1.000000000000000000e+00
1.897905330045368544e-02 2.725430021428387750e-01 0.000000000000000000e+00
8.936380712902787238e-01 2.444734153318904868e-01 0.000000000000000000e+00
4.255619204484285545e-01 4.946800834569055061e-01 1.000000000000000000e+00
1.491962843476046796e-02 2.298089790672471766e-01 0.000000000000000000e+00
1.548149595046499627e-01 5.846304740169943059e-01 1.000000000000000000e+00
3.005166357668642707e-02 3.500690011368989829e-02 0.000000000000000000e+00
8.575497387388962833e-01 4.085897772202455869e-01 0.000000000000000000e+00
4.688911603644240200e-01 1.570356998187717457e-01 0.000000000000000000e+00
8.603657934868635948e-02 4.141401085633017454e-01 0.000000000000000000e+00
3.065790380021538031e-02 1.442683089726025658e-01 0.000000000000000000e+00
4.429865968427525447e-01 1.570543132935819930e-01 0.000000000000000000e+00
9.181076389016056272e-01 1.807510476657318010e-01 0.000000000000000000e+00
6.126525170364400807e-01 9.595074028821097833e-01 0.000000000000000000e+00
2.593510805311058931e-01 3.498075023726454624e-02 0.000000000000000000e+00
3.949142156749763100e-02 7.107914286113692359e-02 0.000000000000000000e+00
8.637081997785721610e-01 6.193217666727857118e-01 1.000000000000000000e+00
2.991870814392583178e-02 1.273615218928780823e-02 0.000000000000000000e+00
5.293325425016220942e-01 4.313161129680491701e-01 1.000000000000000000e+00
5.445807867690832804e-01 2.694201843971605337e-01 1.000000000000000000e+00
8.245511169483142888e-01 1.333592824906693064e-02 0.000000000000000000e+00
9.233460595755891287e-01 1.631020082816900807e-01 0.000000000000000000e+00
9.879002976916539946e-02 8.019390385397618948e-01 0.000000000000000000e+00
6.207105080519119689e-01 7.699702049678019966e-01 1.000000000000000000e+00
3.720032385309165468e-01 2.786159974339896817e-02 0.000000000000000000e+00
2.884578513671010036e-02 8.117454798427070628e-03 0.000000000000000000e+00
9.355695169055411320e-01 2.784827037924255677e-01 0.000000000000000000e+00
3.771499484917129053e-01 5.776296288982930571e-01 1.000000000000000000e+00
7.270222489194231308e-01 9.549561203450213087e-01 0.000000000000000000e+00
5.594869277909280125e-01 6.116158205065816977e-01 1.000000000000000000e+00
3.282964648777842998e-01 2.490893576786281649e-01 0.000000000000000000e+00
4.098689574061816776e-01 2.599754108630714100e-01 0.000000000000000000e+00
3.030416908087525396e-01 8.177206560603490493e-01 0.000000000000000000e+00
7.856375368029034911e-01 5.230470636498643078e-01 1.000000000000000000e+00
5.496737517278387219e-01 5.613582011942962469e-01 1.000000000000000000e+00
7.867561308289143795e-01 8.684753412010938201e-01 0.000000000000000000e+00
4.318549127642922203e-01 7.264859617680137216e-01 1.000000000000000000e+00
7.424323125285648972e-01 7.792635386361034255e-01 1.000000000000000000e+00
2.948995326747850809e-01 9.554346544355790671e-01 0.000000000000000000e+00
2.409745524901169000e-01 7.306481666428806809e-01 0.000000000000000000e+00
9.981044498753377514e-02 7.690913092936242368e-01 0.000000000000000000e+00
5.562261325630728503e-01 7.004501837906755846e-01 1.000000000000000000e+00
3.815798120886038092e-02 8.794630584842896281e-01 0.000000000000000000e+00
5.508913049916244198e-01 1.377682116304600468e-01 1.000000000000000000e+00
6.747637028733638465e-01 2.141793829556630779e-01 0.000000000000000000e+00
3.760319126871030093e-01 7.616346713896584575e-01 1.000000000000000000e+00
3.259991242278340584e-01 6.174018624923325316e-01 1.000000000000000000e+00
8.694836691232633585e-01 9.022414481196574521e-01 0.000000000000000000e+00
8.408242510790578939e-01 2.091336737192929229e-01 0.000000000000000000e+00
7.704373172725578200e-01 2.003383066850662475e-01 0.000000000000000000e+00
8.438146651680717980e-01 5.421716773653000310e-01 1.000000000000000000e+00
9.901574597430393698e-01 5.522191589065348349e-01 0.000000000000000000e+00
2.340694861990400000e-01 5.125420371399935782e-01 0.000000000000000000e+00
1.526079868432969056e-01 8.023977440819791696e-01 0.000000000000000000e+00
1.511613987698019468e-01 2.034172135847099883e-01 0.000000000000000000e+00
2.433457158401126641e-01 5.217679261129387625e-01 0.000000000000000000e+00
9.657265087736848219e-01 6.513291625764707771e-01 0.000000000000000000e+00
9.834506850370021702e-01 2.063063073623501165e-01 0.000000000000000000e+00
3.893828692090300914e-01 1.829203414516934467e-01 0.000000000000000000e+00
9.533789585564519387e-01 4.191421775857805399e-01 0.000000000000000000e+00
4.664310287510069486e-01 9.242851576428684490e-01 0.000000000000000000e+00
2.418561121899180932e-01 7.249290298929089715e-02 0.000000000000000000e+00
3.718697959940074904e-01 5.672672004168414217e-01 1.000000000000000000e+00
5.537967918535017242e-01 2.126222355571329992e-01 0.000000000000000000e+00
4.044190175887670824e-01 1.821289108540349311e-01 0.000000000000000000e+00
3.233379485710048407e-01 8.738958543848552862e-01 0.000000000000000000e+00
7.326066778627630116e-01 8.367673960226543750e-01 1.000000000000000000e+00
4.032781674455980792e-01 4.762598392028749572e-02 0.000000000000000000e+00
1.810710754495211683e-01 2.470812169555237636e-01 0.000000000000000000e+00
3.125879862797139586e-01 2.258478453122082508e-01 0.000000000000000000e+00
6.340797489103583429e-01 5.872389923461381889e-01 1.000000000000000000e+00
5.877953156025381709e-01 3.439112500175667275e-01 1.000000000000000000e+00
6.679976938807743458e-01 6.448888929457285979e-01 1.000000000000000000e+00
8.001829969459992586e-01 4.859411969219729066e-02 0.000000000000000000e+00
2.649933027963821131e-01 7.084093404133785521e-01 0.000000000000000000e+00
3.267553525838003958e-01 8.573334527492320056e-01 0.000000000000000000e+00
7.976663232824164895e-01 3.575151723453734443e-01 0.000000000000000000e+00
2.495224604748890185e-01 8.845431694999217331e-01 0.000000000000000000e+00
5.393745899892801177e-01 2.683749827237718044e-01 1.000000000000000000e+00
1.391473962299568656e-01 4.850920290170503968e-01 0.000000000000000000e+00
8.215559320740463134e-01 8.108651424679529374e-01 0.000000000000000000e+00
7.882083380081197355e-01 8.561626080677737782e-01 0.000000000000000000e+00
6.766034564927525530e-01 2.848814273743838221e-03 1.000000000000000000e+00
6.479364122945086013e-02 7.692576530059154205e-01 0.000000000000000000e+00
7.277531378807101659e-01 2.431216967885673208e-01 0.000000000000000000e+00
7.474056041714742804e-01 6.580528045232224565e-01 1.000000000000000000e+00
1.769097245578458155e-01 5.563629447509140791e-01 0.000000000000000000e+00
2.478831534286962679e-01 7.101894260702084072e-01 0.000000000000000000e+00
7.094342046809422042e-01 1.801224021699141531e-01 0.000000000000000000e+00
7.441930358592236949e-01 7.868496012115069327e-01 1.000000000000000000e+00
7.720001933860178855e-01 6.907647922537485385e-01 1.000000000000000000e+00
9.061640805621844486e-01 9.088069790432606876e-02 0.000000000000000000e+00
4.800710115985366011e-01 5.644890396270111355e-01 1.000000000000000000e+00
9.718563380482010405e-01 3.011404558055041925e-02 0.000000000000000000e+00
6.007059567873355155e-01 5.206947850981038517e-01 1.000000000000000000e+00
6.646477837301638658e-01 5.716498878184888000e-01 1.000000000000000000e+00
7.156654021342555572e-01 2.758941734413898894e-01 0.000000000000000000e+00
5.218240542894159173e-01 5.905263577283074161e-01 1.000000000000000000e+00
4.788900297943519124e-01 6.633639245866571610e-01 1.000000000000000000e+00
5.489988036474887645e-01 4.922296752618151583e-01 1.000000000000000000e+00
2.332949194578014529e-01 1.175494903805593960e-01 0.000000000000000000e+00
3.000001968511358807e-01 3.743851955197572412e-01 0.000000000000000000e+00
4.975655577434467958e-01 2.315968564371733152e-01 0.000000000000000000e+00
3.913506951571932291e-02 6.483422109707416281e-01 1.000000000000000000e+00
1.801277935868115243e-01 4.990373622154257172e-01 0.000000000000000000e+00
3.690525563582595092e-01 2.916201746851554422e-02 0.000000000000000000e+00
2.899088808568051068e-01 9.429205784908918364e-01 0.000000000000000000e+00
5.247917260751050472e-01 7.437079835634247127e-01 1.000000000000000000e+00
4.835971529398268576e-01 8.661169193738170735e-01 1.000000000000000000e+00
9.770815116719963056e-01 6.822210986752469397e-01 0.000000000000000000e+00
6.349838439999628825e-01 1.158600204074478057e-02 1.000000000000000000e+00
9.559608918248674314e-02 7.037344570223909024e-01 0.000000000000000000e+00
9.423572431138638184e-01 4.936463586582574559e-01 0.000000000000000000e+00
8.126881229480612534e-01 9.335775536775816619e-01 0.000000000000000000e+00
7.938818710290374003e-01 3.897373258910693528e-01 0.000000000000000000e+00
6.009128998458490578e-01 9.670840331739172235e-01 1.000000000000000000e+00
9.895441972162075661e-01 7.404698679842658393e-01 0.000000000000000000e+00
2.205379118312833508e-02 7.017773877097216451e-01 1.000000000000000000e+00
7.388626910984089635e-01 7.415090679466219692e-01 1.000000000000000000e+00
4.331545832457404099e-01 3.907486922406684382e-01 1.000000000000000000e+00
9.658596555293534891e-01 5.520959624190315829e-01 0.000000000000000000e+00
9.792658864863081902e-01 5.086980812958095122e-01 0.000000000000000000e+00
2.539663239710243658e-02 5.800621722236812827e-01 1.000000000000000000e+00
7.676949815948328482e-01 3.244937611039233616e-01 0.000000000000000000e+00
2.054100157248051062e-02 1.708079498998881229e-01 0.000000000000000000e+00
5.967611797586468425e-01 1.083219646223589905e-01 1.000000000000000000e+00
6.578049894150210797e-01 5.149847725726812708e-01 1.000000000000000000e+00
1.101132473506172271e-02 8.749519667825288449e-01 0.000000000000000000e+00
2.400122133026849625e-01 5.792141134036038475e-01 1.000000000000000000e+00
8.511945801905902442e-01 5.449721685682740180e-01 1.000000000000000000e+00
5.270460308102006275e-01 7.964971489131865701e-01 1.000000000000000000e+00
2.302654674271736868e-01 2.861958656908702991e-02 0.000000000000000000e+00
9.248554699675579638e-01 9.711747575236555630e-01 0.000000000000000000e+00
4.301405748500575221e-03 1.869009051801029386e-02 0.000000000000000000e+00
9.951743002848755237e-01 5.846384703528608728e-01 1.000000000000000000e+00
5.340096488555988730e-01 9.905121564486463193e-01 0.000000000000000000e+00
4.014364435518602559e-02 2.910495563426477306e-01 0.000000000000000000e+00
7.606224764850022524e-01 6.204337335581038282e-01 1.000000000000000000e+00
9.183873175253238763e-01 8.137075053855246098e-01 0.000000000000000000e+00
1.860799396139386497e-01 5.983529078388236666e-01 1.000000000000000000e+00
5.854456213268490750e-01 7.972872755942004286e-01 1.000000000000000000e+00
2.147836108561339552e-01 7.470880412525821024e-01 0.000000000000000000e+00
7.571900515088574313e-01 3.388985729041108508e-01 0.000000000000000000e+00
8.729696274871557859e-01 4.822128304783359631e-01 1.000000000000000000e+00
5.110642120626270879e-01 7.518150606320112006e-01 1.000000000000000000e+00
6.723746834033355047e-01 6.173458610892035292e-01 1.000000000000000000e+00
4.663031817940677115e-01 8.906486920044416333e-01 0.000000000000000000e+00
4.610991379443198923e-01 2.341989799770171077e-01 0.000000000000000000e+00
8.184674844534423066e-01 9.433018072521809350e-01 0.000000000000000000e+00
8.359398415286535267e-01 4.464128941386826810e-01 1.000000000000000000e+00
2.294668141231575031e-01 1.495295458353154139e-01 0.000000000000000000e+00
3.386318160086446705e-01 1.580248048324135457e-01 0.000000000000000000e+00
1.519802550334435898e-01 1.489044477253981258e-01 0.000000000000000000e+00
2.354767261894908925e-01 5.850474807018617440e-01 1.000000000000000000e+00
9.278180810755658481e-01 9.405910895391315085e-01 0.000000000000000000e+00
3.548946166595494667e-01 1.782090342794827587e-01 0.000000000000000000e+00
3.037537759697305217e-01 1.201400746345315795e-02 0.000000000000000000e+00
6.944670021056503773e-01 9.109282178570424771e-01 0.000000000000000000e+00
3.067920261119405634e-02 8.989358531598250490e-01 0.000000000000000000e+00
4.974451132760729921e-01 4.748572583246801759e-01 1.000000000000000000e+00
6.640409890823573136e-01 1.563587993547771449e-01 0.000000000000000000e+00
1.049524524219377364e-01 2.213942805034925243e-01 0.000000000000000000e+00
3.706094499870167258e-01 4.057505722360069678e-01 0.000000000000000000e+00
6.297009043041912335e-02 9.538350181167342123e-01 0.000000000000000000e+00
6.536382459668985678e-01 3.312269069646627262e-01 1.000000000000000000e+00
3.449197678931755773e-01 6.433617380785372486e-01 1.000000000000000000e+00
1.540354919429128833e-01 3.998126941858787253e-01 0.000000000000000000e+00
8.978841877568174423e-01 4.360903299396401422e-01 0.000000000000000000e+00
5.097505933036151626e-01 2.437261372848602559e-01 0.000000000000000000e+00
1.826020959026749546e-01 2.661399311471884799e-01 0.000000000000000000e+00
7.057471100895047478e-01 7.233291187908497122e-01 1.000000000000000000e+00
7.699368368100814042e-01 5.821965254011131075e-01 1.000000000000000000e+00
4.898220286172368931e-01 2.156882105878347167e-01 0.000000000000000000e+00
1.592204209017111793e-02 8.470023655214650171e-01 0.000000000000000000e+00
2.349891583038333787e-01 4.618304472719786391e-01 0.000000000000000000e+00
8.726276042077931727e-01 2.489590182864958035e-01 0.000000000000000000e+00
4.710950991083369122e-01 9.441668883387863698e-01 0.000000000000000000e+00
4.101922171506350301e-01 1.562053116166144395e-01 0.000000000000000000e+00
9.254148721348871565e-01 2.475210904264849576e-01 0.000000000000000000e+00
4.437034660961053367e-01 1.941476124454225571e-01 0.000000000000000000e+00
7.863400257026617046e-01 9.962248675796292474e-01 0.000000000000000000e+00
8.109487657169374142e-01 5.084853115103055154e-01 1.000000000000000000e+00
1.634141918163852791e-01 2.609417903089553681e-01 0.000000000000000000e+00
5.687328492548643366e-01 1.701673577492801570e-02 1.000000000000000000e+00
5.344897582472003528e-01 6.815590944697844655e-01 1.000000000000000000e+00
3.943012576577988870e-01 1.245443412648253867e-01 0.000000000000000000e+00
2.677972177887140148e-01 2.040267094276448923e-01 0.000000000000000000e+00
5.917190979926851835e-01 1.029609701618708906e-01 1.000000000000000000e+00
4.879541032591367955e-01 8.139382007334438063e-01 1.000000000000000000e+00
2.314617731221439989e-01 4.773325811197780544e-01 0.000000000000000000e+00
4.080016837947721964e-01 2.746018348243810525e-01 0.000000000000000000e+00
3.969114859333580103e-01 8.955998596731495898e-01 0.000000000000000000e+00
4.537834532527583731e-01 1.082369514928036569e-01 0.000000000000000000e+00
8.263875230458023191e-01 5.630956029119196238e-01 1.000000000000000000e+00
2.078231765815958809e-01 2.569758076428046989e-01 0.000000000000000000e+00
9.974434109203762500e-01 2.294559834692705413e-01 0.000000000000000000e+00
2.431220008174047598e-01 5.016534726381360887e-02 0.000000000000000000e+00
9.552129935197324340e-01 4.214367836006664980e-01 0.000000000000000000e+00
7.802108184800436996e-01 7.259409568099775001e-01 1.000000000000000000e+00
6.450720429380975007e-01 9.621027493408180753e-01 0.000000000000000000e+00
8.676160895995801425e-01 2.612135896345413322e-02 0.000000000000000000e+00
6.964111524300743428e-01 4.493053760287697429e-01 1.000000000000000000e+00
7.630016730599052943e-01 6.313993967338319413e-01 1.000000000000000000e+00
6.898952512163402107e-01 5.373180888702534519e-01 1.000000000000000000e+00
3.010396414721772107e-01 5.205259900870703449e-01 1.000000000000000000e+00
5.421439355955270933e-02 7.481072116170668362e-01 0.000000000000000000e+00
5.874860084830311191e-01 1.678769606822736460e-01 1.000000000000000000e+00
3.134128738747247178e-01 6.775388185516152406e-01 1.000000000000000000e+00
4.143848869078858854e-01 3.549191223697611974e-02 0.000000000000000000e+00
4.365496099850137979e-01 8.794013449358994983e-01 0.000000000000000000e+00
1.265959985488307460e-02 8.396301396566948627e-01 0.000000000000000000e+00
1.994288820489411584e-01 4.578433583413209496e-01 0.000000000000000000e+00
9.023499004222168551e-03 6.270788981789197081e-01 1.000000000000000000e+00
5.904105051176304908e-01 5.332423134836651313e-01 1.000000000000000000e+00
9.522542900027743951e-01 5.719833731640772134e-01 1.000000000000000000e+00
6.693095436176409452e-01 4.454008264327179445e-01 1.000000000000000000e+00
2.929211406766183412e-01 8.739996870057296086e-01 0.000000000000000000e+00
2.391769657651003911e-01 1.603256690464001100e-01 0.000000000000000000e+00
2.948805977463095918e-01 9.146158818874720042e-01 0.000000000000000000e+00
3.434759610129662910e-01 2.948640782047314834e-01 0.000000000000000000e+00
3.417598968734328890e-01 4.927892118263710319e-01 1.000000000000000000e+00
4.589011483847004191e-01 9.381313220330328440e-01 0.000000000000000000e+00
3.256225028367332186e-01 7.823821237702777154e-02 0.000000000000000000e+00
6.736100302705670950e-01 1.507129960530401158e-01 0.000000000000000000e+00
8.313928894536031233e-01 7.070152515967157436e-01 1.000000000000000000e+00
1.616847247642907437e-01 6.024608302893993406e-01 1.000000000000000000e+00
7.207789104781083811e-01 5.905852068320349701e-01 1.000000000000000000e+00
5.736530652095983562e-02 5.300214015707960247e-01 1.000000000000000000e+00
7.364940871937939448e-01 6.734549428565796969e-01 1.000000000000000000e+00
4.480047829780422486e-01 6.737406211170673398e-01 1.000000000000000000e+00
8.703489698982630474e-01 4.771357754918292837e-02 0.000000000000000000e+00
6.847022158861379992e-01 8.981233444299596691e-01 0.000000000000000000e+00
1.049698728221200028e-01 2.337652960857417028e-01 0.000000000000000000e+00
5.655115653764926087e-01 6.752532397205285308e-01 1.000000000000000000e+00
1.527895427158337815e-01 9.009452156649845334e-01 0.000000000000000000e+00
8.511632898490790744e-01 9.438030632624789806e-01 0.000000000000000000e+00
5.799928845392777754e-01 6.071753128300139135e-01 1.000000000000000000e+00
8.111954992732173242e-01 6.974503911368487019e-01 1.000000000000000000e+00
6.494559145692255786e-01 3.734957429745255908e-02 1.000000000000000000e+00
6.666370140451504112e-01 2.522150014563682152e-01 0.000000000000000000e+00
8.406456425223240991e-01 7.154396902122243107e-01 1.000000000000000000e+00
9.094168495915441186e-01 9.536015537183507584e-01 0.000000000000000000e+00
9.713003726629632073e-01 6.891371124504774848e-01 0.000000000000000000e+00
5.768291173235745584e-01 2.708548321845138940e-01 1.000000000000000000e+00
3.983799472665638941e-02 1.579109390746328279e-01 0.000000000000000000e+00
8.081603477927057355e-02 1.105520304708721424e-01 0.000000000000000000e+00
3.368009448093889358e-01 4.530981097824439141e-01 1.000000000000000000e+00
2.047037427188221903e-01 1.628371524094215372e-01 0.000000000000000000e+00
6.598484069960264264e-02 4.016899990115817554e-01 0.000000000000000000e+00
2.117308112250433361e-01 9.433723865122513041e-01 0.000000000000000000e+00
7.280448309527892681e-01 2.352385526868714383e-01 0.000000000000000000e+00
8.858786043185874481e-01 2.711859696677766385e-01 0.000000000000000000e+00
6.210372431888629974e-01 2.214219463239466279e-01 0.000000000000000000e+00
5.213925547980368114e-01 7.985404392903295845e-01 1.000000000000000000e+00
7.035345626142146536e-01 2.700019331172914816e-01 0.000000000000000000e+00
5.266866829674654582e-01 6.539290179060293084e-01 1.000000000000000000e+00
3.746345404504831667e-01 4.852905959241724521e-01 1.000000000000000000e+00
9.230912249685083726e-01 9.811027769885933836e-01 0.000000000000000000e+00
5.955844707565975948e-01 2.230878578456133576e-01 1.000000000000000000e+00
9.514613871182525662e-01 3.166136450420611315e-01 0.000000000000000000e+00
5.643116380922058584e-01 9.804485818144819120e-01 0.000000000000000000e+00
2.406297088458712041e-01 1.095961899886281898e-01 0.000000000000000000e+00
1.288672122913248064e-02 5.588176974964302879e-01 1.000000000000000000e+00
5.294650832779627114e-01 8.601063535322929221e-01 1.000000000000000000e+00
2.433368682708962893e-01 8.778038730772753651e-01 0.000000000000000000e+00
1.954361953640960659e-01 7.899556490568430123e-01 0.000000000000000000e+00
1.631619719091017551e-01 6.287267515433991871e-02 0.000000000000000000e+00
9.161418338157627517e-01 8.335640533088807258e-01 0.000000000000000000e+00
1.412698600358447409e-01 1.213303033341559534e-01 0.000000000000000000e+00
7.066735322013488751e-01 7.578504398814909226e-01 1.000000000000000000e+00
8.191075292494631732e-02 7.434451265378888563e-01 0.000000000000000000e+00
1.482818114201355231e-01 7.351841275140016396e-01 0.000000000000000000e+00
6.701017072702935007e-01 2.274988176913435023e-01 0.000000000000000000e+00
2.693913501615766704e-01 7.547131591477967971e-01 0.000000000000000000e+00
6.648585773304236390e-01 8.463531102510616355e-01 1.000000000000000000e+00
3.909238436897937152e-01 5.561489106163700624e-01 1.000000000000000000e+00
3.891470188070127456e-01 7.786295261305793414e-01 1.000000000000000000e+00
4.383892798118940171e-01 2.775865486053795683e-01 0.000000000000000000e+00
8.857360101744533587e-01 2.416520803207699020e-01 0.000000000000000000e+00
4.170235246213006564e-01 4.776019329602575469e-01 1.000000000000000000e+00
6.715989560440416284e-01 1.488562997780125130e-01 0.000000000000000000e+00
3.281514802426369615e-01 6.700783628188178298e-01 1.000000000000000000e+00
1.395791065128800801e-01 3.602152120295620819e-01 0.000000000000000000e+00
5.440742416665048653e-01 3.046071027043062429e-02 1.000000000000000000e+00
7.656933716165253978e-01 3.108032536002054425e-01 0.000000000000000000e+00
3.589455380435488951e-01 9.086671620461173049e-03 0.000000000000000000e+00
2.578216714614642857e-01 4.559109123053981527e-01 0.000000000000000000e+00
6.012528253980833348e-01 4.797239068392555872e-02 1.000000000000000000e+00
5.114378917393441748e-01 2.545692269760726489e-01 0.000000000000000000e+00
3.647022421343573129e-01 3.180211499219172122e-01 0.000000000000000000e+00
5.104283801066274995e-01 5.884543132793143005e-01 1.000000000000000000e+00
9.336702444090716480e-01 5.016228761274973413e-01 0.000000000000000000e+00
5.568861296241511827e-02 8.063422505880113444e-02 0.000000000000000000e+00
5.637926565309454574e-01 1.443408413806354096e-01 1.000000000000000000e+00
9.681150722991528346e-01 1.195514560091521794e-01 0.000000000000000000e+00
3.783919824086854344e-01 3.971222644475531638e-01 0.000000000000000000e+00
7.820064023237345285e-01 3.891597462306779498e-01 0.000000000000000000e+00
2.482269834845540757e-01 5.696871094240241185e-01 1.000000000000000000e+00
6.426930825953383053e-01 7.359216529739857071e-01 1.000000000000000000e+00
7.358592045821554795e-02 8.112773416340061106e-01 0.000000000000000000e+00
3.871649396727039338e-01 5.128518427650919920e-01 1.000000000000000000e+00
5.492430569325841283e-01 8.296183025826179280e-01 1.000000000000000000e+00
8.775930441611267119e-01 8.161033928569714213e-01 0.000000000000000000e+00
7.567770779410780690e-01 8.408521927777143912e-01 0.000000000000000000e+00
7.771869386903135224e-01 4.398885355120708551e-01 1.000000000000000000e+00
3.172437994237782277e-01 5.761012503213018832e-01 1.000000000000000000e+00
2.650785024004511659e-01 3.805788357407745570e-01 0.000000000000000000e+00
7.950372140680961319e-01 9.447665290249740444e-01 0.000000000000000000e+00
7.998329357363331837e-03 9.160389141411547920e-01 0.000000000000000000e+00
6.412584752245216180e-01 1.850328912550952554e-01 0.000000000000000000e+00
9.670462363253566895e-01 3.664091133402811451e-01 0.000000000000000000e+00
6.291286292328824858e-01 3.984258324408942453e-01 1.000000000000000000e+00
5.041771645590443773e-01 1.365666626893180524e-01 0.000000000000000000e+00
3.523755340227066046e-01 5.487405018201279017e-01 1.000000000000000000e+00
8.218874443577656175e-01 8.803380465402899091e-01 0.000000000000000000e+00
2.545188079190694452e-01 3.286509832970351264e-01 0.000000000000000000e+00
3.173554298994532008e-01 5.456861239405923492e-01 1.000000000000000000e+00
6.839653662885470942e-01 1.509748760115610100e-01 0.000000000000000000e+00
3.619676713668036339e-01 9.905554300241131704e-01 0.000000000000000000e+00
9.936048627550668755e-01 3.226365789616044699e-01 0.000000000000000000e+00
6.147386243558891072e-01 8.530940019851961376e-01 1.000000000000000000e+00
2.300908920740303287e-01 6.657773845870363916e-01 0.000000000000000000e+00
8.789210614041953473e-01 3.062771634302843271e-01 0.000000000000000000e+00
1.961226287186299544e-01 9.552112056357812131e-01 0.000000000000000000e+00
3.182873826138272744e-01 7.561383462832799163e-01 0.000000000000000000e+00
5.983334959587058854e-01 6.647892324916195861e-01 1.000000000000000000e+00
1.905849670388566341e-01 8.582695115817052800e-01 0.000000000000000000e+00
2.195156997598719517e-01 7.279884007995797157e-01 0.000000000000000000e+00
4.580601168046589677e-01 2.455401080047967532e-01 0.000000000000000000e+00
3.908118709742417485e-01 8.022578882806505884e-01 0.000000000000000000e+00
1.911601658526854708e-01 2.952743225555121143e-02 0.000000000000000000e+00
1.718156627235488676e-01 6.708371282479828057e-01 0.000000000000000000e+00
5.294525645402166081e-01 2.729755736112590148e-01 1.000000000000000000e+00
7.355571696135773108e-01 1.079483142580024424e-01 0.000000000000000000e+00
1.687509941276332803e-02 9.235247647628148648e-01 0.000000000000000000e+00
2.896271045013467660e-01 5.175660100808269215e-01 1.000000000000000000e+00
1.744917471611855397e-01 2.823047292728239066e-01 0.000000000000000000e+00
2.156533254487147389e-02 5.662370007138152195e-01 1.000000000000000000e+00
4.328611587481452361e-01 8.575832474909365066e-01 0.000000000000000000e+00
5.768313882356008726e-01 9.976653124760426206e-01 1.000000000000000000e+00
2.586058907231862936e-01 6.414340201557167109e-01 1.000000000000000000e+00
5.016583582618955317e-01 7.018069534998730985e-01 1.000000000000000000e+00
5.673413509527055476e-01 9.843414918150327209e-01 0.000000000000000000e+00
7.687588695816711670e-01 2.889764508315351144e-02 0.000000000000000000e+00
4.195560682124677143e-03 3.964874688572930239e-01 0.000000000000000000e+00
7.596390564071674456e-01 5.812626779260613441e-01 1.000000000000000000e+00
8.019063063588287577e-01 3.791493661068469079e-01 0.000000000000000000e+00
8.394544939765913316e-02 9.663127098572785734e-01 0.000000000000000000e+00
5.800403977556182200e-01 6.031539082473125202e-01 1.000000000000000000e+00
7.661800543283610043e-01 5.664019088533990276e-01 1.000000000000000000e+00
7.327400875441648642e-01 3.839784922393174593e-01 1.000000000000000000e+00
6.725005620058112088e-01 9.575976134219437164e-01 0.000000000000000000e+00
5.232734387751780680e-01 5.499324663533825541e-01 1.000000000000000000e+00
5.857213432061876279e-01 2.941729271115492983e-01 1.000000000000000000e+00
8.100760369856681020e-01 9.613719682863746119e-01 0.000000000000000000e+00
1.826395216991203441e-01 3.286325106490136649e-01 0.000000000000000000e+00
5.279029725574270193e-01 3.072998160088072916e-01 1.000000000000000000e+00
7.472561529907366662e-01 3.914752894013920903e-01 1.000000000000000000e+00
5.199549306735613552e-01 8.111447757818501803e-02 1.000000000000000000e+00
7.415594213956726577e-01 1.461933650843562082e-01 0.000000000000000000e+00
9.481774327704103333e-01 7.143833956554827003e-01 0.000000000000000000e+00
7.896094610359363219e-01 6.287980681064138100e-01 1.000000000000000000e+00
9.267908087602299005e-01 1.593501217108344026e-01 0.000000000000000000e+00
8.261496536969198390e-01 6.364040093820333421e-01 1.000000000000000000e+00
3.895354278627760625e-02 3.604790305601069944e-01 0.000000000000000000e+00
5.012592052791863262e-01 5.397309989092530236e-01 1.000000000000000000e+00
6.874488392108123458e-01 7.775693196976711796e-01 1.000000000000000000e+00
8.474306078961221234e-01 7.015273596661120159e-02 0.000000000000000000e+00
2.756382223448652358e-01 8.349373974125532394e-01 0.000000000000000000e+00
6.923591188845530375e-01 1.102257439507858816e-02 1.000000000000000000e+00
4.264562829362940066e-01 5.575290957333329800e-01 1.000000000000000000e+00
6.853685579591917154e-01 2.370538064011019630e-01 0.000000000000000000e+00
8.617665636530117412e-01 5.241972408798103444e-01 1.000000000000000000e+00
3.717043703817520806e-01 5.635555227529851496e-01 1.000000000000000000e+00
8.142485821797773582e-03 1.150300818258831459e-02 0.000000000000000000e+00
5.456509715502982916e-01 2.951960614129577332e-01 1.000000000000000000e+00
8.694475337009579530e-01 5.926758124279778439e-01 1.000000000000000000e+00
9.082046263260473706e-01 2.437855095457885923e-02 0.000000000000000000e+00
7.557088759688823654e-02 3.249293253219385225e-01 0.000000000000000000e+00
5.686719641995271468e-01 6.059450819906763153e-01 1.000000000000000000e+00
3.553695412253367047e-01 8.510613282803505264e-01 0.000000000000000000e+00
7.894156398797124163e-01 7.195530256457487450e-01 1.000000000000000000e+00
5.033925874581391957e-01 2.796016912663522591e-01 0.000000000000000000e+00
5.449031328710803868e-01 1.108869117560522533e-01 1.000000000000000000e+00
5.916853133680829435e-01 8.315738277974005221e-02 1.000000000000000000e+00
2.745722777067227671e-02 4.821331960452833743e-01 1.000000000000000000e+00
7.989996065028405203e-01 5.188394111280386634e-01 1.000000000000000000e+00
2.895906031264244840e-01 1.037032587000750183e-01 0.000000000000000000e+00
6.468157517492006958e-01 7.017043167854442043e-02 1.000000000000000000e+00
6.377606848013657181e-01 3.201355156955535408e-01 1.000000000000000000e+00
7.662684317536188061e-01 6.839185190918172230e-01 1.000000000000000000e+00
3.829878434741367244e-01 8.450629000725831119e-01 0.000000000000000000e+00
7.325665304849241499e-01 3.379415443412424613e-01 0.000000000000000000e+00
4.587544244151765538e-01 5.091534885031512303e-02 1.000000000000000000e+00
6.135690236681659027e-01 8.487175949246639206e-04 1.000000000000000000e+00
3.195248581504344099e-01 3.774515634761710370e-02 0.000000000000000000e+00
3.045035563607987328e-01 3.919517714520840412e-01 0.000000000000000000e+00
4.948636099574007519e-01 7.970878582191482931e-01 1.000000000000000000e+00
1.029897509620937290e-01 4.984300926178006907e-01 1.000000000000000000e+00
5.117971524003184225e-01 3.074268968678758318e-01 1.000000000000000000e+00
3.075588628728496143e-01 8.275204773280816495e-01 0.000000000000000000e+00
6.230389693289820618e-01 1.912047256335772660e-01 0.000000000000000000e+00
2.775140810017074910e-01 7.326433495051387634e-01 0.000000000000000000e+00
3.083307799771469737e-01 8.699089591767414920e-01 0.000000000000000000e+00
7.689056341520533744e-01 2.552530614266694808e-01 0.000000000000000000e+00
6.255765106020612087e-01 6.637489968817114061e-01 1.000000000000000000e+00
3.280386097603459339e-01 5.967224807287747623e-01 1.000000000000000000e+00
2.454732595749355983e-01 4.203120521393637343e-01 0.000000000000000000e+00
7.173809488276868818e-01 7.239887311991252128e-01 1.000000000000000000e+00
1.769494113963725468e-01 2.653257059463354217e-02 0.000000000000000000e+00
1.036473543918473572e-01 4.897174684298691849e-01 0.000000000000000000e+00
6.395026708306044139e-01 1.485447133588585489e-01 0.000000000000000000e+00
3.734696241834164487e-01 8.556339970991623245e-01 0.000000000000000000e+00
1.283018958337636128e-01 3.481390084895555903e-01 0.000000000000000000e+00
9.668946065131611700e-02 6.079058643701801268e-01 1.000000000000000000e+00
9.658238957668128233e-01 3.237556653587674305e-01 0.000000000000000000e+00
1.845417204223687158e-02 5.725675550382537393e-01 1.000000000000000000e+00
4.189504334420286469e-01 3.453248080471462700e-01 0.000000000000000000e+00
9.913105747720132310e-01 9.635601342249218160e-01 0.000000000000000000e+00
6.071240962329232937e-01 7.298054123002395421e-01 1.000000000000000000e+00
2.024653973870860213e-01 3.518329986120025676e-01 0.000000000000000000e+00
2.954977096813264925e-01 7.438350394445980562e-02 0.000000000000000000e+00
1.507607538343465059e-01 2.885992683240824475e-01 0.000000000000000000e+00
1.180257656993088933e-02 5.658412933077907603e-01 1.000000000000000000e+00
3.826356804527635269e-01 7.729581023046392385e-01 1.000000000000000000e+00
2.283867174829035118e-01 8.626619885125867970e-01 0.000000000000000000e+00
9.744545122926564495e-01 8.615724900323384894e-01 0.000000000000000000e+00
3.219703817476494701e-01 2.175755491745995363e-01 0.000000000000000000e+00
8.381785742873552048e-01 3.603700180348884397e-01 0.000000000000000000e+00
4.756178468454329566e-01 2.641321281562577505e-01 0.000000000000000000e+00
7.573793942673738844e-01 9.568191734401163551e-01 0.000000000000000000e+00
7.756502016898036977e-02 2.666330907082967716e-01 0.000000000000000000e+00
6.549320165545302608e-01 6.860049030250601199e-01 1.000000000000000000e+00
6.920747322818411318e-01 4.614812508645514955e-01 1.000000000000000000e+00
9.382021905757423896e-01 8.311014836062662337e-01 0.000000000000000000e+00
7.542076896724769774e-01 7.475971782167182278e-01 1.000000000000000000e+00
2.246241377389623928e-01 1.994755891564897743e-01 0.000000000000000000e+00
8.470322773033217567e-01 7.712912028063484415e-01 0.000000000000000000e+00
5.705565514461010679e-01 5.776358970555866001e-01 1.000000000000000000e+00
2.782759394119505014e-01 9.468507899385574245e-01 0.000000000000000000e+00
3.678662401262747794e-01 5.740975886529093852e-01 1.000000000000000000e+00
6.112478570191404170e-02 5.709735529352619743e-01 1.000000000000000000e+00
3.645807400653374719e-01 4.964976439417081444e-01 1.000000000000000000e+00
9.043613771777192500e-02 9.243478924216229631e-01 0.000000000000000000e+00
2.642246592044272813e-01 8.296759819221929400e-01 0.000000000000000000e+00
6.669369702344182249e-01 6.128604040341045778e-01 1.000000000000000000e+00
9.625990706766387461e-01 9.936129618206562819e-01 0.000000000000000000e+00
2.713512648120488535e-01 1.867721116757753430e-01 0.000000000000000000e+00
5.742717388263077760e-01 9.189507499901041765e-01 1.000000000000000000e+00
4.553625201759688990e-01 2.755014811429392640e-01 0.000000000000000000e+00
2.160320850469958920e-01 3.954809693508772872e-01 0.000000000000000000e+00
8.040658201548422923e-01 9.696295136091359623e-02 0.000000000000000000e+00
4.771664517735662026e-01 1.890777620922424740e-01 0.000000000000000000e+00
4.841778063282703437e-01 2.466944661969888708e-01 0.000000000000000000e+00
1.459656325856414361e-01 4.000504718312825059e-02 0.000000000000000000e+00
1.442262160228398038e-01 6.427518527425610806e-01 0.000000000000000000e+00
7.531774220320942570e-01 1.590457654814690924e-01 0.000000000000000000e+00
7.635226210549245218e-01 5.220387640772516935e-02 0.000000000000000000e+00
3.953124001134222798e-01 9.404337629064790649e-01 0.000000000000000000e+00
3.277176312955828452e-01 7.087239807995218133e-01 1.000000000000000000e+00
1.362328578062786955e-01 7.070810423937147204e-01 0.000000000000000000e+00
9.313802940603732594e-01 3.390104697837983405e-01 0.000000000000000000e+00
4.866005817596955607e-01 7.771755769227118860e-01 1.000000000000000000e+00
4.047152935729358969e-01 1.363895260300351797e-02 0.000000000000000000e+00
6.617301346089853320e-01 6.956979056207052148e-01 1.000000000000000000e+00
2.722582128024860770e-01 2.766542795333528648e-01 0.000000000000000000e+00
8.125349385381365197e-01 5.482688870115910440e-01 1.000000000000000000e+00
3.351784949217243570e-01 6.332217395484325273e-01 1.000000000000000000e+00
5.659493075330790379e-01 1.118220906575563278e-01 1.000000000000000000e+00
8.006664729894327204e-01 5.574665771883760002e-01 1.000000000000000000e+00
3.948376695023133598e-01 3.500345868542867889e-01 0.000000000000000000e+00
9.187068782424454572e-01 8.610941626709485153e-01 0.000000000000000000e+00
8.029912540728667558e-01 3.891356707110986690e-01 0.000000000000000000e+00
6.255671509870268654e-01 1.084861613743305364e-01 1.000000000000000000e+00
3.060379137578296271e-01 1.620155260471938252e-01 0.000000000000000000e+00
4.273574449383870100e-01 8.436072614485233823e-01 0.000000000000000000e+00
1.099105555175292626e-01 1.048684726306836623e-02 0.000000000000000000e+00
2.865370247135178294e-01 8.544199264573044683e-01 0.000000000000000000e+00
1.911566540149933768e-02 2.873287073631267674e-01 0.000000000000000000e+00
5.474394455695008599e-01 4.102912401395027997e-01 1.000000000000000000e+00
8.435726212474961017e-01 7.308017761707219506e-01 0.000000000000000000e+00
2.230249538056148229e-01 6.847437689584222609e-01 0.000000000000000000e+00
6.202696889361353216e-01 3.755215660133067734e-01 1.000000000000000000e+00
7.594665795793736907e-01 9.585913237437677648e-01 0.000000000000000000e+00
6.387027809624672425e-01 8.524066379899926105e-01 1.000000000000000000e+00
8.245497325418449375e-02 1.103239574507249854e-01 0.000000000000000000e+00
9.929347534460097879e-01 1.611098161335141610e-01 0.000000000000000000e+00
9.178793407681381522e-01 6.137739018072181363e-01 1.000000000000000000e+00
8.638715635961063954e-01 5.028332024318235005e-01 1.000000000000000000e+00
3.652175948869140765e-02 3.395678718421761833e-01 0.000000000000000000e+00
6.197411919725588358e-01 5.658416518289988151e-01 1.000000000000000000e+00
6.661815890412882135e-01 6.163910560520692306e-01 1.000000000000000000e+00
5.077600740046466221e-01 9.321292488327124204e-01 0.000000000000000000e+00
4.718360469907950661e-01 2.922448544892076727e-01 0.000000000000000000e+00
2.475056469041337914e-01 1.644169197398033244e-01 0.000000000000000000e+00
8.552779198939353122e-01 6.618214545082961031e-01 1.000000000000000000e+00
7.129639015161427507e-01 9.015067842605327675e-01 0.000000000000000000e+00
1.709077470102725593e-01 2.411638363146292319e-01 0.000000000000000000e+00
8.840762196181346511e-01 1.996820515803412466e-01 0.000000000000000000e+00
5.361949738956440781e-01 6.891238430168810103e-01 1.000000000000000000e+00
7.755615740147673298e-01 3.719620654623094769e-01 0.000000000000000000e+00
5.208660336445611883e-01 5.234492921264393139e-01 1.000000000000000000e+00
9.548100816425291182e-01 6.800034914351545945e-01 0.000000000000000000e+00
3.933518458924635253e-01 7.435407922102001965e-01 1.000000000000000000e+00
8.580179115247144050e-01 1.415917393159887849e-01 0.000000000000000000e+00
9.064381692875389529e-01 9.277941439803772949e-01 0.000000000000000000e+00
2.690494791034492295e-02 5.941711448286034480e-01 1.000000000000000000e+00
1.774352784597159616e-01 2.614408592782215823e-01 0.000000000000000000e+00
8.921809641189706319e-01 2.992763119774075609e-01 0.000000000000000000e+00
2.991898008979106960e-01 9.707754330775890672e-01 0.000000000000000000e+00
6.270119582508550948e-01 8.900907914047534453e-01 1.000000000000000000e+00
8.501253600796642163e-01 5.972162153785598449e-02 0.000000000000000000e+00
7.903688616872611705e-01 8.698755089134119212e-01 0.000000000000000000e+00
4.933219676764348804e-01 9.903479229251614946e-01 0.000000000000000000e+00
4.114905382277234125e-01 3.588530853196827408e-01 0.000000000000000000e+00
9.724093187442599540e-01 4.067636700888878076e-01 0.000000000000000000e+00
5.209120978187303797e-01 4.588363590221149479e-01 1.000000000000000000e+00
2.290587273369787402e-01 8.095546342346284785e-01 0.000000000000000000e+00
2.122622763214695452e-01 9.967200596293155357e-01 0.000000000000000000e+00
6.885000328152158788e-01 2.692334216315473983e-01 0.000000000000000000e+00
6.274981216692380181e-01 7.963704284923874832e-01 1.000000000000000000e+00
6.733732614812304451e-01 2.829339281985269183e-01 1.000000000000000000e+00
7.148706435036926710e-01 1.268840899052858795e-01 0.000000000000000000e+00
3.490805749340104569e-01 4.953168160084440164e-01 1.000000000000000000e+00
5.001822318924644684e-01 7.670954894545289893e-01 1.000000000000000000e+00
7.363601976643916469e-01 3.880011826349716308e-01 1.000000000000000000e+00
8.156966940178199676e-01 6.697799796715971921e-01 1.000000000000000000e+00
4.535544870871645040e-01 2.654968253006606549e-01 0.000000000000000000e+00
7.909005787018107414e-01 5.727370625437684382e-01 1.000000000000000000e+00
2.883329135431349499e-01 5.088540868576818532e-01 1.000000000000000000e+00
6.016903586020390104e-01 3.747887831891781873e-01 1.000000000000000000e+00
4.556711724018369658e-02 1.194718850764143747e-01 0.000000000000000000e+00
5.306256313357411436e-01 5.304020670441423890e-01 1.000000000000000000e+00
8.123482535209317623e-01 2.388433906333882195e-01 0.000000000000000000e+00
6.963133155839166255e-01 6.173022181086624816e-01 1.000000000000000000e+00
3.020150232911210653e-01 4.500039629276928466e-01 0.000000000000000000e+00
8.718359566498731228e-01 7.728918978990614308e-01 0.000000000000000000e+00
2.338815218857377420e-01 4.936440080589459267e-01 0.000000000000000000e+00
6.650253725459236431e-01 8.958684827680529761e-02 1.000000000000000000e+00
5.925096469382149511e-01 3.214562523447671571e-01 1.000000000000000000e+00
7.490517700167855786e-01 7.004674502950433146e-01 1.000000000000000000e+00
1.648424319772441304e-01 9.720450992980623761e-01 0.000000000000000000e+00
1.882840224562520870e-02 9.435399904656941450e-01 0.000000000000000000e+00
9.812048495944241111e-01 1.219888944631221106e-01 0.000000000000000000e+00
4.365478950429172444e-01 1.890247229092100190e-01 0.000000000000000000e+00
2.563337765408147950e-01 6.476826332200664726e-01 1.000000000000000000e+00
9.426634186152303974e-01 9.103695046016574421e-01 0.000000000000000000e+00
9.370898203392036274e-01 6.150384815915206360e-01 1.000000000000000000e+00
9.353803998392274943e-01 1.822396255137188614e-01 0.000000000000000000e+00
9.960674498634995988e-01 6.884182154613350813e-01 0.000000000000000000e+00
2.930168899346403677e-01 3.599960777081953056e-01 0.000000000000000000e+00
4.288729093868439701e-01 7.708944363233571906e-01 1.000000000000000000e+00
8.237870152306909777e-01 4.423241872114607176e-01 1.000000000000000000e+00
9.506929002930286643e-01 9.692958443128523172e-01 0.000000000000000000e+00
6.650115158114822123e-02 4.115582611823646042e-01 0.000000000000000000e+00
3.606740771936796097e-01 6.307484688844167131e-01 1.000000000000000000e+00
7.702448672710471289e-01 5.876955256340485878e-01 1.000000000000000000e+00
7.066289253478922339e-01 4.029967881157642262e-01 1.000000000000000000e+00
1.571302283625464202e-01 7.162412724216828952e-01 0.000000000000000000e+00
2.274930957924501396e-01 4.504971217159157160e-01 0.000000000000000000e+00
6.741102020998207545e-01 8.328639738944234594e-01 1.000000000000000000e+00
1.424105883232102965e-01 9.043907977020830824e-01 0.000000000000000000e+00
9.967228416079638720e-01 9.579797296863244993e-01 0.000000000000000000e+00
2.355283329426234307e-01 6.696068128130994168e-02 0.000000000000000000e+00
7.958704282354254200e-01 7.628986117260596611e-01 1.000000000000000000e+00
1.899423651562908155e-01 9.854126912228733381e-01 0.000000000000000000e+00
7.334104780984523897e-01 8.471590571212130882e-01 0.000000000000000000e+00
5.431561838745881943e-01 6.480826973621476306e-01 1.000000000000000000e+00
7.272029781536615278e-01 5.965393694596106133e-01 1.000000000000000000e+00
3.163516915857040868e-01 2.691985930261370230e-01 0.000000000000000000e+00
5.849770768233846230e-01 7.781404156140118156e-01 1.000000000000000000e+00
2.864744980584584821e-01 2.143203897432588434e-01 0.000000000000000000e+00
2.078991749501482023e-01 3.988219124715930430e-02 0.000000000000000000e+00
9.954746328949120038e-01 7.155509547258203096e-01 0.000000000000000000e+00
5.043193578460329896e-01 8.517187047390385457e-01 1.000000000000000000e+00
5.030321855098878192e-01 7.405143005247081245e-01 1.000000000000000000e+00
1.889319104659663573e-01 8.955857536152911358e-01 0.000000000000000000e+00
3.809264660464130037e-01 6.336631229309319657e-01 1.000000000000000000e+00
7.698245277687620902e-02 7.635094187251579845e-01 0.000000000000000000e+00
4.527240065348161480e-01 1.717534116030259295e-01 0.000000000000000000e+00
2.316297571968971569e-01 1.966751019883662410e-01 0.000000000000000000e+00
7.216904993857133910e-01 1.061924312422706240e-01 0.000000000000000000e+00
9.062106296558737339e-01 8.491778664050371184e-01 0.000000000000000000e+00
8.961627656910526873e-01 9.631163563493094770e-01 0.000000000000000000e+00
3.918606747409290048e-01 9.939914016561638421e-01 0.000000000000000000e+00
5.295026037427590371e-01 3.194477847303943685e-01 1.000000000000000000e+00
9.473946071648444711e-01 5.480479501167967449e-02 0.000000000000000000e+00
2.891476498698839492e-01 4.207559951556801847e-01 0.000000000000000000e+00
1.908186361937188602e-01 3.386451302212089010e-01 0.000000000000000000e+00
9.948726277214029468e-01 4.126265020796753280e-01 0.000000000000000000e+00
8.957593164493661275e-01 6.493259723297838404e-01 1.000000000000000000e+00
3.600232930905212791e-01 8.886945025264409992e-01 0.000000000000000000e+00
5.072429404562494026e-01 3.517690239506700012e-01 1.000000000000000000e+00
5.336982002891136334e-01 1.296038011657895117e-01 1.000000000000000000e+00
6.688459395348944625e-02 1.015463225910073763e-02 0.000000000000000000e+00
2.039796331143706176e-03 7.543651498684335044e-01 1.000000000000000000e+00
4.479966671465821504e-01 6.297072799089060702e-01 1.000000000000000000e+00
6.079563921372486135e-01 2.383866849335238847e-01 1.000000000000000000e+00
7.625853239217197377e-01 8.036816038699051701e-01 1.000000000000000000e+00
5.722930303658678719e-01 9.250197670653661497e-01 1.000000000000000000e+00
8.178378528988320406e-01 9.366526905671401781e-01 0.000000000000000000e+00
6.587655079222961563e-01 5.132765392842377761e-01 1.000000000000000000e+00
1.042573462160371056e-01 5.244078427658394048e-03 0.000000000000000000e+00
8.803392816896258299e-01 6.730181117806973701e-01 1.000000000000000000e+00
2.803463718112119141e-01 7.768472513440924931e-01 0.000000000000000000e+00
1.493675897379898032e-01 1.887966926006890978e-01 0.000000000000000000e+00
2.589051931972885523e-01 8.302775900518715169e-01 0.000000000000000000e+00
8.350374374912874487e-01 5.024600064221557139e-01 1.000000000000000000e+00
7.795637967652032652e-01 2.928127311162154189e-01 0.000000000000000000e+00
2.258210599832550791e-01 9.708457494013045253e-01 0.000000000000000000e+00
8.502453901692448301e-01 9.399471030893697954e-01 0.000000000000000000e+00
2.163119930438814897e-01 8.038445459056384745e-01 0.000000000000000000e+00
7.215783922667051709e-02 3.173438524064081667e-01 0.000000000000000000e+00
8.065698433550827495e-01 5.602550508542912810e-01 1.000000000000000000e+00
5.250183699657260394e-01 9.984884368021175183e-01 0.000000000000000000e+00
8.326531243833088514e-01 6.112087179667669012e-01 1.000000000000000000e+00
4.770548945947987729e-01 6.025303769443494106e-01 1.000000000000000000e+00
7.872102043004833849e-01 6.341290689594872854e-01 1.000000000000000000e+00
2.946973423923833213e-01 7.554804500096875541e-01 0.000000000000000000e+00
9.932719978233426339e-01 2.568677039429972941e-01 0.000000000000000000e+00
3.073592366470859760e-01 7.738403505820313777e-01 0.000000000000000000e+00
2.781496479841487623e-01 6.153302277943509813e-01 1.000000000000000000e+00
3.806440010093981030e-01 4.369645251542521036e-01 1.000000000000000000e+00
7.216616893554479439e-01 8.395886236927644353e-01 1.000000000000000000e+00
1.163417806847555358e-01 1.355821907223770939e-01 0.000000000000000000e+00
3.876536413186542074e-01 5.017718794846810493e-01 1.000000000000000000e+00
6.365626452786949940e-01 2.073598427287077772e-01 0.000000000000000000e+00
3.145081116712808988e-01 5.920082942986433228e-01 1.000000000000000000e+00
3.342724359741010565e-01 1.956025091279571804e-01 0.000000000000000000e+00
4.705564516638497397e-01 7.751476104296585179e-01 1.000000000000000000e+00
9.160340011109182612e-01 4.985830778813639119e-01 0.000000000000000000e+00
2.108856922589663618e-02 6.692038009326563008e-01 1.000000000000000000e+00
1.166263628964604449e-01 2.284131226337271503e-01 0.000000000000000000e+00
4.310000122087032093e-02 7.685649227574623543e-01 0.000000000000000000e+00
4.845687901873797498e-01 9.245159255632767747e-01 0.000000000000000000e+00
8.959672184989466714e-01 9.850192841096766516e-01 0.000000000000000000e+00
2.015950901365668457e-01 5.361785249953021637e-01 0.000000000000000000e+00
6.680891968272052450e-01 8.844399890301337663e-01 1.000000000000000000e+00
2.906006398286644643e-01 9.272152038149972242e-01 0.000000000000000000e+00
5.167730898345116453e-01 5.573035910228526513e-01 1.000000000000000000e+00
3.090936352334431314e-01 9.915881698703093994e-01 0.000000000000000000e+00
7.838052895840985634e-02 3.503221006507348800e-01 0.000000000000000000e+00
1.689399749774553872e-01 4.164856351928734046e-01 0.000000000000000000e+00
6.491129749051949283e-02 8.590049597665636583e-01 0.000000000000000000e+00
4.861598451385129582e-02 8.415458856762645379e-01 0.000000000000000000e+00
2.930736583308444221e-01 8.433728459473118777e-01 0.000000000000000000e+00
9.224673288484103173e-01 8.415024571128200126e-01 0.000000000000000000e+00
3.667099358550681698e-01 9.621113819996807148e-01 0.000000000000000000e+00
4.037012827630103162e-01 2.148813440783060580e-01 0.000000000000000000e+00
5.374142754396525890e-01 2.777574534949319718e-01 1.000000000000000000e+00
5.056641769656636809e-01 7.414488237377222513e-01 1.000000000000000000e+00
5.902704502043454315e-02 4.514644299536724192e-01 0.000000000000000000e+00
5.093886187490678230e-01 1.411696112029235950e-01 0.000000000000000000e+00
6.894736936988297149e-01 4.388876546086845076e-01 1.000000000000000000e+00
7.910882078211186608e-01 7.306668338863608891e-02 0.000000000000000000e+00
1.242328579394261778e-01 2.624538902730265688e-01 0.000000000000000000e+00
6.540114644303285374e-02 4.219243959537890554e-01 0.000000000000000000e+00
9.197436860645833434e-01 2.431663817401428229e-01 0.000000000000000000e+00
1.452824768286872237e-01 3.554662152898446781e-01 0.000000000000000000e+00
4.995977553877003485e-01 7.203702385612142933e-02 1.000000000000000000e+00
5.837409680141553148e-01 5.448557335232417920e-02 1.000000000000000000e+00
6.247667327564104811e-01 2.175393123366432535e-01 0.000000000000000000e+00
7.352354953062774090e-01 6.765270330989927583e-01 1.000000000000000000e+00
8.923815116452987750e-01 2.291990012378725128e-01 0.000000000000000000e+00
4.716644478791706119e-01 8.955567805041820817e-01 0.000000000000000000e+00
2.061901933341658832e-01 5.895099766946456654e-01 1.000000000000000000e+00
1.690753861800717850e-01 3.395742264369450147e-03 0.000000000000000000e+00
6.746496862645968706e-01 4.787786256832089471e-01 1.000000000000000000e+00
6.005302469677681332e-01 7.663129226509350911e-01 1.000000000000000000e+00
8.515502751422832084e-01 2.328326967741302100e-01 0.000000000000000000e+00
3.906750817220212557e-01 8.188757273256557223e-01 0.000000000000000000e+00
9.011205634685774957e-01 1.262690703978063267e-01 0.000000000000000000e+00
8.830175986928411325e-01 3.785019852081444869e-01 0.000000000000000000e+00
6.953884805048602402e-01 2.976187861429058223e-01 0.000000000000000000e+00
4.231095208605045732e-01 2.840351022968902184e-01 0.000000000000000000e+00
1.544079587263746944e-02 2.058579786503839104e-01 0.000000000000000000e+00
3.388771497405642652e-01 2.808837226280294086e-01 0.000000000000000000e+00
1.680533775404927654e-01 7.236018548504485892e-02 0.000000000000000000e+00
8.745343981431027425e-01 4.789236866030839312e-01 0.000000000000000000e+00
6.750757105640760036e-01 7.359448106031409864e-01 1.000000000000000000e+00
4.742970281896873308e-01 1.766222210258686642e-01 0.000000000000000000e+00
8.466394874627882761e-01 1.735338686807327280e-01 0.000000000000000000e+00
5.921292790074876855e-01 5.150808942487780095e-01 1.000000000000000000e+00
2.825891647035488896e-01 5.962432091738792961e-01 1.000000000000000000e+00
6.059074108128673641e-01 1.849306914033651550e-01 0.000000000000000000e+00
3.693543549154371108e-01 6.958941226870668517e-01 1.000000000000000000e+00
6.579863818055398106e-01 7.763327814146492312e-01 1.000000000000000000e+00
1.351040133202053850e-01 3.627359018019349346e-02 0.000000000000000000e+00
7.193106365393548973e-01 1.485953850597083736e-01 0.000000000000000000e+00
1.946569890919761514e-01 9.758105316598143508e-01 0.000000000000000000e+00
7.492733565637832438e-02 6.371984911452814870e-01 1.000000000000000000e+00
4.115333326732480979e-01 6.845625826140009362e-01 1.000000000000000000e+00
8.944311949351313462e-01 7.844647458614832924e-01 0.000000000000000000e+00
9.360796050586583927e-02 2.105670121888307822e-01 0.000000000000000000e+00
8.794304012946508875e-01 4.584711932730006767e-01 0.000000000000000000e+00
6.259445135031659335e-01 6.354468273119099342e-01 1.000000000000000000e+00
3.277544750933965023e-01 6.373649154906243508e-01 1.000000000000000000e+00
3.167638069916213217e-01 2.227146742179945127e-01 0.000000000000000000e+00
3.238864927928045701e-01 3.749177947757692531e-01 0.000000000000000000e+00
9.954844214707636585e-02 1.486874158292907921e-01 0.000000000000000000e+00
4.932427791691688101e-01 2.410008000858344657e-01 0.000000000000000000e+00
7.789409844043637676e-01 9.429842750668869789e-01 0.000000000000000000e+00
5.279716348078145050e-01 5.589106733067606969e-01 1.000000000000000000e+00
7.271635508455758234e-01 1.610294196945203371e-01 0.000000000000000000e+00
6.460918727153300845e-01 8.099648161162470439e-01 1.000000000000000000e+00
5.475397685937269943e-01 4.946921503833631162e-01 1.000000000000000000e+00
8.216475998453992569e-01 6.622768645003884735e-01 1.000000000000000000e+00
3.744180859621675239e-01 7.267383535336340294e-01 1.000000000000000000e+00
2.136328516267982369e-02 6.691736576272377945e-02 0.000000000000000000e+00
6.935240340614673427e-01 8.381077232868633375e-01 1.000000000000000000e+00
7.050652087280006031e-01 8.128548766055591068e-01 1.000000000000000000e+00
4.781027123633619924e-01 8.575315958179944298e-01 1.000000000000000000e+00
6.494174707057340790e-01 5.832361032802700906e-01 1.000000000000000000e+00
6.374407202901343217e-01 3.318977715662562167e-01 1.000000000000000000e+00
7.208473847808803958e-01 9.132143457607865278e-01 0.000000000000000000e+00
9.300429259044040720e-02 4.027917504885020206e-01 0.000000000000000000e+00
6.341576060795945935e-01 9.571529331049747347e-01 0.000000000000000000e+00
2.015242640989131084e-01 6.469680963315753708e-01 0.000000000000000000e+00
4.000489286354006468e-01 3.419682847813432236e-02 0.000000000000000000e+00
9.095593979058924639e-01 9.617936657593937344e-01 0.000000000000000000e+00
5.726184251786794466e-01 9.461090449363451782e-02 1.000000000000000000e+00
6.032649236248058822e-01 6.508121060228276855e-01 1.000000000000000000e+00
8.912612131444580532e-01 3.456687538802872828e-01 0.000000000000000000e+00
8.387809997876806145e-01 1.091990457422505889e-01 0.000000000000000000e+00
3.745345064872792618e-01 2.845271171364134322e-01 0.000000000000000000e+00
5.201198832600356647e-01 2.875768954069402028e-01 1.000000000000000000e+00
2.916193501344225281e-01 7.832413445686443598e-01 0.000000000000000000e+00
9.209835395703115379e-01 3.416303847756511081e-01 0.000000000000000000e+00
1.277291683903362118e-01 8.921177607761139328e-01 0.000000000000000000e+00
3.093308320834434744e-01 3.959699025730376576e-01 0.000000000000000000e+00
5.993193641639291691e-01 1.031825977042082343e-01 1.000000000000000000e+00
6.635449251455790565e-01 8.239832113244114353e-01 1.000000000000000000e+00
1.544410989554546587e-01 7.244715781502767404e-01 0.000000000000000000e+00
1.012530198982055651e-01 4.025072120518236041e-01 0.000000000000000000e+00
4.408010726072840724e-01 4.752180661658109706e-01 1.000000000000000000e+00
3.112270517231516820e-01 6.965645711410837215e-01 1.000000000000000000e+00
3.640435510042556722e-01 6.608862962369843608e-02 0.000000000000000000e+00
6.683954569367480669e-01 6.698931203242954879e-01 1.000000000000000000e+00
7.639437173559323613e-01 6.355373293504928967e-02 0.000000000000000000e+00
7.211826758669970250e-02 9.741578189577672076e-01 0.000000000000000000e+00
2.926422815116034304e-01 4.590751295200722337e-01 0.000000000000000000e+00
1.449375427080982215e-01 8.874371679373360688e-02 0.000000000000000000e+00
2.604702464789582228e-01 6.929492480174426206e-01 0.000000000000000000e+00
2.604056098128014751e-01 9.639479348899271383e-02 0.000000000000000000e+00
1.931094835166178303e-01 1.358890366164670072e-01 0.000000000000000000e+00
3.264170963663989289e-01 6.657432935472717972e-01 1.000000000000000000e+00
2.807964707153821626e-01 9.058159061593188399e-01 0.000000000000000000e+00
3.300783502709643269e-01 3.869897398663972865e-01 0.000000000000000000e+00
2.655953131967638825e-01 7.857074466031205295e-01 0.000000000000000000e+00
8.687591280318651688e-01 6.065463173330103430e-01 1.000000000000000000e+00
9.369967413828598213e-01 4.981412422510915761e-01 0.000000000000000000e+00
2.372511031271073989e-02 4.004541576365945321e-01 0.000000000000000000e+00
7.985366593484544140e-01 4.775748897410772020e-01 1.000000000000000000e+00
8.968351625849706465e-01 3.930779127157443265e-01 0.000000000000000000e+00
2.011839627010214571e-01 4.955554408365092645e-02 0.000000000000000000e+00
6.231416583422838551e-01 6.377605391554752590e-01 1.000000000000000000e+00
2.401280045900493487e-01 1.277619513717187516e-02 0.000000000000000000e+00
3.122921162352157998e-01 5.723174291464168117e-01 1.000000000000000000e+00
2.296581704608863239e-01 7.773262635943003485e-01 0.000000000000000000e+00
5.080789323186526429e-01 1.377197219819905616e-01 0.000000000000000000e+00
3.999743451013291207e-01 6.182797666650975410e-01 1.000000000000000000e+00
7.359097680164625732e-01 6.898387795002556278e-01 1.000000000000000000e+00
6.888094875276192797e-01 3.501566848141984822e-01 1.000000000000000000e+00
9.875877890331095088e-01 9.073711585052667283e-01 0.000000000000000000e+00
5.193447262186398072e-01 4.403603203594482762e-01 1.000000000000000000e+00
5.781987144412025215e-01 2.091281095034495108e-01 1.000000000000000000e+00
9.895064411829010975e-01 3.487237580699272810e-01 0.000000000000000000e+00
5.012488480539611935e-01 4.785705631410945848e-01 1.000000000000000000e+00
6.942768092608389008e-01 3.117765376220649198e-01 1.000000000000000000e+00
5.679616384402010887e-01 4.007122213073202044e-01 1.000000000000000000e+00
6.627176996173307355e-01 9.599115356198186788e-01 0.000000000000000000e+00
9.221074824671328107e-01 3.663325768282726935e-01 0.000000000000000000e+00
2.776110335331058998e-01 7.335059643541511631e-01 0.000000000000000000e+00
2.500536108717702488e-01 5.805931498322264295e-01 1.000000000000000000e+00
2.964301309745016599e-01 4.006356902584917723e-01 0.000000000000000000e+00
8.910833440467383904e-01 4.236592145565899470e-01 0.000000000000000000e+00
3.061629941334019778e-01 8.137558252978157602e-01 0.000000000000000000e+00
6.880002428368803269e-01 5.798250547841989899e-01 1.000000000000000000e+00
7.082820568370667980e-01 2.209689675591747227e-01 0.000000000000000000e+00
1.804988103713460745e-01 6.516313633051831200e-01 0.000000000000000000e+00
8.754444242319237013e-01 2.672858251364864657e-01 0.000000000000000000e+00
4.954891029269414826e-01 6.283969221629426283e-02 1.000000000000000000e+00
9.772300708931836999e-01 5.191212240572379288e-01 0.000000000000000000e+00
6.882698872235631926e-01 7.023770676840195293e-01 1.000000000000000000e+00
2.647415711320315612e-01 1.212057550686377327e-01 0.000000000000000000e+00
4.070509645748953131e-01 8.703893509436854137e-01 0.000000000000000000e+00
4.888260138846023395e-03 1.933892319963440576e-01 0.000000000000000000e+00
3.483606901156395264e-01 8.438396048465048871e-01 0.000000000000000000e+00
5.228665979786604190e-01 7.428240916995986209e-01 1.000000000000000000e+00
6.260650772813834974e-01 9.024881869346967900e-01 1.000000000000000000e+00
3.243097558682903614e-01 2.074196216954860006e-01 0.000000000000000000e+00
2.065829184350410630e-01 1.632236219477234407e-01 0.000000000000000000e+00
8.468615669111529964e-01 9.863691806942741502e-01 0.000000000000000000e+00
7.464365107149547596e-01 8.727071739829257435e-01 0.000000000000000000e+00
5.799888375996157253e-01 6.762048034761859450e-01 1.000000000000000000e+00
4.353695978869410732e-01 9.652443291847775386e-01 0.000000000000000000e+00
1.284024406787407369e-01 8.550224366947412058e-02 0.000000000000000000e+00
8.407979447361650926e-01 1.305642991755351368e-01 0.000000000000000000e+00
2.737573954668970355e-02 3.219612769940149999e-02 0.000000000000000000e+00
4.975554847525476276e-02 9.077294720804266470e-01 0.000000000000000000e+00
5.634177982693564513e-01 3.468688640216498476e-01 1.000000000000000000e+00
5.875701576427191375e-01 1.239312560352717751e-01 1.000000000000000000e+00
5.920952385376367921e-01 7.887707806220883855e-01 1.000000000000000000e+00
3.977912214881770270e-01 6.831471147547439893e-01 1.000000000000000000e+00
5.675355763853099367e-01 5.085839569286421114e-02 1.000000000000000000e+00
4.034481839842963824e-01 1.666090021885594519e-01 0.000000000000000000e+00
7.415469485622652179e-01 6.417717798210026414e-01 1.000000000000000000e+00
7.189543879417330530e-01 2.283085145120873349e-01 0.000000000000000000e+00
8.499422856520055802e-02 7.980356610974089770e-01 0.000000000000000000e+00
6.675598216008580277e-01 7.623210972075733505e-01 1.000000000000000000e+00
5.496532181206574830e-01 1.165098709202978533e-01 1.000000000000000000e+00
3.384294883670579956e-01 5.570132979952537866e-01 1.000000000000000000e+00
7.853541071785253846e-01 5.105465412384302404e-01 1.000000000000000000e+00
8.397344687278632813e-01 1.946064398701209397e-01 0.000000000000000000e+00
7.365772256868439172e-01 5.610850173632948579e-01 1.000000000000000000e+00
5.918936468784568028e-01 1.359927985274320683e-01 1.000000000000000000e+00
5.417386121267333543e-01 5.252119259496867976e-03 1.000000000000000000e+00
5.690395138647524886e-01 6.342075092477872378e-01 1.000000000000000000e+00
9.221626145627259685e-01 7.055141066354722046e-01 0.000000000000000000e+00
8.164247324065283529e-01 6.645602330044558803e-01 1.000000000000000000e+00
9.523520679668771027e-01 4.500607203424683567e-01 0.000000000000000000e+00
3.338463189953410071e-01 2.008429976065482236e-01 0.000000000000000000e+00
4.548949965044156718e-01 8.349883626530720804e-01 1.000000000000000000e+00
3.451402660250268983e-02 2.689766410095937310e-01 0.000000000000000000e+00
7.012538010134428124e-01 7.976399790366839326e-01 1.000000000000000000e+00
7.030193740604269159e-01 6.689847628100137333e-01 1.000000000000000000e+00
2.523313819879191566e-01 9.677466941546918333e-01 0.000000000000000000e+00
5.764483315784629802e-02 2.683503454780042929e-01 0.000000000000000000e+00
8.712826581872020748e-01 1.670131419710194631e-01 0.000000000000000000e+00
2.155280854830048387e-01 5.768428747212798191e-01 1.000000000000000000e+00
9.229935757286321651e-01 8.040683081917844310e-01 0.000000000000000000e+00
2.703379335922441173e-01 5.276504840832598742e-01 1.000000000000000000e+00
7.240429080865875555e-01 5.500530235362642850e-01 1.000000000000000000e+00
3.069377452222583624e-01 7.401280997125477823e-01 0.000000000000000000e+00
8.186712862541287716e-01 2.370343274184253390e-01 0.000000000000000000e+00
6.769623504038791983e-01 5.893509947200030741e-01 1.000000000000000000e+00
3.372826140682939622e-01 5.793530015591991100e-01 1.000000000000000000e+00
7.239205577860339247e-01 1.600737850716279498e-01 0.000000000000000000e+00
2.253042523766795036e-01 7.908207580914864421e-01 0.000000000000000000e+00
9.159189637480058543e-02 5.677996135744326489e-01 1.000000000000000000e+00
2.517398906429545447e-01 6.194338320659845687e-01 1.000000000000000000e+00
7.410443105633731653e-01 9.680743711505317428e-01 0.000000000000000000e+00
3.679800660773980825e-01 5.933714609340529078e-01 1.000000000000000000e+00
8.319867112897838535e-01 2.847727026074097223e-01 0.000000000000000000e+00
8.500468941352596897e-01 2.584372380167954120e-01 0.000000000000000000e+00
4.695624063970575968e-01 2.701995231214233684e-01 0.000000000000000000e+00
1.760266759649785628e-01 6.119611592254715626e-01 0.000000000000000000e+00
9.548484208140127771e-01 8.388840861007629268e-01 0.000000000000000000e+00
7.632973365542089494e-01 4.346813854226508900e-01 1.000000000000000000e+00
9.954324820585511713e-01 2.235838663503434409e-01 0.000000000000000000e+00
2.023801014742271365e-01 1.368630959172273398e-01 0.000000000000000000e+00
2.604245429887288577e-01 6.838892487533748676e-01 0.000000000000000000e+00
3.098921903524219923e-01 7.997220219367061622e-01 0.000000000000000000e+00
6.167575132169642593e-01 6.394848813340672233e-01 1.000000000000000000e+00
2.887751071903263966e-01 1.606854231488131779e-01 0.000000000000000000e+00
8.940294725797108821e-01 4.867762647370457163e-01 0.000000000000000000e+00
8.656591832299250777e-01 8.045934910965205633e-01 0.000000000000000000e+00
9.085789696821434669e-01 7.958539535205984006e-01 0.000000000000000000e+00
6.285444129629236265e-01 9.865677612925318751e-01 0.000000000000000000e+00
9.793516803023065709e-01 6.518902339650828326e-01 0.000000000000000000e+00
2.452420818569223115e-01 6.724151082539258084e-01 0.000000000000000000e+00
4.393566749697619400e-02 8.919156184761356521e-02 0.000000000000000000e+00
3.258629886063091341e-02 4.752021352594143488e-01 1.000000000000000000e+00
4.326525020404590194e-01 1.559115708619269736e-01 0.000000000000000000e+00
4.354355613466628361e-01 7.202399053016446118e-01 1.000000000000000000e+00
1.069040819988027469e-01 6.758600309543951745e-01 1.000000000000000000e+00
5.949187958425461442e-02 8.231726837848174494e-02 0.000000000000000000e+00
2.281055010188104415e-02 6.592916752060170582e-01 1.000000000000000000e+00
7.316506119519428086e-02 5.489977448310584540e-01 1.000000000000000000e+00
9.207683235265905486e-01 5.390586027399313362e-02 0.000000000000000000e+00
9.504006915836077374e-01 9.409690647474008296e-01 0.000000000000000000e+00
5.026777588685804599e-02 3.107592605937495867e-01 0.000000000000000000e+00
3.185196800378571336e-01 4.171731875639292930e-01 0.000000000000000000e+00
3.041031700581348085e-01 3.564901775082646163e-01 0.000000000000000000e+00
4.516720053517924161e-01 5.112372480141188502e-01 1.000000000000000000e+00
3.758235010526650433e-01 9.558448807224902977e-01 0.000000000000000000e+00
8.723985300552223876e-01 9.699201240082048203e-01 0.000000000000000000e+00
1.219624388573112839e-01 9.037233007998313195e-01 0.000000000000000000e+00
8.627876026587008029e-01 3.699424623791639499e-01 0.000000000000000000e+00
8.853875618613123999e-01 9.742585418240223838e-01 0.000000000000000000e+00
1.704600915578318165e-01 2.245102508327538882e-01 0.000000000000000000e+00
1.995069286777145789e-01 3.135211268323021550e-01 0.000000000000000000e+00
7.419505354309631207e-01 1.449180412439308174e-01 0.000000000000000000e+00
6.710312168242186237e-01 3.025137647046013400e-01 1.000000000000000000e+00
3.793429956762305322e-01 8.717091438382283952e-01 0.000000000000000000e+00
4.796080619198495043e-01 7.691050948301257906e-01 1.000000000000000000e+00
7.404191349549249512e-02 6.240633219055807812e-01 1.000000000000000000e+00
3.690558242595260996e-01 5.952349691515641528e-01 1.000000000000000000e+00
4.399089332284382703e-01 3.217623236967583900e-01 0.000000000000000000e+00
5.097555684853115610e-01 6.805415649905535158e-01 1.000000000000000000e+00
6.973084771746260735e-01 2.828108944350636866e-01 0.000000000000000000e+00
4.750569487325673190e-02 6.506083393235366774e-01 1.000000000000000000e+00
2.678885220509593657e-01 8.601297100657646633e-01 0.000000000000000000e+00
4.834596479352845089e-01 7.050757692067877169e-02 1.000000000000000000e+00
5.272664831069635571e-01 2.892528295133081073e-01 1.000000000000000000e+00
6.877268843948913801e-02 4.294233496305446263e-01 0.000000000000000000e+00
5.210192197118843627e-01 7.342708381591541711e-01 1.000000000000000000e+00
5.125984547866651031e-01 9.419170591409495863e-01 0.000000000000000000e+00
8.767918382900806717e-01 4.839559493928591305e-01 0.000000000000000000e+00
1.385932637246780619e-01 8.966589516317048369e-01 0.000000000000000000e+00
6.383305862260990615e-02 2.006433552936837117e-05 0.000000000000000000e+00
1.181765968755452700e-01 6.789211472812538561e-01 0.000000000000000000e+00
6.602380701819199338e-02 1.170505850480388910e-01 0.000000000000000000e+00
4.411625173542650380e-01 3.304936916296589144e-01 0.000000000000000000e+00
3.783553885961283836e-01 4.361644544635557841e-01 1.000000000000000000e+00
3.557863225292782205e-01 1.223168148399312871e-01 0.000000000000000000e+00
1.279712315926648802e-01 6.213100992500842912e-01 1.000000000000000000e+00
3.215533661598231063e-01 5.816362631331500888e-01 1.000000000000000000e+00
9.014774466239026118e-01 4.447641169031523178e-01 0.000000000000000000e+00
1.366427472218800787e-01 5.604801619943341473e-01 1.000000000000000000e+00
6.849877845985727909e-01 9.040656231472884441e-01 0.000000000000000000e+00
5.094961644297332226e-01 5.763350327998183475e-01 1.000000000000000000e+00
5.362689821875952223e-01 9.909884204148106113e-01 0.000000000000000000e+00
1.285841281195719832e-01 8.134156460729164984e-01 0.000000000000000000e+00
1.667703566322352726e-01 6.866990469921746554e-01 0.000000000000000000e+00
4.902838953588726234e-01 5.035168630546437152e-01 1.000000000000000000e+00
7.330405847979508671e-01 8.801008750173289208e-01 0.000000000000000000e+00
6.831477561985220825e-01 4.284509697691947228e-01 1.000000000000000000e+00
5.581407701824645518e-01 1.521635787916640892e-01 1.000000000000000000e+00
2.664896067201615315e-01 9.215143852703520100e-01 0.000000000000000000e+00
3.450361698196547922e-01 5.884477366725888725e-01 1.000000000000000000e+00
4.357684541177049287e-01 1.718454165579390569e-01 0.000000000000000000e+00
5.789074565663985261e-01 1.221678925630165224e-02 1.000000000000000000e+00
6.523106550006300131e-01 1.106549004278777337e-01 1.000000000000000000e+00
6.071066465929810807e-01 9.323624721777679092e-01 1.000000000000000000e+00
7.939486053616514605e-01 1.230249770662600328e-01 0.000000000000000000e+00
4.120076382126187653e-01 9.406863533604324923e-01 0.000000000000000000e+00
5.861878368272182005e-01 3.955508812441166366e-02 1.000000000000000000e+00
3.882439417819114613e-01 3.868909096948259796e-01 0.000000000000000000e+00
7.095893242222756081e-01 2.453085822575585828e-01 0.000000000000000000e+00
9.427545880394374578e-01 5.648651923557648225e-01 1.000000000000000000e+00
5.740600301134834993e-02 8.182970760978778291e-01 0.000000000000000000e+00
3.598106070469130335e-01 1.924278990679922918e-01 0.000000000000000000e+00
6.364164067395505775e-01 4.351489379578188377e-01 1.000000000000000000e+00
7.015500709581323768e-02 6.566782228139687039e-01 1.000000000000000000e+00
2.379675519167181452e-01 3.181669500169527209e-01 0.000000000000000000e+00
6.639877701532390653e-01 9.660632369460844249e-01 0.000000000000000000e+00
8.147720892099798995e-01 5.594438679902019596e-01 1.000000000000000000e+00
7.678685042310281483e-01 6.616726118016132974e-01 1.000000000000000000e+00
9.695319757595266541e-01 9.533672645305968363e-01 0.000000000000000000e+00
8.972331778028997951e-01 5.594245760470100137e-01 1.000000000000000000e+00
2.596120607989650386e-01 4.604760475053977231e-01 0.000000000000000000e+00
7.282317064476911961e-01 6.913550481036302431e-01 1.000000000000000000e+00
3.654616447468969076e-01 6.540288797276456734e-01 1.000000000000000000e+00
2.156942222028113143e-03 5.031649553195071123e-01 1.000000000000000000e+00
7.939622291427841372e-01 4.394355230349523689e-01 1.000000000000000000e+00
8.392015714058821407e-01 5.329926383905093656e-01 1.000000000000000000e+00
2.842468780316285137e-01 1.185486414578658110e-01 0.000000000000000000e+00
1.546803167477317498e-01 5.956603460832742281e-01 1.000000000000000000e+00
8.586230806058740006e-01 5.758507479469481272e-01 1.000000000000000000e+00
9.987808631154171390e-01 7.575928503428586147e-01 0.000000000000000000e+00
6.538204282115496202e-01 8.677292385342386671e-01 1.000000000000000000e+00
6.536195979140333456e-01 2.900279894544507409e-01 1.000000000000000000e+00
9.989711421502442956e-01 6.316126063338624030e-01 0.000000000000000000e+00
8.432784336353323917e-01 2.647385385802193403e-01 0.000000000000000000e+00
5.776252023464786278e-01 5.880921707536317378e-01 1.000000000000000000e+00
2.427336128941700588e-01 6.656128048540325137e-01 0.000000000000000000e+00
3.613377411175995313e-01 8.901457317988461515e-01 0.000000000000000000e+00
8.001484770606471786e-01 2.453480770498278618e-01 0.000000000000000000e+00
1.642298762607551366e-01 2.841425131310640895e-01 0.000000000000000000e+00
7.189110088686146982e-01 3.263705254385227406e-01 1.000000000000000000e+00
1.864414456944931686e-01 8.013260372833219680e-01 0.000000000000000000e+00
7.664738274591518241e-01 3.224760006373409427e-01 0.000000000000000000e+00
5.177373155364095592e-01 2.680573089422462196e-01 1.000000000000000000e+00
1.058307523993302635e-01 8.448698074686376014e-01 0.000000000000000000e+00
3.972379197491838765e-01 7.044603543962437708e-01 1.000000000000000000e+00
1.777687435100117064e-01 5.948618251276408531e-01 1.000000000000000000e+00
9.942340155966196136e-01 6.832024241611464044e-01 0.000000000000000000e+00
4.312181786688025209e-01 8.013521500458611335e-01 1.000000000000000000e+00
7.676829963148235070e-02 4.404213550280910994e-02 0.000000000000000000e+00
4.429913264868136080e-01 5.221507592528573660e-01 1.000000000000000000e+00
6.652918991987696318e-01 9.329716818485237484e-01 0.000000000000000000e+00
8.004945486136385568e-01 3.144400507723744687e-01 0.000000000000000000e+00
6.827165691633297895e-01 8.934291730497022632e-01 0.000000000000000000e+00
4.408899291030538015e-01 3.093620775575159909e-01 0.000000000000000000e+00
9.550155756403324592e-01 3.787292483729840509e-01 0.000000000000000000e+00
1.826468150924230871e-01 2.935690902279116665e-01 0.000000000000000000e+00
1.416618656316771530e-01 4.276371817735827863e-01 0.000000000000000000e+00
7.510708124040971212e-01 1.679185031005427930e-01 0.000000000000000000e+00
6.020830151107322559e-01 7.892672025263998137e-01 1.000000000000000000e+00
8.597054301170148349e-01 4.071667589166050316e-02 0.000000000000000000e+00
7.100038534310977312e-01 8.925656478036425590e-01 0.000000000000000000e+00
4.699957835963208819e-01 8.555814872887348432e-01 1.000000000000000000e+00
7.016427341302502452e-01 7.171404518030713993e-01 1.000000000000000000e+00
3.591701647713789747e-01 9.484973352555936543e-04 0.000000000000000000e+00
4.950634572876292383e-01 2.331639582406878075e-01 0.000000000000000000e+00
2.073505663968489010e-01 3.599670462339701338e-01 0.000000000000000000e+00
6.244282926109978593e-02 2.222240439416456326e-01 0.000000000000000000e+00
7.443121602007518600e-01 4.107478099711797670e-01 1.000000000000000000e+00
4.555893671011267410e-01 3.579853894783696644e-01 1.000000000000000000e+00
9.536947831918574092e-01 8.570647111078900648e-01 0.000000000000000000e+00
9.912876787893784014e-01 2.132105640887275166e-01 0.000000000000000000e+00
1.797404784461964500e-02 2.214798552004499932e-01 0.000000000000000000e+00
3.856886617068191470e-01 6.645777188749608655e-01 1.000000000000000000e+00
3.459765352254609017e-01 4.649537815651126893e-01 1.000000000000000000e+00
9.680210975062077949e-01 4.989155653129533352e-01 0.000000000000000000e+00
4.640704471184484703e-01 6.098744028205782541e-01 1.000000000000000000e+00
5.367269681208748366e-01 6.981300706254490729e-01 1.000000000000000000e+00
7.374195256308859747e-01 6.410368704783999672e-01 1.000000000000000000e+00
4.432194341691680917e-01 7.304790191369791019e-01 1.000000000000000000e+00
7.531890148759257109e-01 9.924914071873616184e-01 0.000000000000000000e+00
5.764177626911037855e-01 7.432404265232901430e-01 1.000000000000000000e+00
6.601602627536283796e-01 8.671114474085258594e-01 1.000000000000000000e+00
4.686849896792993908e-01 4.928850509650356537e-01 1.000000000000000000e+00
4.799144138430093687e-01 4.936813876350071295e-01 1.000000000000000000e+00
1.888472112545873660e-01 9.159274869405217290e-01 0.000000000000000000e+00
1.547934912579082001e-01 6.173756254540424537e-01 1.000000000000000000e+00
2.404098333931582454e-01 2.245967706632268079e-01 0.000000000000000000e+00
2.505015113841447816e-01 2.760098067738503413e-01 0.000000000000000000e+00
2.727825001447972131e-01 8.748466438944457746e-02 0.000000000000000000e+00
1.464598915470979312e-01 8.093677808320561828e-01 0.000000000000000000e+00
6.301540498031258375e-01 3.285934387523614664e-01 1.000000000000000000e+00
5.922406692343999968e-01 3.455721254814395627e-01 1.000000000000000000e+00
5.351333015622389278e-01 4.525020068275752427e-01 1.000000000000000000e+00
3.174691834237675092e-01 9.501202764532770129e-01 0.000000000000000000e+00
7.696535960832736611e-01 6.560587443287525522e-01 1.000000000000000000e+00
5.352357773703393384e-01 4.749432321243383104e-01 1.000000000000000000e+00
9.144373025800855981e-02 4.230206135431707759e-01 0.000000000000000000e+00
1.470873964698479197e-01 8.895571555117196549e-01 0.000000000000000000e+00
5.483415250975052224e-01 9.290253102828791576e-01 1.000000000000000000e+00
4.351703949159787532e-01 4.022129906041356229e-01 1.000000000000000000e+00
1.689703769803149180e-01 7.793251814020751844e-02 0.000000000000000000e+00
4.615233164327794402e-01 8.393976197749053458e-02 0.000000000000000000e+00
7.182177080615488318e-01 4.212176633148833060e-01 1.000000000000000000e+00
1.960944049128358069e-01 9.317536499538190409e-01 0.000000000000000000e+00
5.757170055741996917e-01 3.043926492779746029e-01 1.000000000000000000e+00
9.353491416756486432e-01 8.507687844907950714e-01 0.000000000000000000e+00
5.981842438115800853e-01 6.051445985903739500e-01 1.000000000000000000e+00
2.955042607979593283e-01 2.863149413711280067e-01 0.000000000000000000e+00
1.360816226882275437e-01 6.484234555031773706e-01 1.000000000000000000e+00
4.187994891853064061e-02 4.833516379833993071e-01 1.000000000000000000e+00
9.986394439070394036e-01 2.236255313624392338e-01 0.000000000000000000e+00
7.325588224186809772e-01 6.960594009114237091e-01 1.000000000000000000e+00
9.262155279158591492e-01 7.228146024998499675e-01 0.000000000000000000e+00
4.416207964375182815e-01 3.648663837822545553e-01 1.000000000000000000e+00
2.957691291222481755e-01 1.103979030598160049e-01 0.000000000000000000e+00
7.967033092104780501e-01 6.751061414710221031e-01 1.000000000000000000e+00
4.974001406320001095e-01 7.972543656812526303e-01 1.000000000000000000e+00
8.712722471767010424e-01 9.291276505052111778e-01 0.000000000000000000e+00
5.442541771329900691e-02 5.615999075989055456e-01 1.000000000000000000e+00
8.068898981416799954e-01 2.771137503921022871e-01 0.000000000000000000e+00
2.651116375826220173e-01 1.353912628457456524e-01 0.000000000000000000e+00
1.890937826154529544e-01 5.176616957523043627e-01 0.000000000000000000e+00
4.848017466683600674e-01 7.163730427550230040e-02 1.000000000000000000e+00
2.190072846304431664e-01 8.962593759249669612e-01 0.000000000000000000e+00
5.896468068617117808e-01 5.612512927748564140e-01 1.000000000000000000e+00
5.127974550553427990e-01 1.532457363058515876e-01 0.000000000000000000e+00
9.838874163068060952e-01 1.843190256521278769e-01 0.000000000000000000e+00
7.613430395363741665e-01 5.142490804815978978e-01 1.000000000000000000e+00
9.648805341366581967e-01 9.001174363154783586e-01 0.000000000000000000e+00
6.426305748868386125e-01 2.730356027538395347e-01 1.000000000000000000e+00
4.537971411995793680e-01 7.313908677938428804e-01 1.000000000000000000e+00
8.519862478573080322e-01 6.399963983848678817e-01 1.000000000000000000e+00
2.727620514846893496e-01 7.627475325819489393e-01 0.000000000000000000e+00
2.970059497885686461e-01 7.664128027428899204e-01 0.000000000000000000e+00
7.670427263656853789e-02 9.381092408560685048e-01 0.000000000000000000e+00
2.496282341347748623e-01 3.284326805512590708e-01 0.000000000000000000e+00
8.630421349392481956e-01 6.426044010044625887e-01 1.000000000000000000e+00
9.118060430383981840e-01 3.662088717172614638e-01 0.000000000000000000e+00
3.052935731218034965e-01 7.959133991346862835e-01 0.000000000000000000e+00
7.844409710392207247e-01 6.348318867477893424e-01 1.000000000000000000e+00
9.834481283025956477e-01 7.709281598174486660e-01 0.000000000000000000e+00
4.830981331553956259e-01 1.243085068101941193e-01 0.000000000000000000e+00
2.004690412773935115e-01 3.279625508496362141e-01 0.000000000000000000e+00
1.208513133916824245e-01 3.433430569300557345e-01 0.000000000000000000e+00
2.004747638748350935e-01 4.371883747903704265e-01 0.000000000000000000e+00
7.016534783498595829e-01 9.533438173580524033e-01 0.000000000000000000e+00
7.070243074434845454e-02 6.757551284810416892e-01 1.000000000000000000e+00
6.950762602579799720e-01 4.653132819437503231e-01 1.000000000000000000e+00
4.564797667833001560e-01 7.896563231604806221e-01 1.000000000000000000e+00
5.751238957263459239e-01 1.299447663323026747e-01 1.000000000000000000e+00
6.284942463976502802e-01 7.610248788093743055e-02 1.000000000000000000e+00
8.875187220508815589e-01 1.920027690291647993e-02 0.000000000000000000e+00
2.182120167842773739e-01 9.330207562449183145e-01 0.000000000000000000e+00
4.589738111476643345e-01 2.494716478149071603e-01 0.000000000000000000e+00
5.381624885490987609e-01 1.801084536449855111e-01 0.000000000000000000e+00
2.912120438286682766e-01 5.814433378991382684e-01 1.000000000000000000e+00
3.382868883842823360e-01 8.180115467961107667e-01 0.000000000000000000e+00
6.007551723570737634e-01 6.627213532854003830e-02 1.000000000000000000e+00
4.827477040594276847e-01 1.262228425611258142e-01 0.000000000000000000e+00
7.796339400405438713e-02 8.634339049186856574e-01 0.000000000000000000e+00
1.417721664811277815e-01 5.266003984618017331e-02 0.000000000000000000e+00
1.715154235323697041e-01 4.805666862195678846e-02 0.000000000000000000e+00
5.032092715245537473e-01 2.518190638206792009e-01 0.000000000000000000e+00
5.349061627479074765e-01 8.498612695348600754e-01 1.000000000000000000e+00
6.351694745536271558e-01 1.734884427270207974e-01 0.000000000000000000e+00
3.172986974943411420e-01 9.499159808293345941e-01 0.000000000000000000e+00
8.415389242540045611e-01 5.674041638862918902e-01 1.000000000000000000e+00
2.516082068237196490e-01 9.013405371321810966e-01 0.000000000000000000e+00
4.695134835136320905e-01 3.487594999524123995e-01 1.000000000000000000e+00
9.643498418040129527e-01 5.327214296693805196e-02 0.000000000000000000e+00
4.636763377853070356e-02 5.852573153384333926e-01 1.000000000000000000e+00
5.132064400100789792e-01 1.892366071000579630e-01 0.000000000000000000e+00
8.425850753901474866e-01 2.747091772666541143e-01 0.000000000000000000e+00
6.958624969396487447e-01 9.051278895553726001e-01 0.000000000000000000e+00
5.974661574744377646e-02 2.430414977059446313e-01 0.000000000000000000e+00
6.592430241491485932e-01 8.022849811005530185e-01 1.000000000000000000e+00
2.234833540508212035e-01 6.069741160072050778e-02 0.000000000000000000e+00
2.911548165173486469e-01 9.968568641838726485e-02 0.000000000000000000e+00
7.139801290152631985e-01 6.603228489968324677e-01 1.000000000000000000e+00
5.885362498585453572e-01 9.341889546282390322e-01 1.000000000000000000e+00
1.742471441744819494e-01 2.754916174386018435e-01 0.000000000000000000e+00
6.410399180365005112e-01 4.639326190706247743e-01 1.000000000000000000e+00
2.115956037582521487e-01 5.112382889123773255e-01 0.000000000000000000e+00
2.925706067114086650e-01 9.000430486268606867e-01 0.000000000000000000e+00
6.152052620234672586e-01 8.610184759192303083e-01 1.000000000000000000e+00
3.917233860955279257e-01 6.077857006436461207e-01 1.000000000000000000e+00
4.668822562124287368e-01 6.093481077640887644e-01 1.000000000000000000e+00
9.849009850148541245e-01 1.997362902173791532e-01 0.000000000000000000e+00
6.283121083135827512e-01 6.989697960301539670e-01 1.000000000000000000e+00
2.685562070891407416e-01 3.301903916288588814e-01 0.000000000000000000e+00
5.446257612600574616e-01 7.014919277519678920e-01 1.000000000000000000e+00
3.987656785936485315e-01 7.600003966380959319e-01 1.000000000000000000e+00
6.283416949561284603e-01 6.759704562481450019e-01 1.000000000000000000e+00
1.381308960515077455e-01 6.419436734214609697e-01 1.000000000000000000e+00
1.604668176336931928e-02 2.765618024832386945e-01 0.000000000000000000e+00
2.090554303994547336e-01 8.351220434629651468e-01 0.000000000000000000e+00
3.658692668744299992e-01 8.228328440274792488e-01 0.000000000000000000e+00
3.425984317685217828e-01 8.575734298638049147e-02 0.000000000000000000e+00
7.681625259111806159e-01 4.808288746763533794e-03 1.000000000000000000e+00
4.329097624087672180e-01 8.393379870517289065e-01 0.000000000000000000e+00
6.711469867040753545e-01 2.444021860195119134e-01 0.000000000000000000e+00
5.498492167481300319e-01 8.345960660236604323e-01 1.000000000000000000e+00
6.106647238196409866e-01 1.205846045841438841e-01 1.000000000000000000e+00
1.237312118757900592e-01 3.548454965788629956e-01 0.000000000000000000e+00
8.229861712556139075e-01 2.908460306702563836e-01 0.000000000000000000e+00
5.983357583731807594e-03 5.362944521982724311e-01 1.000000000000000000e+00
5.310318835403666782e-01 7.902324993448838208e-01 1.000000000000000000e+00
5.369709737994199372e-02 6.653506612265388531e-01 1.000000000000000000e+00
3.159319597616208064e-01 3.095002722562706365e-01 0.000000000000000000e+00
3.547790090432947352e-01 9.762364666376612821e-01 0.000000000000000000e+00
8.513928631040001971e-01 5.830301317221453505e-02 0.000000000000000000e+00
2.594218478717056353e-01 7.040399467329543359e-01 0.000000000000000000e+00
8.884756281933477995e-01 3.321675856546985051e-01 0.000000000000000000e+00
7.791454746849713064e-02 7.516691752652663316e-01 0.000000000000000000e+00
6.973079451803637641e-01 7.242961018109408400e-01 1.000000000000000000e+00
8.637649691555910891e-01 9.800869935301979030e-01 0.000000000000000000e+00
7.630900034014690414e-01 2.058117409671114117e-01 0.000000000000000000e+00
2.239368947561182210e-02 3.958645554997493043e-01 0.000000000000000000e+00
2.476666457158618329e-01 2.161111286153688527e-01 0.000000000000000000e+00
7.556372959195185590e-01 6.273029572285364619e-01 1.000000000000000000e+00
7.509327457491854485e-01 3.124523407479541381e-01 0.000000000000000000e+00
4.186665459649385745e-02 8.423534599217504804e-01 0.000000000000000000e+00
5.815686913025689408e-01 1.511055706468320547e-01 1.000000000000000000e+00
1.895316944915336199e-01 4.393299720888620419e-01 0.000000000000000000e+00
6.408342744357807819e-01 6.490950684736428444e-01 1.000000000000000000e+00
2.654603300122866383e-01 2.501056396385104019e-01 0.000000000000000000e+00
6.514218422995444735e-01 5.763526147948817568e-01 1.000000000000000000e+00
3.947416309767238785e-01 6.956135886150149883e-01 1.000000000000000000e+00
8.880087423612385011e-01 4.027966480195965815e-02 0.000000000000000000e+00
4.154724628605250825e-01 1.635361638723665800e-01 0.000000000000000000e+00
3.436496424405532935e-01 2.911316922610605040e-01 0.000000000000000000e+00
7.699575274062989694e-01 8.374477310523766871e-01 0.000000000000000000e+00
7.175242032052968622e-01 4.766412431042238440e-01 1.000000000000000000e+00
7.207297511944826818e-01 5.786122275957339411e-02 1.000000000000000000e+00
9.348557230533716123e-02 2.833566241446539014e-02 0.000000000000000000e+00
3.704889002948719146e-01 3.698755879457765738e-01 0.000000000000000000e+00
2.695430552030253502e-01 6.622268330394783797e-01 1.000000000000000000e+00
9.790536916988146210e-02 3.940551018023997765e-01 0.000000000000000000e+00
7.458499896415441421e-01 2.046048286394241966e-01 0.000000000000000000e+00
6.395610205940166493e-01 1.122394654778503531e-01 1.000000000000000000e+00
8.050003066408671915e-01 7.904522857910535327e-01 0.000000000000000000e+00
2.304078320666702595e-03 1.460429728426049234e-02 0.000000000000000000e+00
9.716834877773902202e-01 6.826566444023154379e-01 0.000000000000000000e+00
8.974826848409939162e-01 9.078604043725879702e-01 0.000000000000000000e+00
2.547998175766325035e-01 6.833656018114576680e-01 0.000000000000000000e+00
9.549582248004025997e-01 7.265105572428905978e-01 0.000000000000000000e+00
5.405183587780147958e-01 7.009713657256535502e-01 1.000000000000000000e+00
9.201557326230127565e-01 6.945969234726776520e-01 0.000000000000000000e+00
4.353948610610057779e-01 4.029027728517743379e-01 1.000000000000000000e+00
1.519881671796414757e-01 6.915588148194169449e-01 0.000000000000000000e+00
8.512596566500822970e-01 5.077927860266178151e-01 1.000000000000000000e+00
4.944406132436693913e-01 4.436899576111907884e-02 1.000000000000000000e+00
5.591658742135446891e-01 6.504753220878153330e-01 1.000000000000000000e+00
2.730151392566011470e-01 7.908529832051096609e-01 0.000000000000000000e+00
4.814733333282000816e-01 9.888143752979496881e-01 0.000000000000000000e+00
8.616075977349701986e-02 2.526930244812367610e-01 0.000000000000000000e+00
5.158236693509065107e-01 2.456065199593471249e-02 1.000000000000000000e+00
7.234741588665616341e-01 5.240135037887606595e-01 1.000000000000000000e+00
2.456516638952582765e-01 1.707734404404683826e-01 0.000000000000000000e+00
4.204835740080988815e-01 4.600237790721753983e-01 1.000000000000000000e+00
8.361956785961826011e-01 1.326758385226713965e-01 0.000000000000000000e+00
3.100350743308231127e-01 9.790814002454766296e-01 0.000000000000000000e+00
7.873906427802778163e-01 3.202680428963469161e-01 0.000000000000000000e+00
8.825202777770398965e-01 9.422623959965231721e-01 0.000000000000000000e+00
4.459277869329625332e-02 2.647737350374718135e-01 0.000000000000000000e+00
4.581461295296523906e-01 4.666300618569096947e-02 1.000000000000000000e+00
9.604265571376672250e-01 9.207756148027292920e-01 0.000000000000000000e+00
5.422796942331276071e-02 7.013968789278404170e-01 1.000000000000000000e+00
5.594187876107665769e-01 4.783370764835545019e-01 1.000000000000000000e+00
1.504191150094624785e-01 5.070711671487645456e-01 0.000000000000000000e+00
7.408750504857898322e-01 8.910459666660713873e-01 0.000000000000000000e+00
7.649778106990907656e-01 5.202807768706469993e-01 1.000000000000000000e+00
2.883153284350077339e-01 1.883616940416164010e-01 0.000000000000000000e+00
8.158548284862765509e-01 8.805908426087768470e-01 0.000000000000000000e+00
8.302631248299739974e-01 4.161030655232124120e-01 0.000000000000000000e+00
1.158723609013833089e-01 9.085994908883820997e-02 0.000000000000000000e+00
4.968867265903440522e-01 4.668547487296051957e-01 1.000000000000000000e+00
1.425859306332900589e-01 9.576114741409169628e-02 0.000000000000000000e+00
5.649104787889813739e-02 3.036720594460473599e-01 0.000000000000000000e+00
7.556119777720902153e-01 7.741190994168882789e-01 1.000000000000000000e+00
8.551295328602545043e-01 2.211093332032199044e-01 0.000000000000000000e+00
9.226613446794192930e-01 2.205911367714179505e-01 0.000000000000000000e+00
2.658680523280154695e-01 6.735941892191781299e-01 0.000000000000000000e+00
1.739426860939069508e-01 3.418529554689727634e-01 0.000000000000000000e+00
3.333746139153588306e-01 3.757112658736904143e-01 0.000000000000000000e+00
5.609081858917900343e-01 7.686784215347058913e-01 1.000000000000000000e+00
9.771354982592652672e-01 5.099721960567601409e-01 0.000000000000000000e+00
9.956017281652445039e-01 4.456266510482288501e-01 0.000000000000000000e+00
8.817793492925929399e-01 4.524716094983296522e-01 0.000000000000000000e+00
8.303333060555444511e-01 3.464472786188522724e-01 0.000000000000000000e+00
6.371748698932115929e-01 3.952887775008699922e-01 1.000000000000000000e+00
1.856199654264761856e-01 4.702238015518609426e-01 0.000000000000000000e+00
9.576531695868722993e-01 9.450177437954845328e-01 0.000000000000000000e+00
2.332015474321867954e-01 5.192572979173375458e-01 0.000000000000000000e+00
8.591402580463913807e-02 3.309996107098758245e-01 0.000000000000000000e+00
7.530778334555531250e-01 9.382270529047713747e-01 0.000000000000000000e+00
1.328418433799349874e-01 1.268113655882947555e-01 0.000000000000000000e+00
9.046210577563809085e-01 8.096666079240708580e-01 0.000000000000000000e+00
9.054546917529335825e-01 2.601535354854594972e-01 0.000000000000000000e+00
3.531946001663570645e-01 8.389769968471537664e-01 0.000000000000000000e+00
6.215270973021085332e-01 1.024573634012108103e-01 1.000000000000000000e+00
7.645691025913127215e-01 3.417203261896828437e-01 0.000000000000000000e+00
3.617282405673846180e-01 9.193372424025927359e-01 0.000000000000000000e+00
5.525985557704459206e-01 7.187765824320790919e-01 1.000000000000000000e+00
2.915311367229221906e-01 8.116119333900522204e-01 0.000000000000000000e+00
3.395454704947425961e-01 8.474277124446246701e-01 0.000000000000000000e+00
4.727170975609178427e-01 2.145480634117643559e-01 0.000000000000000000e+00
9.547879601443699515e-01 7.681576556844710302e-01 0.000000000000000000e+00
4.676286968409752998e-01 7.389375980295886936e-02 1.000000000000000000e+00
6.443872721042888108e-01 4.191655085768047906e-01 1.000000000000000000e+00
4.788698351775689810e-01 2.954157050338703794e-01 0.000000000000000000e+00
5.816720957794930813e-01 6.961080176282335996e-01 1.000000000000000000e+00
2.346869629216885578e-01 5.467769704450586854e-01 0.000000000000000000e+00
2.046075602357816381e-01 6.820748353236306682e-01 0.000000000000000000e+00
6.804316284426600303e-01 5.556175158243339407e-01 1.000000000000000000e+00
1.074415414919928091e-01 1.654518669485824933e-01 0.000000000000000000e+00
7.136571034435439387e-01 6.174672276478221367e-02 1.000000000000000000e+00
4.967844188426161489e-01 3.816984686283289019e-01 1.000000000000000000e+00
1.853099590994087276e-01 9.582262188401866609e-01 0.000000000000000000e+00
4.715726852394439561e-01 2.804209957239712780e-01 0.000000000000000000e+00
6.581918474211463366e-01 2.232845147905915262e-01 0.000000000000000000e+00
5.100725923879878554e-01 4.040927062844363871e-01 1.000000000000000000e+00
4.259149628966553136e-01 2.710560285835355021e-01 0.000000000000000000e+00
1.181090900675565436e-01 5.415714194895349110e-01 1.000000000000000000e+00
7.098819067637985869e-01 3.118902230747779836e-01 0.000000000000000000e+00
2.314923100785193366e-02 2.483046758816066513e-01 0.000000000000000000e+00
6.027431232687079365e-01 7.784377880721429221e-01 1.000000000000000000e+00
2.046236649250388062e-01 1.774669929388804634e-01 0.000000000000000000e+00
5.538678661038831663e-02 5.507699200319965405e-01 1.000000000000000000e+00
8.295241359024910777e-01 5.236043588221872547e-01 1.000000000000000000e+00
1.550953001447354929e-01 6.698945599524875893e-01 0.000000000000000000e+00
7.999829943995124815e-01 2.488655706392117750e-02 0.000000000000000000e+00
1.989884424717975886e-01 3.045291358106098079e-01 0.000000000000000000e+00
7.950098476986541263e-01 4.218182817348967717e-01 1.000000000000000000e+00
6.079952329010721579e-01 4.773086108283781659e-01 1.000000000000000000e+00
5.146292594668681053e-01 1.921966760891541393e-01 0.000000000000000000e+00
6.442932100101526061e-01 6.899232792630044520e-01 1.000000000000000000e+00
2.535087328619531899e-01 9.056115877891603994e-01 0.000000000000000000e+00
7.770273873179187607e-01 7.503204787174755364e-01 1.000000000000000000e+00
5.329251466332688425e-01 9.853410184730999610e-01 0.000000000000000000e+00
8.190386807824211468e-01 1.874618929773889109e-01 0.000000000000000000e+00
4.143605796519647111e-01 3.953260315377599143e-01 1.000000000000000000e+00
4.034532682824688576e-01 1.464249375564751210e-01 0.000000000000000000e+00
7.572028829842580855e-02 3.607637961614048594e-01 0.000000000000000000e+00
9.429974164608940779e-01 9.685354536824504201e-01 0.000000000000000000e+00
6.740711019971011853e-01 9.967332402060922192e-01 0.000000000000000000e+00
3.714931306835672631e-01 1.336442151966180658e-01 0.000000000000000000e+00
3.366993254112398137e-01 3.434807447617879150e-01 0.000000000000000000e+00
5.877133627561536011e-01 5.402959741578184927e-01 1.000000000000000000e+00
6.904966279940409901e-01 8.108678311610049150e-01 1.000000000000000000e+00
8.711299775659750999e-01 1.520101257083916746e-01 0.000000000000000000e+00
1.366666188321346009e-01 4.671074058378842375e-01 0.000000000000000000e+00
9.005352801085674264e-01 6.457410770337630446e-01 1.000000000000000000e+00
7.976004843145778622e-01 1.584643253737207935e-01 0.000000000000000000e+00
4.162722234033543467e-01 7.295257763869618106e-01 1.000000000000000000e+00
5.213659235558859573e-01 9.627335014632084631e-01 0.000000000000000000e+00
2.658049281104746253e-02 2.225990109509142778e-01 0.000000000000000000e+00
6.968852106717853268e-01 2.647330494598427730e-01 0.000000000000000000e+00
3.888161863169961041e-01 4.141791691229412820e-03 0.000000000000000000e+00
7.642524732042298430e-01 9.172192618546888276e-01 0.000000000000000000e+00
8.495241053471046522e-01 7.562686643346125948e-01 0.000000000000000000e+00
9.069284122586915853e-01 7.511398911299435044e-01 0.000000000000000000e+00
5.036944462956334245e-01 5.327524661424011265e-01 1.000000000000000000e+00
2.026576191572792007e-01 1.588590178149507093e-01 0.000000000000000000e+00
1.136428738111757708e-01 4.568021423746501108e-01 0.000000000000000000e+00
7.371649408464480135e-01 5.128372137303720546e-01 1.000000000000000000e+00
8.746310755257727942e-01 8.555423086088713713e-01 0.000000000000000000e+00
3.800937268519108958e-01 2.551717261882260335e-01 0.000000000000000000e+00
6.256336182899300269e-01 1.421179992730602359e-01 1.000000000000000000e+00
1.605472299645358536e-01 8.030734709215242573e-01 0.000000000000000000e+00
5.345790033882595882e-01 7.628667117501789496e-01 1.000000000000000000e+00
1.723914779933077845e-01 2.962095327229942177e-01 0.000000000000000000e+00
8.908135326433866963e-01 5.355519609199832498e-02 0.000000000000000000e+00
6.580324040673984909e-01 6.026814189657490051e-01 1.000000000000000000e+00
3.209935334224901515e-01 2.267379186803297753e-02 0.000000000000000000e+00
6.775018904117808827e-01 3.240125897560469648e-01 1.000000000000000000e+00
4.999937352862984241e-01 8.061198122641284325e-01 1.000000000000000000e+00
4.935791114653645950e-01 2.292505066618807374e-01 0.000000000000000000e+00
7.878191928480884343e-01 4.503210352244493286e-01 1.000000000000000000e+00
2.803778168160357964e-01 3.852510831013977732e-02 0.000000000000000000e+00
5.968086208446694574e-01 5.430833913569150795e-01 1.000000000000000000e+00
2.865799352930982202e-01 4.850146004555591084e-01 0.000000000000000000e+00
2.032189170410457768e-01 2.202079301631213459e-01 0.000000000000000000e+00
6.701587645040324448e-01 6.551021224858896153e-01 1.000000000000000000e+00
5.575276105775728297e-02 4.254361573993260537e-01 0.000000000000000000e+00
3.867403140063462308e-01 2.727482338361775227e-02 0.000000000000000000e+00
7.852122922712648778e-01 9.169523724245284280e-01 0.000000000000000000e+00
7.643557911534049065e-01 4.132144896702732995e-01 1.000000000000000000e+00
9.758404580658547323e-01 8.176713731357448944e-01 0.000000000000000000e+00
1.533384375129911437e-01 1.729802247588533293e-01 0.000000000000000000e+00
6.184168060903849629e-02 2.422238713112067066e-01 0.000000000000000000e+00
8.069377896043216092e-01 1.476064629894124902e-01 0.000000000000000000e+00
2.636251493362903320e-01 5.106194176188966205e-01 0.000000000000000000e+00
6.085893581266881291e-01 3.769202169204629582e-01 1.000000000000000000e+00
4.863504480715729050e-01 7.305023433617044981e-01 1.000000000000000000e+00
8.470117994623874713e-01 9.104170710046688431e-01 0.000000000000000000e+00
3.409468808813391760e-01 8.126380967580923986e-01 0.000000000000000000e+00
4.370461233101431420e-01 1.393198741540253582e-01 0.000000000000000000e+00
8.198288978166576868e-01 7.204656848790846890e-01 1.000000000000000000e+00
9.123110119604350698e-01 7.411058222161158726e-01 0.000000000000000000e+00
6.179741711809250138e-02 8.348740979436604093e-01 0.000000000000000000e+00
2.577788207281332955e-01 3.825743174731677243e-01 0.000000000000000000e+00
3.123823654989440479e-01 1.314693148920360599e-01 0.000000000000000000e+00
2.264872603143599505e-01 3.267573852950267366e-01 0.000000000000000000e+00
2.988896496536205261e-01 5.228174835943584231e-01 1.000000000000000000e+00
9.271356176116318792e-02 2.961584438643463102e-01 0.000000000000000000e+00
5.789352801072870092e-01 6.608198567791517819e-01 1.000000000000000000e+00
7.360908706996364126e-01 5.062214075461792806e-01 1.000000000000000000e+00
1.405764071027593154e-02 6.128353627114767610e-01 1.000000000000000000e+00
5.258940190174569151e-01 7.093567711095331019e-01 1.000000000000000000e+00
4.253695455501460554e-02 3.258786871772839655e-01 0.000000000000000000e+00
4.752092353011391213e-01 8.788105345135942548e-01 0.000000000000000000e+00
5.938383265839076719e-01 8.307878212436364818e-01 1.000000000000000000e+00
8.471729109850161255e-01 2.263272269769158740e-01 0.000000000000000000e+00
4.449863342178269621e-01 7.493895423117689081e-01 1.000000000000000000e+00
5.717931486940431851e-01 2.273535065412329859e-01 1.000000000000000000e+00
9.987446532997141802e-01 6.597846081410597696e-01 0.000000000000000000e+00
8.551829676154523163e-01 1.819245093668124813e-01 0.000000000000000000e+00
9.024875758305384021e-01 5.968443616308579669e-01 1.000000000000000000e+00
3.242833445543644721e-01 3.093627389531106164e-02 0.000000000000000000e+00
5.442178010655742693e-01 1.410864752829321667e-02 1.000000000000000000e+00
3.130265299414564106e-01 1.308412924450849113e-01 0.000000000000000000e+00
1.427219045661726193e-01 9.620983594283071261e-01 0.000000000000000000e+00
5.499809120879958213e-01 6.164896974275191344e-02 1.000000000000000000e+00
7.851495466510417520e-01 4.486511608245763449e-01 1.000000000000000000e+00
7.535744427131633172e-01 3.231813564954990614e-01 0.000000000000000000e+00
3.884030519035615026e-01 7.223377739906471362e-01 1.000000000000000000e+00
6.601433869476789340e-01 4.664764834815267047e-01 1.000000000000000000e+00
6.020674642462794379e-01 7.854872387901769004e-01 1.000000000000000000e+00
8.928296586901803833e-01 7.963333748907319709e-01 0.000000000000000000e+00
3.429366409217090572e-01 5.489414846253315439e-02 0.000000000000000000e+00
9.798149257081884000e-01 3.726195151737045075e-01 0.000000000000000000e+00
6.289240982390195134e-01 8.624171313277047002e-01 1.000000000000000000e+00
8.547581629752153409e-01 1.020788179110587723e-02 0.000000000000000000e+00
1.822674840446372180e-01 2.428151792068971027e-01 0.000000000000000000e+00
3.440104521036581042e-01 6.041707786210407383e-01 1.000000000000000000e+00
4.404194383586502726e-01 7.410598937553221077e-01 1.000000000000000000e+00
8.849915361080842313e-01 8.588448342349497278e-01 0.000000000000000000e+00
9.900380810831435063e-01 6.546849720168352871e-01 0.000000000000000000e+00
1.086565604270368635e-01 8.825959864677754840e-01 0.000000000000000000e+00
7.428083487573887700e-01 6.174529355549062126e-01 1.000000000000000000e+00
7.783400813972118915e-02 6.088405130018714750e-02 0.000000000000000000e+00
9.410754687335509683e-02 2.302615082096288734e-01 0.000000000000000000e+00
2.158320661942102481e-01 6.133547641991773380e-01 0.000000000000000000e+00
1.877983821120197128e-01 5.399604784878556663e-01 0.000000000000000000e+00
8.039477097185522281e-01 6.288969910928191576e-01 1.000000000000000000e+00
6.791623359273747385e-01 3.069076432783469643e-01 1.000000000000000000e+00
6.709514626158121775e-01 6.823095059075618973e-01 1.000000000000000000e+00
5.787921248540451868e-01 8.387292586873751343e-02 1.000000000000000000e+00
7.784144709651017457e-01 8.787005624301605922e-01 0.000000000000000000e+00
5.444229564420960399e-01 7.659473398035273606e-01 1.000000000000000000e+00
6.935894593869380564e-01 6.519109170141451637e-01 1.000000000000000000e+00
5.373630109964226964e-01 8.861057292733960367e-01 1.000000000000000000e+00
9.855066676733637010e-03 4.765734649443983395e-01 1.000000000000000000e+00
7.678122532345440510e-01 3.996097455837842594e-01 1.000000000000000000e+00
7.200539403229090363e-01 4.086859635032402682e-01 1.000000000000000000e+00
7.373723361248327723e-01 1.079023572632441530e-01 0.000000000000000000e+00
5.130359368445125412e-01 2.637940399122187252e-01 0.000000000000000000e+00
8.593672125629499003e-01 5.058656837828326980e-01 1.000000000000000000e+00
5.108473261343413618e-01 4.486943916857609738e-01 1.000000000000000000e+00
7.681474360997738726e-01 6.415322790958379873e-01 1.000000000000000000e+00
9.944998103456702543e-01 2.621835438661676010e-01 0.000000000000000000e+00
2.321896423859892700e-02 6.795178686363598786e-01 1.000000000000000000e+00
9.277547587771013404e-01 4.134910368846393958e-01 0.000000000000000000e+00
1.564172996274372229e-01 7.834681970704474585e-01 0.000000000000000000e+00
1.110771224763367204e-01 3.532247559158105954e-01 0.000000000000000000e+00
9.548903552833289954e-01 9.481292010218667077e-01 0.000000000000000000e+00
1.003778562910170313e-01 9.457855930856285953e-01 0.000000000000000000e+00
3.356524535634840545e-01 4.185054832762939991e-01 0.000000000000000000e+00
6.361245224208796900e-01 8.563689612490674730e-01 1.000000000000000000e+00
5.120425615469335057e-01 4.623834142492386778e-01 1.000000000000000000e+00
7.983491457110172274e-01 3.336701676921194348e-02 0.000000000000000000e+00
5.951742480389754508e-01 1.104103949446233468e-01 1.000000000000000000e+00
7.428957259528098378e-01 3.329890676717146558e-01 0.000000000000000000e+00
3.157974410926707165e-01 2.922620747899515870e-01 0.000000000000000000e+00
1.068445274536664602e-01 4.842418691528397323e-01 0.000000000000000000e+00
1.717346352987062508e-01 1.478548459928769043e-01 0.000000000000000000e+00
6.806445037744104365e-01 3.320387623637776064e-01 1.000000000000000000e+00
2.672011931145844565e-01 6.215049608090436051e-01 1.000000000000000000e+00
7.685868649057955304e-01 7.454087282081111043e-01 1.000000000000000000e+00
4.686996692124505426e-01 9.672371382572595433e-01 0.000000000000000000e+00
7.331643369050833137e-02 9.517816599283120960e-01 0.000000000000000000e+00
9.294296792450836842e-01 1.489182561928602544e-01 0.000000000000000000e+00
8.731926873553127466e-01 1.717123187263931428e-01 0.000000000000000000e+00
9.708426893734668495e-01 1.358503079727551022e-01 0.000000000000000000e+00
3.441438865702933780e-01 2.091200318014263537e-02 0.000000000000000000e+00
8.614497035230025412e-01 1.261493359733594222e-01 0.000000000000000000e+00
9.663310078117953728e-01 5.056915685310966468e-01 0.000000000000000000e+00
8.420160579347586438e-01 1.038024339705806431e-01 0.000000000000000000e+00
7.124236167229073269e-01 3.448009893514553115e-01 1.000000000000000000e+00
9.011066232207044502e-01 9.094308337063822245e-01 0.000000000000000000e+00
4.551738921372694424e-01 5.476037352227740573e-01 1.000000000000000000e+00
7.983322749607324464e-02 4.259051272075622396e-01 0.000000000000000000e+00
1.456842470111263665e-01 2.685280228012520976e-01 0.000000000000000000e+00
2.258002946313619752e-01 4.026259132112919303e-02 0.000000000000000000e+00
7.355313191679935247e-02 3.587824887644196492e-01 0.000000000000000000e+00
1.165052693155884667e-01 7.025801439392076464e-01 0.000000000000000000e+00
9.639318007477486461e-01 1.712439025672745085e-01 0.000000000000000000e+00
8.165500592772135802e-01 3.137272297408695287e-01 0.000000000000000000e+00
8.516403918642256876e-01 1.830827215112770245e-01 0.000000000000000000e+00
7.443094162236093547e-01 8.154970091823997569e-01 1.000000000000000000e+00
6.515120172741657445e-01 1.530616846401041675e-01 0.000000000000000000e+00
2.533392840178742000e-01 9.802924351853600227e-01 0.000000000000000000e+00
4.606450538325886912e-01 2.450941178250288788e-01 0.000000000000000000e+00
7.195701872420023903e-01 9.936805302210679480e-01 0.000000000000000000e+00
1.352210173996950537e-01 1.061554219448066494e-01 0.000000000000000000e+00
4.793430165051939529e-01 2.091872722189451750e-01 0.000000000000000000e+00
2.774756138606409017e-01 5.637947933255794686e-01 1.000000000000000000e+00
2.383035677539314667e-01 4.064045481172329222e-02 0.000000000000000000e+00
9.831320315334078908e-01 3.091090649954615355e-01 0.000000000000000000e+00
6.608458413500901685e-01 5.594332989918127108e-01 1.000000000000000000e+00
3.957490424375925686e-01 7.554266539750986720e-01 1.000000000000000000e+00
1.146823396794118821e-01 4.517612215899646788e-01 0.000000000000000000e+00
2.063251716870883046e-01 8.565825753416567157e-02 0.000000000000000000e+00
3.354765070019294360e-02 4.384548928297089532e-01 1.000000000000000000e+00
9.443035863944088115e-01 6.885826404597454875e-01 0.000000000000000000e+00
7.996465006127391195e-01 6.281044686209443784e-01 1.000000000000000000e+00
8.266372143047456822e-01 7.523158338842694803e-02 0.000000000000000000e+00
1.765076052188635503e-01 5.672368652368127151e-01 0.000000000000000000e+00
4.020084097973437576e-01 7.291445697399371317e-01 1.000000000000000000e+00
3.207761385941800825e-01 9.223848144394848347e-01 0.000000000000000000e+00
5.174222040415774604e-01 8.061362216065005581e-01 1.000000000000000000e+00
1.579027022720863593e-01 2.683802166911958276e-01 0.000000000000000000e+00
3.730206003554628058e-01 4.134695242622157263e-01 1.000000000000000000e+00
8.012403386800376337e-01 9.721704402769366649e-01 0.000000000000000000e+00
7.682154572839443585e-01 2.776921709176130015e-01 0.000000000000000000e+00
6.942319287266318639e-02 3.040445600504917412e-01 0.000000000000000000e+00
4.737554099615339798e-01 4.026567100028729529e-01 1.000000000000000000e+00
5.677556954670753830e-01 9.144287782268630815e-01 1.000000000000000000e+00
7.885510840372403907e-01 9.217735903291452981e-01 0.000000000000000000e+00
8.715741375977981154e-02 1.023064295628248743e-01 0.000000000000000000e+00
5.200325500758068431e-01 1.657291874176991531e-02 1.000000000000000000e+00
1.335623667367275003e-01 5.273518954838420925e-01 1.000000000000000000e+00
3.324549077442584544e-02 5.890797718876089606e-01 1.000000000000000000e+00
8.702477494064168040e-01 3.428274882029997972e-01 0.000000000000000000e+00
3.831460554636657578e-01 6.685197828427935640e-02 0.000000000000000000e+00
7.450807635263578810e-02 7.685902976634945150e-01 0.000000000000000000e+00
9.407823668948308571e-01 3.144210760601848786e-01 0.000000000000000000e+00
5.265410262861142110e-01 1.574031018301043083e-01 0.000000000000000000e+00
8.528686045233535573e-02 5.663031748955367206e-01 1.000000000000000000e+00
8.571578251832833173e-01 9.035269201734863476e-02 0.000000000000000000e+00
2.241189670720475924e-01 6.732925599798014193e-01 0.000000000000000000e+00
5.764423641690537004e-01 4.140561146253914915e-01 1.000000000000000000e+00
1.310122151990049666e-01 5.340826291989438923e-01 1.000000000000000000e+00
8.281180209039802342e-01 3.187016425835401678e-01 0.000000000000000000e+00
4.852559736130650503e-01 1.073914633872319335e-01 0.000000000000000000e+00
4.678087201180036736e-01 3.587462921739853483e-01 1.000000000000000000e+00
6.971831772778864789e-01 3.120999947784433015e-01 1.000000000000000000e+00
1.097169686234560348e-01 7.186309600022752209e-01 0.000000000000000000e+00
3.791387104115662154e-01 3.267358474664109336e-01 0.000000000000000000e+00
9.596711386030383206e-01 4.606492912593580513e-01 0.000000000000000000e+00
7.511507765947086357e-01 7.320345240272133625e-01 1.000000000000000000e+00
2.892274529248508586e-01 7.238359270586708361e-01 0.000000000000000000e+00
3.696704426903194562e-01 6.798504525093056472e-01 1.000000000000000000e+00
1.840782151598573391e-01 9.898717580616674949e-01 0.000000000000000000e+00
7.905478422503919855e-01 1.204657032924372206e-02 0.000000000000000000e+00
5.164703133541952429e-01 5.948258617760651124e-01 1.000000000000000000e+00
3.273473341046847507e-01 8.673663585956855604e-01 0.000000000000000000e+00
5.981880936208581190e-01 5.943984703962861271e-01 1.000000000000000000e+00
8.858155650473287235e-02 2.579080709965941853e-01 0.000000000000000000e+00
1.934996425261197306e-01 7.561150837852460560e-01 0.000000000000000000e+00
7.396385463073464894e-01 7.738772733125015568e-01 1.000000000000000000e+00
9.851827761790837856e-01 2.177941931687013000e-01 0.000000000000000000e+00
6.971469704161140646e-01 3.244895435341631496e-01 1.000000000000000000e+00
9.227788802628592579e-01 6.949737763569239224e-01 0.000000000000000000e+00
6.511741770561453313e-01 9.865819563538890113e-01 0.000000000000000000e+00
1.711825839781140335e-01 4.544427288306279733e-01 0.000000000000000000e+00
5.152931638670174008e-01 9.685512608391739775e-01 0.000000000000000000e+00
6.354417327291560502e-01 9.436957048305060214e-01 0.000000000000000000e+00
4.955676989738885263e-01 6.073023293202672868e-01 1.000000000000000000e+00
2.386103052982990747e-01 1.127861083860491886e-01 0.000000000000000000e+00
1.648617050829037645e-02 6.975458399502360018e-01 1.000000000000000000e+00
3.371174782527257552e-01 5.669464853771092328e-01 1.000000000000000000e+00
9.885348014142336659e-01 3.899594558490746543e-01 0.000000000000000000e+00
7.848278850369179160e-01 9.937262072601369400e-01 0.000000000000000000e+00
1.733424066933694219e-01 9.779953139702600717e-01 0.000000000000000000e+00
7.151734680666435029e-01 3.490169846707024126e-01 1.000000000000000000e+00
1.891764468646670583e-01 9.830779656498744856e-02 0.000000000000000000e+00
2.331389986418623828e-01 6.447459382621210100e-01 0.000000000000000000e+00
6.819424851097077855e-01 3.774104447557388164e-01 1.000000000000000000e+00
3.667456104539610351e-01 4.271493985326465515e-01 1.000000000000000000e+00
8.673684211073722228e-01 5.604934480489325299e-01 1.000000000000000000e+00
1.718118862118441781e-01 3.317864157394305735e-01 0.000000000000000000e+00
4.035768036871597575e-01 4.684083579909545936e-01 1.000000000000000000e+00
8.373989201085407785e-01 9.126581591631599544e-01 0.000000000000000000e+00
4.577760144865758996e-01 6.679029228181935229e-01 1.000000000000000000e+00
7.742025218019018551e-01 9.273753532686355161e-01 0.000000000000000000e+00
8.458446967610826484e-01 6.541870461347879528e-01 1.000000000000000000e+00
5.784300041638216205e-01 5.109110955921944974e-01 1.000000000000000000e+00
9.347315604411144951e-01 2.335374934539574676e-01 0.000000000000000000e+00
9.699306198451523864e-01 7.319530850081592543e-01 0.000000000000000000e+00
8.108955832932811525e-01 3.893523505247371563e-01 0.000000000000000000e+00
9.582557420683990301e-01 5.117229648284327137e-02 0.000000000000000000e+00
8.477176047443553131e-01 1.585141324267906882e-01 0.000000000000000000e+00
9.300265917609603639e-01 3.482396420752889021e-01 0.000000000000000000e+00
1.498814707715366845e-01 8.293237522342773449e-01 0.000000000000000000e+00
3.514808706676835204e-01 1.382231894374050807e-01 0.000000000000000000e+00
2.666822433848567986e-01 9.923979251465886442e-01 0.000000000000000000e+00
1.384506189041204705e-01 5.314105375766929873e-01 1.000000000000000000e+00
8.596603822366055692e-02 9.648353317966990028e-01 0.000000000000000000e+00
1.430194442834894497e-01 6.716681915701735450e-01 0.000000000000000000e+00
6.536445432882957984e-01 1.676787689858869612e-01 0.000000000000000000e+00
5.757881552776075162e-01 7.678542714297161842e-01 1.000000000000000000e+00
9.413876513472341223e-02 7.915412789224283152e-01 0.000000000000000000e+00
9.309566977918857233e-01 5.045516048261260433e-01 0.000000000000000000e+00
8.509188908530735951e-01 1.315136328017707523e-01 0.000000000000000000e+00
5.576980543516948385e-01 2.951027620211003066e-01 1.000000000000000000e+00
5.921292366716832678e-01 6.385018617065433277e-01 1.000000000000000000e+00
3.939276320479156990e-01 1.900444549040125608e-02 0.000000000000000000e+00
6.534657494355666785e-01 1.323359899529621408e-01 0.000000000000000000e+00
1.644386072435130020e-01 8.479007701177365686e-01 0.000000000000000000e+00
1.373838705983447817e-01 7.305866939365667223e-01 0.000000000000000000e+00
4.937197946915723445e-01 8.622770121826364154e-01 1.000000000000000000e+00
7.761290362528220355e-01 3.025512043089979564e-01 0.000000000000000000e+00
4.216518384708994871e-01 5.137413142634110752e-01 1.000000000000000000e+00
6.027581263302973502e-01 1.312039364687529464e-01 1.000000000000000000e+00
3.270404195812794956e-01 4.138375498214086345e-01 0.000000000000000000e+00
7.383063487627367083e-01 5.779994307176352653e-01 1.000000000000000000e+00
4.660902547078094038e-01 3.106744284157625380e-01 0.000000000000000000e+00
9.091411062433418788e-01 3.036115728323620644e-01 0.000000000000000000e+00
2.782730676078150056e-01 7.558883318802366302e-01 0.000000000000000000e+00
8.023867796462030855e-01 7.977894211030704952e-01 0.000000000000000000e+00
3.757077463269445916e-01 9.895892186446892946e-01 0.000000000000000000e+00
5.174804400594641418e-01 6.722873916746141543e-02 1.000000000000000000e+00
7.151675680986951944e-01 7.190580317874416538e-01 1.000000000000000000e+00
3.643000559470832567e-01 8.685115635273813472e-01 0.000000000000000000e+00
6.419362831763471000e-01 6.350560148445393294e-01 1.000000000000000000e+00
2.174100116003158112e-01 7.188063623921793210e-01 0.000000000000000000e+00
7.539311542106361674e-01 1.795582167698912546e-01 0.000000000000000000e+00
4.507257643101170164e-01 2.904078070771289877e-01 0.000000000000000000e+00
3.117543743957069680e-01 1.148198256780317283e-01 0.000000000000000000e+00
6.315083832286253473e-01 8.060641186251503720e-01 1.000000000000000000e+00
7.061787750960698551e-01 7.830524783976198222e-01 1.000000000000000000e+00
7.088294975020619226e-01 9.151625717801444848e-01 0.000000000000000000e+00
2.878675957817954378e-01 5.846917153984219073e-01 1.000000000000000000e+00
4.905969647471185580e-01 8.799085783352409429e-01 1.000000000000000000e+00
3.342037840534330950e-01 2.464406527933327151e-02 0.000000000000000000e+00
4.880821543230372539e-01 8.078916712321891902e-01 1.000000000000000000e+00
6.766772229916683257e-01 7.515008732638432942e-01 1.000000000000000000e+00
1.259763063536589733e-03 9.565837913263846026e-01 0.000000000000000000e+00
4.086936202801390028e-01 1.444939722009541683e-01 0.000000000000000000e+00
1.345422361533057387e-01 7.093485350677264378e-01 0.000000000000000000e+00
1.282031782487202953e-01 8.098716099077780672e-01 0.000000000000000000e+00
7.674757180790650057e-01 9.272348463024422394e-01 0.000000000000000000e+00
7.603472069776420206e-01 1.041012712284886677e-01 0.000000000000000000e+00
7.819939951482035578e-01 4.028840696542302924e-01 1.000000000000000000e+00
7.002036920177252544e-01 5.670516158983948118e-01 1.000000000000000000e+00
5.036321236951684099e-01 2.986206883169139070e-01 1.000000000000000000e+00
4.488547494589557596e-01 6.410283793528755991e-01 1.000000000000000000e+00
2.697409689214963491e-01 7.637759727492936523e-01 0.000000000000000000e+00
2.309405397778701019e-01 4.893636166662569398e-01 0.000000000000000000e+00
5.875417268859135511e-01 7.355136090653995318e-01 1.000000000000000000e+00
3.121260986880888266e-01 8.798030685196247536e-01 0.000000000000000000e+00
8.654768343742058612e-01 8.081729997902198370e-02 0.000000000000000000e+00
5.129443909920872180e-02 5.639898109411493055e-01 1.000000000000000000e+00
7.009005415593605459e-01 7.344626541148635557e-01 1.000000000000000000e+00
4.346861929720121642e-01 3.515098803351339729e-01 1.000000000000000000e+00
1.967870258896389224e-01 6.602660647110648595e-01 0.000000000000000000e+00
2.791703367664118973e-01 8.882928294213326970e-01 0.000000000000000000e+00
3.218647331544755019e-01 7.075874858848331117e-01 1.000000000000000000e+00
5.504873610411797902e-02 3.071205655415997215e-01 0.000000000000000000e+00
8.621228920117969263e-01 8.300502832435896483e-01 0.000000000000000000e+00
5.332918914679096734e-02 2.492499499708110688e-01 0.000000000000000000e+00
1.305605490191711349e-01 5.796760938362011117e-01 1.000000000000000000e+00
5.974339955216083631e-01 3.936552689608545652e-01 1.000000000000000000e+00
1.840559458589829944e-01 3.584916586744284484e-01 0.000000000000000000e+00
8.366535767634052378e-01 5.472158598747300928e-02 0.000000000000000000e+00
6.260630713738977171e-01 5.202794116092201993e-01 1.000000000000000000e+00
7.944773727164771149e-01 9.812096516864210471e-01 0.000000000000000000e+00
7.213211828371370871e-01 5.246825108081026867e-01 1.000000000000000000e+00
2.069181872584595627e-01 7.577990651651098641e-01 0.000000000000000000e+00
7.989839143064331184e-01 9.236426110567291792e-01 0.000000000000000000e+00
9.851215832272579576e-01 1.870752295969706491e-01 0.000000000000000000e+00
9.662838431419086271e-01 4.884438094066267944e-01 0.000000000000000000e+00
4.128238807141589861e-01 1.094658668797985346e-01 0.000000000000000000e+00
1.317054335905766260e-01 4.960870714310858798e-01 0.000000000000000000e+00
3.464181369131120736e-01 7.118118641776592925e-01 1.000000000000000000e+00
8.158443363791554326e-01 5.090298754574368312e-01 1.000000000000000000e+00
6.429135021175665932e-01 3.613180834671186892e-01 1.000000000000000000e+00
8.134302309401179043e-01 6.150812539713340632e-01 1.000000000000000000e+00
4.573986559049048051e-02 2.512146504718819617e-01 0.000000000000000000e+00
8.661173831291244518e-01 9.881689274400317080e-01 0.000000000000000000e+00
8.056046794209071882e-01 5.598300562838461891e-01 1.000000000000000000e+00
5.510881436060283134e-01 8.157469034826276832e-01 1.000000000000000000e+00
6.762440412538750500e-02 3.263247956883591483e-01 0.000000000000000000e+00
4.938735785745590467e-01 3.411896290092155670e-01 1.000000000000000000e+00
5.088235549624012810e-01 2.319973646684757584e-01 0.000000000000000000e+00
9.737053288319005295e-01 6.256375004844093590e-01 0.000000000000000000e+00
1.429180284870482653e-01 2.743619723307463287e-01 0.000000000000000000e+00
2.818135046199986560e-01 2.412130371023393227e-01 0.000000000000000000e+00
6.982540877012852754e-01 8.116809322091197432e-01 1.000000000000000000e+00
3.100526562934359243e-01 1.629380033206826450e-01 0.000000000000000000e+00
1.204873112855081585e-01 7.336267434831710288e-01 0.000000000000000000e+00
3.927357860044285998e-01 2.365194156306671402e-02 0.000000000000000000e+00
4.375867290181321145e-01 3.296222241334617609e-01 0.000000000000000000e+00
3.139461344143879007e-01 1.251086315538787463e-01 0.000000000000000000e+00
4.688575131227857851e-01 4.815945122179792204e-01 1.000000000000000000e+00
3.213616481416341486e-01 7.494734153050486292e-02 0.000000000000000000e+00
5.598341445207175582e-01 3.895492593649874102e-01 1.000000000000000000e+00
9.030174231714142019e-01 3.688691306790092828e-02 0.000000000000000000e+00
9.769672793855087578e-01 7.307859512639752753e-01 0.000000000000000000e+00
4.528346623313302954e-01 5.144111909870102695e-01 1.000000000000000000e+00
7.986973515962650927e-01 6.526775256418460014e-01 1.000000000000000000e+00
4.963586203729405399e-01 8.141051553648676053e-01 1.000000000000000000e+00
3.357664055928567537e-01 4.459867116981045543e-01 0.000000000000000000e+00
8.788964403780977763e-01 6.045006347280938996e-01 1.000000000000000000e+00
8.778990896426264179e-01 3.162134688361081247e-01 0.000000000000000000e+00
5.437588853901452746e-01 7.453814756109411466e-01 1.000000000000000000e+00
9.985890030388220318e-01 7.027886040774357079e-01 0.000000000000000000e+00
1.435772021058411285e-01 6.939389628242456087e-01 0.000000000000000000e+00
5.087533787440359223e-01 2.623548418579413344e-01 0.000000000000000000e+00
1.681142616788586786e-01 7.599782388668288036e-01 0.000000000000000000e+00
1.410142194924046688e-01 8.497535994520334368e-01 0.000000000000000000e+00
1.333495716640270556e-01 1.527661615752329283e-02 0.000000000000000000e+00
3.950664712694108571e-01 8.623969475030007770e-01 0.000000000000000000e+00
2.637707014144907713e-02 5.920550814491142289e-01 1.000000000000000000e+00
9.188403433048941693e-01 5.182085271859266928e-01 0.000000000000000000e+00
5.688887466421761463e-01 1.612399937563820940e-01 1.000000000000000000e+00
4.276553697304499302e-01 3.927616471616538485e-01 1.000000000000000000e+00
7.702284770676957049e-01 8.141974991769340697e-01 0.000000000000000000e+00
1.985876316659237473e-01 5.666072742129749651e-01 0.000000000000000000e+00
5.141290881240184740e-01 2.951755026944428151e-01 1.000000000000000000e+00
3.695668763946652335e-01 3.406085151729576488e-03 0.000000000000000000e+00
5.692381748544965703e-01 8.361947745878633986e-01 1.000000000000000000e+00
9.288010735826545128e-01 8.374107155248083911e-01 0.000000000000000000e+00
8.487542746446172792e-01 9.391308909276430139e-01 0.000000000000000000e+00
4.900319921337810136e-01 2.710031186872674525e-02 1.000000000000000000e+00
6.632781310704611855e-01 4.575802543386627841e-01 1.000000000000000000e+00
4.869199785410118775e-01 4.999335438403017529e-01 1.000000000000000000e+00
9.480865964910466515e-01 4.925558997936108074e-01 0.000000000000000000e+00
8.203535262033468944e-01 4.250954932083202964e-01 0.000000000000000000e+00
8.334008350156096867e-01 6.362694570704360286e-01 1.000000000000000000e+00
7.345750103818871057e-01 2.603255418239506236e-01 0.000000000000000000e+00
9.800976172606519210e-01 3.120993326049562588e-01 0.000000000000000000e+00
6.517677093156177826e-01 9.551945844928724227e-01 0.000000000000000000e+00
9.285056082544416167e-01 1.721521802170992155e-01 0.000000000000000000e+00
2.149732432313780084e-01 5.661896522442930735e-01 0.000000000000000000e+00
7.626206712069059090e-01 8.680247715032816114e-01 0.000000000000000000e+00
3.380312240082895547e-01 1.593282271245466397e-01 0.000000000000000000e+00
8.846106737037406909e-01 5.617843525015637773e-01 1.000000000000000000e+00
5.086659674122210317e-01 5.435542333281895289e-01 1.000000000000000000e+00
7.501033056962941314e-01 4.790233021128808000e-01 1.000000000000000000e+00
4.996299474584708911e-02 7.850343949432403434e-03 0.000000000000000000e+00
2.524494288818727172e-01 5.865548975556134081e-02 0.000000000000000000e+00
5.241426614078286139e-01 8.228077329533908246e-01 1.000000000000000000e+00
7.168170154337807354e-01 6.821343317268369066e-02 1.000000000000000000e+00
5.896042244964000423e-01 5.747556114495427915e-01 1.000000000000000000e+00
5.780079224104889279e-01 5.243064588030101891e-01 1.000000000000000000e+00
8.373974339126146749e-01 2.107899186539041736e-01 0.000000000000000000e+00
5.186178924658816358e-01 6.136100228247146626e-01 1.000000000000000000e+00
7.584005623066947255e-02 8.470712753520835969e-01 0.000000000000000000e+00
2.680430182901427649e-02 2.764373943156301916e-01 0.000000000000000000e+00
1.903024995223522309e-01 3.570694500739283184e-01 0.000000000000000000e+00
8.066526582345360241e-01 7.523487265832510262e-01 1.000000000000000000e+00
5.213177084090369062e-01 6.645336122508485044e-01 1.000000000000000000e+00
1.399065741783210859e-01 7.509851553303912297e-01 0.000000000000000000e+00
6.733026496840529562e-01 9.222525568134324336e-01 0.000000000000000000e+00
3.937661646529206916e-01 1.494137222014220168e-01 0.000000000000000000e+00
1.748666219674587241e-01 7.625155814403693499e-01 0.000000000000000000e+00
3.659291370364803342e-04 1.573263823340325107e-01 0.000000000000000000e+00
3.360915931121783995e-01 1.106668561894174063e-01 0.000000000000000000e+00
3.711672269672680047e-01 6.518480796328773863e-02 0.000000000000000000e+00
3.280234365033624089e-01 8.834664635637259344e-01 0.000000000000000000e+00
3.519433202637726188e-01 6.220428965895791196e-01 1.000000000000000000e+00
7.908606825952869679e-01 1.970446008046685682e-01 0.000000000000000000e+00
2.601569915463696203e-01 9.722542225092123402e-02 0.000000000000000000e+00
7.586423535238268068e-01 4.681893808920776223e-01 1.000000000000000000e+00
7.977426852187663453e-02 3.711721989463140359e-01 0.000000000000000000e+00
1.395369912862785000e-01 1.826941908163669526e-01 0.000000000000000000e+00
6.889354292798789414e-01 9.347454643896980775e-01 0.000000000000000000e+00
4.007709473519416310e-02 3.956933162498232903e-02 0.000000000000000000e+00
8.653064848259006681e-02 8.206822030643594612e-01 0.000000000000000000e+00
4.439346896958644706e-01 1.681106215835431739e-01 0.000000000000000000e+00
4.253378733579515902e-02 9.773591791189657485e-01 0.000000000000000000e+00
6.934747371733027688e-01 1.598557739245836107e-01 0.000000000000000000e+00
4.909258067981860929e-01 2.356538746539806883e-01 0.000000000000000000e+00
2.079192639819232857e-01 8.496826767826389792e-01 0.000000000000000000e+00
3.135328078646530958e-01 2.074079628396175989e-01 0.000000000000000000e+00
4.409480121588200685e-01 9.323208266054039406e-01 0.000000000000000000e+00
6.264355377774804001e-01 6.065565661154592725e-01 1.000000000000000000e+00
6.908044343928253506e-01 3.042351305390350591e-01 1.000000000000000000e+00
1.366380675814946599e-01 6.553707795400741665e-01 0.000000000000000000e+00
6.981860775562154231e-02 2.098827976305446263e-01 0.000000000000000000e+00
2.924243727456008468e-01 2.833250850862026882e-01 0.000000000000000000e+00
4.704513963927974274e-01 6.587299190102047231e-02 1.000000000000000000e+00
1.696235649498383236e-01 3.133169262404853495e-01 0.000000000000000000e+00
9.867751091078293957e-01 6.591378176530043875e-01 0.000000000000000000e+00
9.671186340813056059e-01 8.361465051338288212e-01 0.000000000000000000e+00
9.896211514181696423e-02 4.635694653391309039e-03 0.000000000000000000e+00
8.445006300764927865e-01 3.714913405282941339e-01 0.000000000000000000e+00
4.776926007066071289e-01 6.772173506356758965e-01 1.000000000000000000e+00
7.670280490429626230e-01 1.430998578989893799e-01 0.000000000000000000e+00
6.828643271486759536e-01 8.698944703029424241e-01 1.000000000000000000e+00
9.683437196395786595e-01 3.977661979436573070e-01 0.000000000000000000e+00
4.502860657126462884e-01 4.320164070980987425e-01 1.000000000000000000e+00
6.702178360584635231e-01 7.198794475327482401e-01 1.000000000000000000e+00
4.549575689999033612e-01 2.842800947010116763e-01 0.000000000000000000e+00
5.264360977107623851e-01 3.807934367754883809e-01 1.000000000000000000e+00
3.685706557139684092e-01 7.127478452194262459e-01 1.000000000000000000e+00
8.382336657498906662e-01 7.130670962977825322e-02 0.000000000000000000e+00
4.724718123003405212e-01 3.342808547329865210e-01 1.000000000000000000e+00
7.134013884232935920e-01 7.099832631257649851e-01 1.000000000000000000e+00
1.105689598713958111e-01 1.227800919916002265e-01 0.000000000000000000e+00
8.515253885733640171e-01 5.580129073722471800e-01 1.000000000000000000e+00
8.945219282721631471e-01 5.134094977064255216e-01 1.000000000000000000e+00
3.930730321702066155e-01 4.344143378973204239e-01 1.000000000000000000e+00
1.231874091631224299e-02 2.210959222454067508e-02 0.000000000000000000e+00
9.026473941554115088e-01 6.224970686601996039e-01 1.000000000000000000e+00
8.248691972995190191e-01 8.749359849687157187e-01 0.000000000000000000e+00
6.862454198901023483e-01 3.248517956656657990e-01 1.000000000000000000e+00
1.435789371413832560e-01 7.946025927598781013e-01 0.000000000000000000e+00
2.632024516885725918e-01 9.159064654458169974e-01 0.000000000000000000e+00
2.252581641232006548e-01 8.456454144374742077e-01 0.000000000000000000e+00
6.884089046057352279e-01 8.799987403308717759e-02 1.000000000000000000e+00
5.369129863550351489e-01 6.350862564925300324e-01 1.000000000000000000e+00
7.588826789442868481e-01 8.594102765870642591e-01 0.000000000000000000e+00
7.868991599615033916e-01 9.604551807383860940e-01 0.000000000000000000e+00
7.833278298876042989e-01 7.934869503789134804e-01 0.000000000000000000e+00
2.137043791952293326e-01 8.864378260357603789e-01 0.000000000000000000e+00
4.652367554059200216e-02 7.721184193023367115e-01 0.000000000000000000e+00
4.332778534410699489e-01 7.835557143252305234e-01 1.000000000000000000e+00
4.514045787120245512e-01 3.866301284163360386e-01 1.000000000000000000e+00
2.987538511525115181e-01 4.998898129673453594e-01 1.000000000000000000e+00
5.140574307066662074e-01 4.917761417623622844e-01 1.000000000000000000e+00
7.828331583592340603e-02 6.656768518661118073e-01 1.000000000000000000e+00
6.763021078432017719e-01 6.292876290285641661e-01 1.000000000000000000e+00
7.804117529556992006e-01 6.714660662277972536e-01 1.000000000000000000e+00
3.586106140822156174e-01 1.111405993282609250e-01 0.000000000000000000e+00
3.235864657157218049e-01 4.122086345586389866e-01 0.000000000000000000e+00
8.258038542124599424e-01 8.276043070495673337e-01 0.000000000000000000e+00
6.304631755005511984e-01 7.690456182187769274e-01 1.000000000000000000e+00
9.960531732121157278e-01 8.926022663365947851e-01 0.000000000000000000e+00
6.765781424081470652e-01 1.769152864629333077e-01 0.000000000000000000e+00
8.309422886465992475e-01 9.012642741614541597e-01 0.000000000000000000e+00
7.359704174524656084e-01 2.158360361309685782e-01 0.000000000000000000e+00
1.557729327065212610e-01 4.806488583050868568e-01 0.000000000000000000e+00
7.464613402186223157e-01 5.299675620596435710e-01 1.000000000000000000e+00
1.882371544703107524e-01 6.089364478975204387e-01 0.000000000000000000e+00
8.470666680317153752e-01 1.824703987026631280e-01 0.000000000000000000e+00
4.971674811656607851e-01 4.943534892771916933e-02 1.000000000000000000e+00
8.231517505221431774e-01 2.423703745246695851e-01 0.000000000000000000e+00
8.487194968149053276e-01 2.823586141012425221e-01 0.000000000000000000e+00
8.547224553775442102e-01 1.251556124944049886e-01 0.000000000000000000e+00
3.392291537030771575e-01 5.724420103774997548e-01 1.000000000000000000e+00
9.067956535526932038e-01 2.137856469475126753e-01 0.000000000000000000e+00
9.675469719120285417e-01 6.570717887342432117e-01 0.000000000000000000e+00
5.639184046518131987e-01 5.872486064582711496e-01 1.000000000000000000e+00
1.421903178782475408e-01 7.906746225673303430e-01 0.000000000000000000e+00
1.414760281451297175e-01 4.125806057711314256e-01 0.000000000000000000e+00
6.529299295314883178e-02 6.464757463546155769e-02 0.000000000000000000e+00
7.706945735776529194e-01 6.579701813221081608e-01 1.000000000000000000e+00
2.808669671446705207e-01 6.149940704447477424e-01 1.000000000000000000e+00
5.617734659310996692e-01 4.850478240587299261e-01 1.000000000000000000e+00
3.417251191545166433e-01 7.122104876781790717e-01 1.000000000000000000e+00
2.613798276395159492e-01 3.438106537497479520e-01 0.000000000000000000e+00
4.688333587790278756e-01 2.907496004415476287e-01 0.000000000000000000e+00
6.838205465342143130e-01 7.788679520648819077e-01 1.000000000000000000e+00
3.055579951741793643e-02 2.934731348536699924e-01 0.000000000000000000e+00
4.314268753372383358e-01 4.973767982183254777e-01 1.000000000000000000e+00
6.280028096867308340e-01 6.861741727503073429e-01 1.000000000000000000e+00
5.504203093714854500e-01 6.795601980879654169e-01 1.000000000000000000e+00
6.268349236472395836e-01 3.773537919541343211e-01 1.000000000000000000e+00
8.801638594909098057e-01 8.213505385856051388e-01 0.000000000000000000e+00
9.271197439776914795e-01 6.299893990460053717e-01 1.000000000000000000e+00
8.462522510494441264e-02 3.573270318193830786e-01 0.000000000000000000e+00
5.771136997594374929e-01 8.457853564195098039e-01 1.000000000000000000e+00
4.911463432869310752e-01 9.115572106643388128e-02 1.000000000000000000e+00
2.016576570008521418e-01 3.369644617248688245e-01 0.000000000000000000e+00
8.554064527035404319e-01 8.023462911837975220e-03 0.000000000000000000e+00
2.897020286401403855e-01 4.412149728783807401e-01 0.000000000000000000e+00
3.369554296303338692e-01 9.258057264247023799e-01 0.000000000000000000e+00
2.847735983982477848e-01 9.885579834816248246e-01 0.000000000000000000e+00
6.669249752831152289e-02 5.307348510646671125e-01 1.000000000000000000e+00
6.988643456635207363e-01 6.839862075379068429e-01 1.000000000000000000e+00
3.871343413774130937e-02 8.640351850407020917e-01 0.000000000000000000e+00
8.942807248755050287e-01 8.896691027103711402e-01 0.000000000000000000e+00
1.071843810442797418e-01 2.362057795735618138e-01 0.000000000000000000e+00
1.661960280846654925e-01 5.994865684547662221e-01 1.000000000000000000e+00
2.464614069011905606e-02 6.932836187115295479e-01 1.000000000000000000e+00
3.963841661165812269e-02 5.588100151209625110e-01 1.000000000000000000e+00
1.239115053470356553e-01 1.171952509570394207e-01 0.000000000000000000e+00
9.080438556757103319e-01 2.417370413294848142e-01 0.000000000000000000e+00
8.511634018087237408e-01 5.777812648872091561e-01 1.000000000000000000e+00
6.607554476629932116e-01 7.567657431355772069e-01 1.000000000000000000e+00
2.259514774391083725e-01 6.230978133121434226e-02 0.000000000000000000e+00
4.559536182396476400e-01 5.869213823146813835e-01 1.000000000000000000e+00
2.014732899455230486e-01 6.768026074320201424e-01 0.000000000000000000e+00
6.220644295436151827e-01 9.576571622675698059e-01 0.000000000000000000e+00
2.045320468813168757e-01 3.323373919303221902e-01 0.000000000000000000e+00
5.269399120018636307e-02 2.211293707651063034e-02 0.000000000000000000e+00
8.936952829128635978e-01 1.395894217724005237e-01 0.000000000000000000e+00
7.769682095783864151e-01 1.522884283945673545e-01 0.000000000000000000e+00
1.493778480208340920e-02 9.733875566937865154e-01 0.000000000000000000e+00
2.723601580915007148e-01 6.494663040206322124e-01 1.000000000000000000e+00
8.059273581185522062e-01 1.216871369883915088e-01 0.000000000000000000e+00
2.838093706982323106e-01 6.094790322968381968e-01 1.000000000000000000e+00
3.201841910910243616e-01 1.411612791506837716e-01 0.000000000000000000e+00
8.452718478206366903e-01 1.396684266367814731e-01 0.000000000000000000e+00
9.863489755356696920e-01 6.068377671401566920e-01 0.000000000000000000e+00
7.094577450247449013e-01 5.136940691459954689e-01 1.000000000000000000e+00
4.731326051395861043e-01 4.142691910956315393e-01 1.000000000000000000e+00
1.866546728219040663e-01 4.161323613710523617e-01 0.000000000000000000e+00
4.845696358011347682e-01 8.263909127500080887e-01 1.000000000000000000e+00
1.094434209110433098e-01 6.669644780723119615e-01 1.000000000000000000e+00
6.300409509089300863e-01 5.095769048858326267e-01 1.000000000000000000e+00
9.612178620654103778e-01 4.234539064090964144e-01 0.000000000000000000e+00
8.145601566615090494e-01 9.900414721396717521e-01 0.000000000000000000e+00
6.496159676768812341e-01 6.124508885975603611e-01 1.000000000000000000e+00
6.398036991467751511e-01 2.593732021360597439e-01 1.000000000000000000e+00
8.860083703559927804e-01 7.729745669761947102e-01 0.000000000000000000e+00
4.313215634721094816e-01 1.260719760570355730e-01 0.000000000000000000e+00
5.736572514338951212e-01 6.040714360557903895e-01 1.000000000000000000e+00
6.956707098695439351e-01 6.872176973734736016e-01 1.000000000000000000e+00
4.557452770181313895e-02 4.562463871748085875e-01 1.000000000000000000e+00
5.781287426413220798e-01 3.669098221908051460e-01 1.000000000000000000e+00
5.308498052606093198e-01 5.020879704813959732e-01 1.000000000000000000e+00
7.091683891910993687e-01 4.939114761641949514e-02 1.000000000000000000e+00
7.795268498027148052e-01 6.045164518010387456e-01 1.000000000000000000e+00
4.054670312588229963e-01 9.726717818526839920e-01 0.000000000000000000e+00
7.912228945265026292e-01 6.921288177316768930e-01 1.000000000000000000e+00
8.579517672520420302e-01 2.785582324748963057e-01 0.000000000000000000e+00
4.574127710000271962e-01 5.225522278048108094e-01 1.000000000000000000e+00
4.504960717611125043e-01 6.949574385013526090e-01 1.000000000000000000e+00
4.810036432606297208e-01 8.032506725363571798e-01 1.000000000000000000e+00
8.799748958130828580e-01 9.916517953715119349e-01 0.000000000000000000e+00
9.243056842055294986e-01 7.308851808792964366e-01 0.000000000000000000e+00
2.085392385970266105e-01 8.343842525593547776e-01 0.000000000000000000e+00
3.021297110539052921e-01 4.526649325543918856e-02 0.000000000000000000e+00
5.166822044617175314e-01 1.769906128026687009e-01 0.000000000000000000e+00
3.110417914563976538e-01 1.880996153166013540e-01 0.000000000000000000e+00
9.622616897084491638e-01 7.779431754481951344e-01 0.000000000000000000e+00
5.409278934591913446e-01 1.930392432687000337e-01 0.000000000000000000e+00
7.819848237375209843e-01 8.815090973968786603e-01 0.000000000000000000e+00
2.861307190382040844e-01 3.081326965697654963e-01 0.000000000000000000e+00
9.058878731913797555e-01 9.199230477563992148e-01 0.000000000000000000e+00
8.803830261297398430e-01 7.258996673793409737e-01 0.000000000000000000e+00
1.316519838349632376e-01 5.306233907266705296e-01 1.000000000000000000e+00
6.013885619362628887e-01 6.407345840400493486e-01 1.000000000000000000e+00
6.730938938413482120e-01 7.851787995172521128e-01 1.000000000000000000e+00
7.145291057470697371e-01 1.710074105014438572e-01 0.000000000000000000e+00
6.536341696052204719e-01 3.924489440054786948e-01 1.000000000000000000e+00
3.260282269987676562e-01 5.079008168270233714e-01 1.000000000000000000e+00
2.843973213805994771e-01 5.587921938101526598e-01 1.000000000000000000e+00
8.596172030426066923e-01 6.104819542499686502e-01 1.000000000000000000e+00
4.548115844600556512e-01 9.983106636156651170e-01 0.000000000000000000e+00
3.473050936196310223e-01 1.436988192383111818e-01 0.000000000000000000e+00
4.778982589882169174e-01 7.356664353050756944e-01 1.000000000000000000e+00
3.799125173696060731e-02 9.696303293662563716e-01 0.000000000000000000e+00
9.475886858932833778e-01 5.396283850273038141e-01 0.000000000000000000e+00
6.189239417609233573e-01 6.148208912725258157e-01 1.000000000000000000e+00
6.184299514135072062e-02 7.307714786165294685e-01 0.000000000000000000e+00
6.137780157898924394e-01 1.151305653436395238e-01 1.000000000000000000e+00
5.160454606475640693e-01 3.424367799884807662e-01 1.000000000000000000e+00
6.875844661363561539e-02 4.458356474943164782e-01 0.000000000000000000e+00
4.255220728675767061e-01 9.919578447938892651e-01 0.000000000000000000e+00
6.958100184323793291e-01 1.151243397835435278e-01 0.000000000000000000e+00
8.430928305458307292e-02 9.515958271420282832e-01 0.000000000000000000e+00
5.875259257430373028e-01 4.411163915599969343e-02 1.000000000000000000e+00
2.452282462225964244e-01 9.496024091973592762e-01 0.000000000000000000e+00
8.559313752643500361e-01 8.056290995298165392e-02 0.000000000000000000e+00
7.910156299942667779e-01 3.695855613547137652e-01 0.000000000000000000e+00
1.777847135492627295e-01 3.185164338957179320e-01 0.000000000000000000e+00
2.820600453414872089e-01 9.603667844197955050e-01 0.000000000000000000e+00
8.370282284546826101e-02 3.946505583302027942e-01 0.000000000000000000e+00
1.843584148881264317e-01 2.079505884391186221e-01 0.000000000000000000e+00
9.889280597068967893e-01 5.321812347985958036e-01 0.000000000000000000e+00
3.940118177350961925e-01 8.505711303257520450e-01 0.000000000000000000e+00
7.623326526035338890e-01 2.973154338787864504e-01 0.000000000000000000e+00
7.295255970238010423e-01 7.391897204113484499e-03 1.000000000000000000e+00
7.340456009597043918e-01 1.729667043122834480e-01 0.000000000000000000e+00
6.674195052229987546e-01 4.660800149340981191e-01 1.000000000000000000e+00
6.708050781390328954e-01 2.629245255064811548e-01 0.000000000000000000e+00
2.969805960309297443e-01 2.482717398078936322e-01 0.000000000000000000e+00
2.463331637150139031e-01 1.758654585815468963e-01 0.000000000000000000e+00
7.134005136956169668e-01 5.861654823345781029e-01 1.000000000000000000e+00
6.753541370386750842e-02 9.048758016656869296e-01 0.000000000000000000e+00
4.433354281071100189e-02 9.997040536805257283e-01 0.000000000000000000e+00
2.006284680133698650e-01 6.307448997809070868e-01 0.000000000000000000e+00
1.714132911563670536e-01 2.533245755188935355e-01 0.000000000000000000e+00
5.735880860691506822e-01 5.525366631122143879e-01 1.000000000000000000e+00
7.715007789728558496e-01 8.027698024989704528e-01 0.000000000000000000e+00
4.173949429654543186e-01 7.083439006526004444e-02 0.000000000000000000e+00
1.365875432240758469e-01 6.331405274136862049e-01 1.000000000000000000e+00
9.798851653405470374e-01 2.869030111807459038e-01 0.000000000000000000e+00
2.216960501992184529e-01 6.709005121642271918e-01 0.000000000000000000e+00
8.791578640351377372e-01 7.349573353904577111e-01 0.000000000000000000e+00
8.198776459051555499e-01 9.885376650810837607e-01 0.000000000000000000e+00
7.201767157668175212e-01 2.683988252275443243e-01 0.000000000000000000e+00
4.482916105156165010e-01 7.653667238112522586e-01 1.000000000000000000e+00
3.057013930855274619e-01 7.671788870751083955e-02 0.000000000000000000e+00
2.165660168409926367e-01 1.047819845016154661e-01 0.000000000000000000e+00
5.088545881695427653e-02 4.658774868216603027e-01 1.000000000000000000e+00
2.758996237272343111e-01 7.212478255151303363e-01 0.000000000000000000e+00
6.675565096733633297e-01 9.967724923317461405e-01 0.000000000000000000e+00
8.305514964018806401e-01 7.925762485523458745e-01 0.000000000000000000e+00
9.960192404653730458e-01 6.817834241128327699e-01 0.000000000000000000e+00
6.519925061975587743e-01 1.764311599733735525e-01 0.000000000000000000e+00
3.517894517121765707e-01 7.597081405578079982e-01 0.000000000000000000e+00
8.172264630787730022e-01 1.301669538585283892e-01 0.000000000000000000e+00
6.113859623160144974e-02 1.842791409149124870e-02 0.000000000000000000e+00
4.620728913954261774e-01 2.485397272404196167e-01 0.000000000000000000e+00
7.065499967142274684e-01 6.057546179309262202e-01 1.000000000000000000e+00
8.396572864760141197e-01 1.911391799632045085e-01 0.000000000000000000e+00
8.590677766742385035e-01 8.266013922191802754e-01 0.000000000000000000e+00
2.347662143343289820e-01 5.255108186882512245e-01 0.000000000000000000e+00
8.304634341835135380e-01 1.073048696218780185e-01 0.000000000000000000e+00
8.828610733688888601e-01 9.587198022310196022e-01 0.000000000000000000e+00
1.971702982906720081e-01 6.457048252223628326e-01 0.000000000000000000e+00
9.354569592731460936e-01 9.692063495215696989e-01 0.000000000000000000e+00
8.402051360586053619e-01 8.185057290798786189e-01 0.000000000000000000e+00
2.972663929558420071e-01 7.623940942445793789e-01 0.000000000000000000e+00
1.584578565415598606e-01 1.714891752820558724e-01 0.000000000000000000e+00
1.983587015798133901e-01 1.876124460037716934e-01 0.000000000000000000e+00
8.893499151329938845e-01 3.825895909310770282e-01 0.000000000000000000e+00
4.136837442151934940e-01 1.644382754249085199e-02 1.000000000000000000e+00
6.407368726474639287e-01 3.175909269921194378e-01 1.000000000000000000e+00
3.109535112952859226e-01 6.419182691383639172e-01 1.000000000000000000e+00
9.630160455357427152e-01 9.072268837754092763e-01 0.000000000000000000e+00
1.086000985611323966e-01 8.752872773909851078e-01 0.000000000000000000e+00
8.533613182165904476e-01 5.940845998295084529e-01 1.000000000000000000e+00
3.906118061941605824e-01 7.816348008784528290e-01 1.000000000000000000e+00
8.001983995282327955e-01 5.784013863671095823e-01 1.000000000000000000e+00
2.010887191310984923e-01 1.688380653410197496e-01 0.000000000000000000e+00
4.460704093017517913e-01 2.951328262774536304e-01 0.000000000000000000e+00
7.032737244980195035e-01 2.459587773105775810e-01 0.000000000000000000e+00
5.418985626596595218e-01 5.419129838892035034e-01 1.000000000000000000e+00
6.437633940934878174e-01 6.860213050426812176e-01 1.000000000000000000e+00
4.531385234471875245e-01 2.213921402917277126e-01 0.000000000000000000e+00
1.595931188301351611e-01 6.820660247802341480e-01 0.000000000000000000e+00
7.921909166805308766e-01 8.725383449888736154e-01 0.000000000000000000e+00
4.587658921106879673e-01 4.581974357276221710e-01 1.000000000000000000e+00
2.403505234800928925e-03 1.599390567706971966e-01 0.000000000000000000e+00
6.025071246823107129e-01 7.232396523087909479e-01 1.000000000000000000e+00
7.258539754293812374e-01 3.118749854330464810e-01 0.000000000000000000e+00
8.287084567140785563e-01 3.254880982144465751e-01 0.000000000000000000e+00
2.408553970885429774e-02 2.114730292034048276e-01 0.000000000000000000e+00
2.814162064608287661e-01 2.709777333525409393e-01 0.000000000000000000e+00
4.244078361853976800e-01 9.611383368938980487e-01 0.000000000000000000e+00
2.163607560081544090e-01 2.812931227254094058e-01 0.000000000000000000e+00
9.247529772015440352e-01 6.792239186439487098e-01 0.000000000000000000e+00
8.574980950591393203e-03 9.351794170882190560e-01 0.000000000000000000e+00
8.821404907730695522e-01 9.942457002070508310e-01 0.000000000000000000e+00
1.382991206417498731e-01 6.828117712067215406e-01 0.000000000000000000e+00
8.912095555412268277e-01 8.884090372039658012e-01 0.000000000000000000e+00
8.162927264234951519e-01 8.325693852311566445e-01 0.000000000000000000e+00
1.436023187501375142e-01 9.612314458919991589e-01 0.000000000000000000e+00
9.757030310140006879e-01 8.602991735135124829e-01 0.000000000000000000e+00
4.497863003748669986e-02 5.977733836789177468e-01 1.000000000000000000e+00
4.443517114962181047e-01 2.364346820406555416e-01 0.000000000000000000e+00
9.235353102991180618e-01 2.723585549771126990e-01 0.000000000000000000e+00
7.144862806672565014e-01 2.578821002391908923e-01 0.000000000000000000e+00
7.784096911198126190e-01 8.787829515816468762e-01 0.000000000000000000e+00
8.026159772448699936e-01 2.512308245637682180e-01 0.000000000000000000e+00
1.150093244362477840e-01 9.106981682478361151e-01 0.000000000000000000e+00
5.036331349303041494e-01 8.124768381701255038e-01 1.000000000000000000e+00
3.104713789606288188e-01 8.023627632016662181e-01 0.000000000000000000e+00
7.537647998148366835e-02 1.046521544646826785e-01 0.000000000000000000e+00
6.841520232598815587e-01 1.409464315496155029e-01 0.000000000000000000e+00
7.124980593313906541e-01 6.781484143910675444e-01 1.000000000000000000e+00
4.025917501078667415e-01 5.951219142326253930e-01 1.000000000000000000e+00
3.790846258283081527e-01 8.373155997225490976e-01 0.000000000000000000e+00
8.193365486672836706e-01 2.567339089815058317e-01 0.000000000000000000e+00
5.555109100510471354e-01 4.546805332102583641e-01 1.000000000000000000e+00
8.486778502231202559e-01 2.047961739199212206e-01 0.000000000000000000e+00
4.893325693424133149e-02 6.317232477034288030e-01 1.000000000000000000e+00
6.830724631322555584e-01 9.685475412984312360e-02 1.000000000000000000e+00
8.996054795018549877e-01 6.075445483722752282e-01 1.000000000000000000e+00
1.738255842230727044e-01 2.678881834752041557e-01 0.000000000000000000e+00
2.180692415719955868e-01 4.265586541723099812e-01 0.000000000000000000e+00
6.210585837741725568e-01 9.814274172196313373e-01 0.000000000000000000e+00
1.815475385753571036e-01 2.198500809591454885e-01 0.000000000000000000e+00
5.312904228339435653e-01 1.056721991305131780e-02 1.000000000000000000e+00
1.671181670429312538e-01 1.933367305133921743e-01 0.000000000000000000e+00
1.578231994582680597e-01 3.212852640702966722e-01 0.000000000000000000e+00
1.508345430733414316e-01 8.385673080477734631e-01 0.000000000000000000e+00
9.370583968655066265e-01 2.649389176440412053e-01 0.000000000000000000e+00
4.555394842080363604e-01 9.157015432207920025e-01 0.000000000000000000e+00
7.908773842863087156e-01 2.301366160731935784e-01 0.000000000000000000e+00
3.633099029701591931e-01 8.396898662567622296e-01 0.000000000000000000e+00
9.956648023821412785e-01 6.907418822085564791e-01 0.000000000000000000e+00
5.972996620013422131e-01 1.545915077439093954e-01 1.000000000000000000e+00
3.239140387995302905e-01 9.190684221631101325e-01 0.000000000000000000e+00
1.450091713265663218e-01 1.539833117951405761e-01 0.000000000000000000e+00
9.414001559623320636e-01 3.752763954377839051e-01 0.000000000000000000e+00
6.107639717328439133e-01 5.735582909009169228e-01 1.000000000000000000e+00
7.187841822239260381e-02 9.299013599618808357e-01 0.000000000000000000e+00
7.786260585741787699e-01 8.970856056674364476e-01 0.000000000000000000e+00
9.829045087871227659e-01 7.258752745771324122e-01 0.000000000000000000e+00
8.841920762467553319e-01 7.218947943421299973e-01 0.000000000000000000e+00
3.085386081163024041e-01 2.290649455041949834e-01 0.000000000000000000e+00
3.127266238730438408e-01 1.379672804119771445e-01 0.000000000000000000e+00
5.802931212235287184e-01 2.678757143947482211e-01 1.000000000000000000e+00
6.451681404039405487e-01 8.772510996984654863e-01 1.000000000000000000e+00
6.181202688659841460e-01 7.834989299872439084e-01 1.000000000000000000e+00
1.971078480123964471e-01 4.464835623231261374e-01 0.000000000000000000e+00
8.693919154040303798e-01 1.524105376580012772e-01 0.000000000000000000e+00
6.353462629070167900e-01 2.497378089887938302e-01 1.000000000000000000e+00
7.702490248651250315e-01 3.944104643950648859e-01 1.000000000000000000e+00
6.716090267488602494e-01 8.107020944386871264e-01 1.000000000000000000e+00
8.203251371340488651e-01 3.504256596183834560e-01 0.000000000000000000e+00
1.671122254630854620e-01 9.449635956779686152e-01 0.000000000000000000e+00
1.090370525628582277e-01 7.382104445194689335e-01 0.000000000000000000e+00
4.822877115447603558e-01 2.870784772202816804e-03 1.000000000000000000e+00
2.143265733016471719e-01 7.733559962503625540e-01 0.000000000000000000e+00
3.023330329809328365e-01 6.725549262534190609e-01 1.000000000000000000e+00
9.387604930087117827e-01 9.144437898169618384e-01 0.000000000000000000e+00
2.243483159803827398e-02 2.554896094045993049e-01 0.000000000000000000e+00
6.793075648595520155e-01 3.774460995065432867e-01 1.000000000000000000e+00
9.639957261186854476e-01 8.363079801896622367e-01 0.000000000000000000e+00
6.550630157798239539e-01 4.791954775568605385e-01 1.000000000000000000e+00
1.872867721624627002e-02 9.918621126550294376e-01 0.000000000000000000e+00
1.688764350855672669e-01 3.543575760149437759e-01 0.000000000000000000e+00
9.828127224538654172e-01 9.590890732910851701e-01 0.000000000000000000e+00
5.546849189965624705e-01 8.075090769567241367e-01 1.000000000000000000e+00
7.070095603968558073e-01 8.410443126099691469e-01 1.000000000000000000e+00
1.608512814552245374e-01 6.432681296512126057e-01 0.000000000000000000e+00
2.025335502006473387e-01 8.558812575222436436e-01 0.000000000000000000e+00
4.126703438295348247e-01 4.331100443881032991e-01 1.000000000000000000e+00
5.950993281912598798e-01 7.818855480723736484e-01 1.000000000000000000e+00
1.907904407995227869e-01 3.160105359566196537e-01 0.000000000000000000e+00
5.279924662251036516e-01 9.465762459906608139e-01 0.000000000000000000e+00
2.115808358463159289e-01 3.097227499200562173e-01 0.000000000000000000e+00
6.026461440055802532e-01 8.576730875017766209e-01 1.000000000000000000e+00
5.796734335259754456e-01 2.230137902272401051e-01 1.000000000000000000e+00
6.974752105545217740e-01 1.292205452547895428e-01 0.000000000000000000e+00
1.277136043034253765e-01 6.878198435285181045e-01 0.000000000000000000e+00
9.639536446509825440e-01 1.700936261949506090e-01 0.000000000000000000e+00
3.681837334835775799e-01 8.868449528263242509e-01 0.000000000000000000e+00
3.735573974977879352e-02 2.522462198944863676e-01 0.000000000000000000e+00
4.096535172809095959e-01 3.516645562199420816e-01 0.000000000000000000e+00
4.771933842579314522e-01 4.625378377561606413e-03 1.000000000000000000e+00
2.432845078167473751e-01 3.492249761849035572e-01 0.000000000000000000e+00
6.214355486177236543e-01 3.073596561453375564e-01 1.000000000000000000e+00
6.871224213092996802e-01 3.060481373102319491e-01 1.000000000000000000e+00
2.748554395738608269e-01 9.603147748596488897e-01 0.000000000000000000e+00
8.185550811300627005e-01 5.832531298220898774e-01 1.000000000000000000e+00
7.889299381453107607e-01 6.732639282487955512e-01 1.000000000000000000e+00
6.822754376466421133e-01 2.964689022887911918e-01 1.000000000000000000e+00
9.000289777016319270e-01 7.820398249334795659e-01 0.000000000000000000e+00
1.788553574284831305e-01 6.290459407286033144e-01 0.000000000000000000e+00
8.047891703644530770e-01 6.171785328348400324e-01 1.000000000000000000e+00
5.062872576997052843e-01 6.843068465138472112e-01 1.000000000000000000e+00
7.253076886785784216e-01 2.098451972396672138e-01 0.000000000000000000e+00
7.264765053563007058e-01 8.208253443760407109e-01 1.000000000000000000e+00
5.349713637382758069e-01 9.519522871488270699e-01 0.000000000000000000e+00
1.099607614409177092e-01 4.234664499894434941e-01 0.000000000000000000e+00
3.726614655168331014e-01 8.241197202633285812e-01 0.000000000000000000e+00
2.422797225335533433e-01 2.108854189746414143e-01 0.000000000000000000e+00
7.350053645396840141e-01 6.383987023500106162e-01 1.000000000000000000e+00
7.807186216813895019e-01 7.865150259429904978e-01 1.000000000000000000e+00
7.489690674521437552e-01 3.026599452669892498e-01 0.000000000000000000e+00
2.183636736724060556e-01 4.844523128795924505e-01 0.000000000000000000e+00
7.204944907994450531e-01 5.003058427303429534e-01 1.000000000000000000e+00
7.741169746917890837e-01 2.256454684345602368e-01 0.000000000000000000e+00
8.374492580295972433e-01 5.375166273987138643e-01 1.000000000000000000e+00
5.789958564557001752e-01 9.118591468186094673e-01 1.000000000000000000e+00
3.914383907381007166e-01 3.457194956814069187e-02 0.000000000000000000e+00
6.656265202137851000e-01 8.051135652917803531e-01 1.000000000000000000e+00
7.833539027188447523e-01 3.278127837214178664e-01 0.000000000000000000e+00
2.850475712947773133e-01 6.999411324346307417e-01 0.000000000000000000e+00
1.011632526330943360e-01 9.826173452661112195e-01 0.000000000000000000e+00
6.950349172383302188e-01 8.775508646775574961e-01 0.000000000000000000e+00
8.049405608676006851e-01 9.406326459083920177e-01 0.000000000000000000e+00
6.227821323265927411e-01 7.842558838847349945e-01 1.000000000000000000e+00
7.005454613401859154e-01 5.721286560207942129e-01 1.000000000000000000e+00
6.124400161861113245e-01 9.595421644937481842e-01 0.000000000000000000e+00
4.602053506193909405e-01 8.231768799570211570e-01 1.000000000000000000e+00
5.276968174787953769e-01 6.540716304423930261e-01 1.000000000000000000e+00
2.047491484631002168e-01 8.931392212119630969e-01 0.000000000000000000e+00
7.143783058298952549e-01 3.745882478143173211e-01 1.000000000000000000e+00
5.623358121230264128e-01 5.571729191485547128e-01 1.000000000000000000e+00
4.314310171324463594e-01 6.330574304034525257e-01 1.000000000000000000e+00
2.333280360278081611e-01 8.686275834220257286e-01 0.000000000000000000e+00
7.485759744277128425e-01 9.795340233263264418e-01 0.000000000000000000e+00
1.164603799951057228e-01 2.123364871724625624e-01 0.000000000000000000e+00
7.608731272613178387e-02 4.309535688117637209e-01 0.000000000000000000e+00
2.590235924960281322e-01 2.613668813463997376e-01 0.000000000000000000e+00
8.926789833532911000e-02 1.023798458523217381e-02 0.000000000000000000e+00
2.146034092897759482e-01 7.924119565355787209e-01 0.000000000000000000e+00
2.030550762220331151e-01 5.438459836691960092e-01 0.000000000000000000e+00
2.207284609771212880e-01 6.076906262336388975e-01 1.000000000000000000e+00
8.420721066485610251e-01 2.234321155910231615e-01 0.000000000000000000e+00
5.093425191067553204e-01 5.453479751973369094e-01 1.000000000000000000e+00
8.660120036369481911e-01 1.065675339353827633e-01 0.000000000000000000e+00
2.065167720701541754e-01 5.838734052731776591e-01 1.000000000000000000e+00
3.647251631137242711e-01 3.956124669868283927e-01 0.000000000000000000e+00
3.679143769069622705e-01 5.634538559409385527e-01 1.000000000000000000e+00
6.943404230476599714e-01 6.711000301359859588e-01 1.000000000000000000e+00
1.752360766930739500e-01 6.700976281914010624e-01 0.000000000000000000e+00
1.681846068799294214e-01 4.388691310379189137e-02 0.000000000000000000e+00
3.253908559838410985e-01 4.117196094775231741e-01 0.000000000000000000e+00
7.088999088377736513e-01 6.789665886519614668e-01 1.000000000000000000e+00
7.899096453552658659e-01 2.145538021724355815e-01 0.000000000000000000e+00
6.266246608468586388e-01 4.286358083802075392e-01 1.000000000000000000e+00
9.556495475364394920e-01 8.386002575644435630e-02 0.000000000000000000e+00
8.280660188509743058e-01 7.263613760135039232e-01 1.000000000000000000e+00
3.804493508920891998e-01 5.136969946004874554e-01 1.000000000000000000e+00
2.129703599045839058e-01 5.258988672486297755e-01 0.000000000000000000e+00
5.487191294850368717e-02 5.095558675676136184e-01 1.000000000000000000e+00
4.780204719980685191e-02 3.033125019692556323e-01 0.000000000000000000e+00
2.066584646662875668e-01 7.044563447686503777e-01 0.000000000000000000e+00
3.551936464592150289e-01 2.838101314339680492e-01 0.000000000000000000e+00
6.022843944639497682e-01 2.916940327951330625e-01 1.000000000000000000e+00
4.435302221660644140e-01 5.918072753259255858e-01 1.000000000000000000e+00
1.364979883007154671e-01 8.222256831311063330e-01 0.000000000000000000e+00
4.649333371471451315e-01 7.270064475893989187e-02 0.000000000000000000e+00
4.744642754913830363e-01 2.309690428923835137e-01 0.000000000000000000e+00
2.294469395490310593e-01 1.515690535724123489e-02 0.000000000000000000e+00
2.491770100686616640e-01 7.227773180723354729e-01 0.000000000000000000e+00
8.683401987326152538e-01 4.512381240069570643e-01 0.000000000000000000e+00
4.611045644085733919e-01 7.115692758869018864e-02 0.000000000000000000e+00
8.195459334338639490e-02 7.212408287351250724e-01 0.000000000000000000e+00
6.748561501072902757e-02 7.918539632376407900e-01 0.000000000000000000e+00
8.827820099951807498e-01 2.585775086308638171e-01 0.000000000000000000e+00
6.544602154472267674e-02 5.463112304213102455e-01 1.000000000000000000e+00
4.652811106160785748e-01 4.551025780369172269e-01 1.000000000000000000e+00
8.383572237801355520e-01 8.246609332466920961e-01 0.000000000000000000e+00
4.911781951964913073e-01 9.340365769165621668e-01 0.000000000000000000e+00
1.714996127837353779e-02 6.575232819051716193e-01 1.000000000000000000e+00
4.995000308488737328e-01 4.974580329985409666e-01 1.000000000000000000e+00
8.919587847228868105e-01 7.018701588816141923e-01 0.000000000000000000e+00
3.862675091023946017e-01 7.114165639077827397e-01 1.000000000000000000e+00
2.530142133549362349e-01 5.945896891927925365e-01 1.000000000000000000e+00
7.811745618489991383e-01 4.590925882326931662e-01 1.000000000000000000e+00
2.799955053217667578e-01 7.431386237001208483e-01 0.000000000000000000e+00
2.266013116577748621e-01 1.207047858337100266e-01 0.000000000000000000e+00
3.171693978856512386e-01 8.924530267765494740e-01 0.000000000000000000e+00
6.527939805874339863e-01 7.054959987659668030e-01 1.000000000000000000e+00
6.988082530884482946e-01 1.932088110613439103e-02 1.000000000000000000e+00
3.905714537765675454e-01 1.499562750731537886e-01 0.000000000000000000e+00
2.713486401666382886e-01 9.369941636396332818e-01 0.000000000000000000e+00
6.395839465939420210e-01 6.939074158433042872e-01 1.000000000000000000e+00
7.235666905656507053e-01 4.533989425932803963e-01 1.000000000000000000e+00
2.995398007743821367e-01 3.908516565164522616e-01 0.000000000000000000e+00
7.080317507166510316e-01 8.929951031720368970e-01 0.000000000000000000e+00
7.807543212210131811e-01 9.425233545343421060e-01 0.000000000000000000e+00
4.224975284523392327e-01 4.807673576956260630e-01 1.000000000000000000e+00
8.443614877441952826e-01 3.892341050228447230e-01 0.000000000000000000e+00
7.273680156727236890e-01 2.977535121522166817e-01 0.000000000000000000e+00
9.197485967042337007e-01 9.234084644732568625e-01 0.000000000000000000e+00
1.116377139188962087e-02 3.232290833359174886e-02 0.000000000000000000e+00
1.219840884947192006e-01 3.901158801321447100e-01 0.000000000000000000e+00
3.536938778423954766e-01 3.257245236308846659e-01 0.000000000000000000e+00
3.714567305257315821e-01 5.759992385190730868e-01 1.000000000000000000e+00
7.804853273733879382e-01 3.235904561925463385e-01 0.000000000000000000e+00
1.494468186428785650e-01 1.678208383600221509e-01 0.000000000000000000e+00
3.723521333152148838e-01 2.672491058511722306e-01 0.000000000000000000e+00
2.609731687350246299e-01 2.762108626464372385e-01 0.000000000000000000e+00
4.992873988219427295e-01 1.472976752038551718e-01 0.000000000000000000e+00
4.956307420802974484e-02 7.316056538292574629e-01 1.000000000000000000e+00
8.798872857412400883e-01 1.771762606630410408e-01 0.000000000000000000e+00
3.365124750530368303e-01 7.344200115353788361e-01 0.000000000000000000e+00
4.782494924157522087e-01 3.261822284080941881e-01 1.000000000000000000e+00
9.261816759514963637e-01 1.857961099256068005e-01 0.000000000000000000e+00
1.884210107806284507e-01 8.933154891567641753e-01 0.000000000000000000e+00
1.882609151617973264e-01 7.519861712837776491e-01 0.000000000000000000e+00
6.550350073860466971e-02 7.533093143755988930e-01 0.000000000000000000e+00
7.157193533216890113e-01 2.550490018495804589e-01 0.000000000000000000e+00
1.234432359593296002e-02 3.327453706153526980e-02 0.000000000000000000e+00
3.961186039236809231e-01 7.330881212006389314e-01 1.000000000000000000e+00
9.805558818559779732e-01 3.558805748339676223e-01 0.000000000000000000e+00
9.932536436689561876e-01 1.671060498777057202e-01 0.000000000000000000e+00
5.344653845452265184e-01 3.915060797064670028e-01 1.000000000000000000e+00
9.075255250517093586e-01 8.743375779819005933e-01 0.000000000000000000e+00
8.659673954438097399e-01 2.950925389395446796e-01 0.000000000000000000e+00
4.027669364312325140e-02 8.324598337373488866e-01 0.000000000000000000e+00
9.832705510009310812e-01 4.848130392030804980e-01 0.000000000000000000e+00
7.547963074804712180e-01 2.010965656922345524e-01 0.000000000000000000e+00
6.085969965102721035e-01 9.537493097962961297e-01 1.000000000000000000e+00
4.137228120638563045e-01 8.576601688551913627e-01 0.000000000000000000e+00
1.677776578571581467e-01 6.727693648114161373e-01 0.000000000000000000e+00
9.247788884430460099e-01 2.180628525148512464e-01 0.000000000000000000e+00
4.358817621917745466e-01 9.189628707940755703e-01 0.000000000000000000e+00
2.411788612504904838e-01 6.288779570385341078e-01 1.000000000000000000e+00
1.468260956462116296e-01 5.015043625916537628e-02 0.000000000000000000e+00
5.684913045123495268e-01 3.428628914685447615e-01 1.000000000000000000e+00
5.489871954085172590e-01 7.881680742923523608e-01 1.000000000000000000e+00
7.139690184066105338e-01 5.456034244867880023e-02 1.000000000000000000e+00
5.905881138177988543e-01 1.363943632679565088e-01 1.000000000000000000e+00
4.676734098163469744e-01 4.632430076120240825e-01 1.000000000000000000e+00
5.233467745680040473e-01 9.871033525273568143e-01 0.000000000000000000e+00
7.580129135571022081e-01 1.061870840181429188e-01 0.000000000000000000e+00
9.419902514236829782e-01 6.367899851816105627e-02 0.000000000000000000e+00
4.240989226659060973e-01 5.272220406260257342e-01 1.000000000000000000e+00
6.488321194703062789e-01 8.634322397136217075e-01 1.000000000000000000e+00
1.663787135103460546e-01 2.170707012459731633e-01 0.000000000000000000e+00
1.688777606273519361e-01 3.781078291574198058e-01 0.000000000000000000e+00
7.477058367957190033e-02 9.039687753126580683e-01 0.000000000000000000e+00
8.811042791314794842e-01 6.064679648825075375e-01 1.000000000000000000e+00
2.086598394671657086e-01 6.953900423156167410e-01 0.000000000000000000e+00
2.793408335110932894e-01 3.620759689598654907e-01 0.000000000000000000e+00
8.485126932618836104e-02 1.259886522617640336e-01 0.000000000000000000e+00
6.871367917305966078e-01 4.883270517434581404e-01 1.000000000000000000e+00
2.452138261549821063e-01 5.287411164946070885e-01 0.000000000000000000e+00
5.265348789802661855e-01 5.738111259481164517e-01 1.000000000000000000e+00
3.229612586854904155e-01 3.531636654071168557e-01 0.000000000000000000e+00
8.638561060840175276e-01 3.088359508975349055e-01 0.000000000000000000e+00
7.567852027224670763e-01 8.702105365354230182e-01 0.000000000000000000e+00
4.783114070695976272e-01 8.223687646301397480e-01 1.000000000000000000e+00
4.835043534680438793e-01 5.530227100263357398e-01 1.000000000000000000e+00
9.316972819077330437e-01 4.742850100654848466e-01 0.000000000000000000e+00
5.574168642357630876e-01 1.525714254484300536e-02 1.000000000000000000e+00
1.313298929949499039e-01 2.659902707325751958e-01 0.000000000000000000e+00
8.923720130357817304e-01 5.305795920470949278e-01 1.000000000000000000e+00
1.717554557658673708e-01 5.283233417852533087e-01 0.000000000000000000e+00
6.618393272615270551e-01 1.448218444012595585e-01 0.000000000000000000e+00
3.663263360949510217e-01 7.895787942153916772e-01 0.000000000000000000e+00
9.331300721052018243e-01 6.618598392509954520e-01 0.000000000000000000e+00
6.316625025597059073e-01 1.719884895792748170e-01 0.000000000000000000e+00
6.975970940805842346e-01 5.827836928030716290e-01 1.000000000000000000e+00
6.279868982317654558e-01 2.830155545331540790e-01 1.000000000000000000e+00
8.678226311350779598e-01 3.237414287186524131e-02 0.000000000000000000e+00
4.577405039081084981e-01 2.618626457113585326e-01 0.000000000000000000e+00
4.454744519384182810e-01 4.867271663246908187e-02 1.000000000000000000e+00
4.404938860647501508e-01 4.814889113201769044e-01 1.000000000000000000e+00
1.178553552051098130e-01 9.493126775299625120e-01 0.000000000000000000e+00
2.390866286746784475e-02 3.909432339996011807e-01 0.000000000000000000e+00
9.514776144563702465e-01 7.552527539735429674e-01 0.000000000000000000e+00
8.907610674807560081e-01 3.553289753358473968e-01 0.000000000000000000e+00
1.015921292101829021e-02 5.030400873836364806e-01 1.000000000000000000e+00
4.704800394364627714e-01 9.464086779345164402e-01 0.000000000000000000e+00
9.919255377941940122e-01 8.702072134076338505e-01 0.000000000000000000e+00
2.732507955826957158e-01 6.969797814332688857e-01 0.000000000000000000e+00
7.254493966401065475e-02 5.752451330423338227e-01 1.000000000000000000e+00
1.798266739421739979e-01 9.889937337296075270e-01 0.000000000000000000e+00
7.482300494458866691e-01 5.417798546097579715e-01 1.000000000000000000e+00
1.677051266909749261e-01 6.247713121567379790e-01 0.000000000000000000e+00
9.040649457905195474e-01 9.302086168914621700e-01 0.000000000000000000e+00
1.973666420583517489e-01 9.024770187725382753e-01 0.000000000000000000e+00
7.056148377917437209e-02 1.592283121380836386e-01 0.000000000000000000e+00
3.328809227249740488e-01 2.820328173938254634e-01 0.000000000000000000e+00
5.041371092104758311e-01 5.414072802104152871e-03 1.000000000000000000e+00
4.473562417120831025e-01 1.263345589507011146e-01 0.000000000000000000e+00
7.912484046568354357e-01 9.193352307493912745e-01 0.000000000000000000e+00
9.169032409646630244e-01 6.742446032301629977e-01 0.000000000000000000e+00
2.582161474099992082e-01 3.190430526770693387e-02 0.000000000000000000e+00
8.074681484766043083e-01 5.076325300929264150e-01 1.000000000000000000e+00
7.053882131474596973e-01 9.957692003348440624e-01 0.000000000000000000e+00
8.828185825556855715e-01 1.506246603825351915e-01 0.000000000000000000e+00
5.237322426111608031e-01 8.165561635746365621e-01 1.000000000000000000e+00
7.628621344202842769e-01 6.635844239702245462e-01 1.000000000000000000e+00
8.612213888901165681e-02 6.133869368808113620e-01 1.000000000000000000e+00
7.109020970637591752e-03 4.614960789959222653e-01 1.000000000000000000e+00
4.935886807629505935e-01 1.615292785470047177e-01 0.000000000000000000e+00
6.700190731312544168e-01 4.889181293262516714e-01 1.000000000000000000e+00
8.936356859220420112e-01 3.764008981899363837e-01 0.000000000000000000e+00
9.356062798199180630e-01 2.922391286503857044e-01 0.000000000000000000e+00
1.420535797803954559e-01 7.776247237972953030e-01 0.000000000000000000e+00
2.521188795382556247e-01 8.030380079841638041e-01 0.000000000000000000e+00
5.960484938686431144e-01 7.318022020315926301e-01 1.000000000000000000e+00
7.148060001811920028e-01 1.743552018430669648e-01 0.000000000000000000e+00
8.758791981494000733e-01 8.995372604623238511e-01 0.000000000000000000e+00
2.929253960108053612e-01 1.368418118522231053e-01 0.000000000000000000e+00
3.734456814747473263e-01 3.405144292236572667e-02 0.000000000000000000e+00
6.370776850364384680e-01 2.064527603866022076e-01 0.000000000000000000e+00
7.088060470218023879e-01 5.228871853148926441e-01 1.000000000000000000e+00
9.913082720965604722e-02 2.296498867283258694e-01 0.000000000000000000e+00
8.227839753806023282e-01 9.565221353662244352e-01 0.000000000000000000e+00
1.329930093081742593e-01 8.917032384198506634e-01 0.000000000000000000e+00
7.192596593014499717e-01 4.819526629143997543e-01 1.000000000000000000e+00
2.993345507223437174e-01 6.097480250007497604e-01 1.000000000000000000e+00
8.264823787180041181e-01 5.056262092825403176e-02 0.000000000000000000e+00
2.660065715427776256e-01 2.137207513713268447e-02 0.000000000000000000e+00
4.964572151166696257e-01 5.659348569311151156e-02 1.000000000000000000e+00
8.566776068508411557e-01 7.386861746135335860e-01 0.000000000000000000e+00
8.350843477810412363e-01 5.501454648992284424e-01 1.000000000000000000e+00
8.284106145811899191e-01 7.763860440486994863e-01 0.000000000000000000e+00
2.286345116022140411e-01 3.195528557993280172e-01 0.000000000000000000e+00
4.059888448666670868e-01 7.209076870485910948e-01 1.000000000000000000e+00
7.945102291441286102e-02 5.142062181468853854e-02 0.000000000000000000e+00
4.120808073405652916e-01 5.467178324612543827e-01 1.000000000000000000e+00
9.043597495250635943e-01 1.634372588998569409e-01 0.000000000000000000e+00
1.933542049022267673e-01 4.594593217891701498e-01 0.000000000000000000e+00
6.381082558461348420e-02 7.858875523227419890e-01 0.000000000000000000e+00
8.544452351386566669e-02 6.768884710907739910e-01 1.000000000000000000e+00
3.248615007411023159e-01 9.592009326308422734e-01 0.000000000000000000e+00
9.298108626868386573e-01 4.304285513692683862e-01 0.000000000000000000e+00
7.618777169703124796e-01 7.519395059272336868e-01 1.000000000000000000e+00
1.701510200089725311e-01 9.311723857579377039e-01 0.000000000000000000e+00
8.802974704898034464e-01 1.388176692797369327e-01 0.000000000000000000e+00
6.477186356593077621e-01 2.269036115334314152e-01 0.000000000000000000e+00
3.555625192796715295e-01 9.999384858840321133e-01 0.000000000000000000e+00
7.165779261559811486e-01 5.526459601070687899e-01 1.000000000000000000e+00
5.237996158698530191e-01 8.996001711244718813e-01 1.000000000000000000e+00
5.243003150446292615e-01 5.749285599549694981e-01 1.000000000000000000e+00
3.191811123834225050e-01 5.913160958456353811e-02 0.000000000000000000e+00
7.080786840292285778e-01 9.218157930791746058e-01 0.000000000000000000e+00
2.781632615461947511e-01 1.376390086544987401e-02 0.000000000000000000e+00
4.300736986442509346e-01 6.978044674944778869e-01 1.000000000000000000e+00
1.393617244633478247e-01 2.107733964624052270e-01 0.000000000000000000e+00
5.114858807392359541e-01 6.528001676607839698e-01 1.000000000000000000e+00
9.439018097393994111e-01 1.264864001079786249e-01 0.000000000000000000e+00
6.606109021774975165e-01 6.611637422641588602e-01 1.000000000000000000e+00
7.307198888760380040e-02 8.407460566231313992e-01 0.000000000000000000e+00
9.840327008975382483e-01 1.951043025520277086e-01 0.000000000000000000e+00
5.329431062813158038e-01 3.624753619862590703e-01 1.000000000000000000e+00
4.684681383530883148e-01 3.199285899504642483e-01 1.000000000000000000e+00
7.005860531555672122e-01 2.958877994892503693e-01 0.000000000000000000e+00
1.803407214031690353e-01 1.319170599464806193e-01 0.000000000000000000e+00
3.701572559284544983e-01 4.159011170439085303e-01 1.000000000000000000e+00
4.550614139406468084e-01 6.858374097212533993e-01 1.000000000000000000e+00
3.217147279484895428e-01 6.747342101607971543e-01 1.000000000000000000e+00
6.814996770533829906e-01 6.314823560540249181e-01 1.000000000000000000e+00
1.828456085629399652e-01 8.632092102126758260e-01 0.000000000000000000e+00
7.239855172889207990e-01 6.048866624688929994e-01 1.000000000000000000e+00
6.236831836839433763e-01 6.415081669757719540e-01 1.000000000000000000e+00
8.958832662854416817e-01 5.148015088524056093e-01 1.000000000000000000e+00
9.453528477021689858e-01 6.910566375819544582e-01 0.000000000000000000e+00
7.234812072233276492e-02 2.264658684936295963e-01 0.000000000000000000e+00
1.823568510078092952e-01 1.711316084245513292e-01 0.000000000000000000e+00
3.186612585088963723e-01 3.087914770353166194e-01 0.000000000000000000e+00
4.834776295528877554e-01 3.943700323140265640e-01 1.000000000000000000e+00
7.589159370590796705e-01 2.878964246681220418e-01 0.000000000000000000e+00
6.396760789096399558e-01 6.330536440393498276e-01 1.000000000000000000e+00
8.542919891816501687e-01 5.927761051823339233e-01 1.000000000000000000e+00
3.786932239307292392e-01 5.281906327194825224e-01 1.000000000000000000e+00
3.355663961629706815e-01 7.799735730483714491e-02 0.000000000000000000e+00
1.967073517704742702e-01 4.826861049751008936e-01 0.000000000000000000e+00
9.334028026325801308e-01 8.900427861220866488e-01 0.000000000000000000e+00
9.761090503501212989e-01 5.875648763077001568e-03 0.000000000000000000e+00
8.049319476611530577e-01 6.748886814661012590e-01 1.000000000000000000e+00
8.896803310809932031e-01 7.110339574835171650e-01 0.000000000000000000e+00
6.159320225034495833e-01 2.980003635404904205e-02 1.000000000000000000e+00
3.279550756577723769e-01 4.202965529020019630e-01 0.000000000000000000e+00
2.360096878503356033e-01 1.912990897713309213e-01 0.000000000000000000e+00
3.963752339976037709e-01 2.235555823092427730e-02 0.000000000000000000e+00
3.739120252815332224e-01 3.387949389705490200e-01 0.000000000000000000e+00
8.823165821988584456e-01 8.550289863951161529e-01 0.000000000000000000e+00
3.263458803956976739e-01 4.468871324698511227e-01 0.000000000000000000e+00
4.682027470632467159e-01 1.840940912519333228e-01 0.000000000000000000e+00
8.900662736799652697e-01 4.546884867079070691e-01 0.000000000000000000e+00
6.340840339685781535e-01 5.922593380170796395e-01 1.000000000000000000e+00
7.373594496859573466e-01 9.549884175516498708e-03 1.000000000000000000e+00
8.566840128711489255e-01 7.757368737393340874e-01 0.000000000000000000e+00
8.283145550537679425e-01 7.397738637074037227e-01 1.000000000000000000e+00
8.656818496524476547e-01 4.914135165362288893e-01 1.000000000000000000e+00
2.856155765126336954e-01 4.270641927048433040e-01 0.000000000000000000e+00
4.164650579583000223e-01 9.381140242230243675e-01 0.000000000000000000e+00
5.896306343808210837e-01 6.355957718510046872e-01 1.000000000000000000e+00
4.871619976162293586e-01 4.785967719646999630e-01 1.000000000000000000e+00
1.371263504459084848e-01 4.538860294104103410e-01 0.000000000000000000e+00
5.023221353883345897e-01 1.439949607141672860e-01 0.000000000000000000e+00
7.078322679590565158e-02 7.327701419092615964e-01 0.000000000000000000e+00
2.865371668457339371e-01 5.998448596765147967e-01 1.000000000000000000e+00
5.106032550696163463e-01 9.589205661905492173e-01 0.000000000000000000e+00
5.466625277244360204e-01 8.120466215979613711e-01 1.000000000000000000e+00
2.861208088491518087e-01 6.429636244154540714e-01 1.000000000000000000e+00
2.092988959989309228e-01 7.998069639498340822e-01 0.000000000000000000e+00
6.948220590511363648e-01 5.217338271408056283e-02 1.000000000000000000e+00
8.597373092938228600e-01 1.725178052457317923e-01 0.000000000000000000e+00
3.216896682729863954e-01 6.025174589838797612e-01 1.000000000000000000e+00
9.440897386075309816e-01 5.858990087073310260e-01 1.000000000000000000e+00
8.653498855618908525e-01 1.621799693229696304e-01 0.000000000000000000e+00
3.613172785515307295e-01 7.202586828979262723e-01 1.000000000000000000e+00
4.399626185684883950e-01 4.120735129773791527e-01 1.000000000000000000e+00
2.866739164327286593e-01 9.309463727055948823e-01 0.000000000000000000e+00
1.045615495635491277e-01 7.523262855810889382e-01 0.000000000000000000e+00
8.065687335945174175e-01 5.460867990895776902e-01 1.000000000000000000e+00
8.946793868355685797e-01 4.575178025197607079e-01 0.000000000000000000e+00
6.547382321990966592e-01 5.862837248121396394e-01 1.000000000000000000e+00
7.841548729913104809e-01 3.645417097757752689e-02 0.000000000000000000e+00
8.660131677175785248e-01 2.939409426441333961e-01 0.000000000000000000e+00
2.855632271411527867e-01 6.077403092716402444e-01 1.000000000000000000e+00
8.309997613528238292e-01 7.625778689818157874e-01 0.000000000000000000e+00
1.985978282258297201e-01 3.843953153772096121e-01 0.000000000000000000e+00
3.031614894852538988e-01 4.681985509682307089e-01 0.000000000000000000e+00
3.819074152384280829e-01 6.953025510114166918e-01 1.000000000000000000e+00
7.498840211076821527e-01 2.372647314343018232e-01 0.000000000000000000e+00
1.449862555166532285e-01 9.542262906783858245e-01 0.000000000000000000e+00
2.185181667574902509e-01 6.155770169096980160e-01 0.000000000000000000e+00
4.703661513586444576e-01 1.508017564556974888e-01 0.000000000000000000e+00
9.549386618514734693e-01 5.374458157273589443e-01 0.000000000000000000e+00
5.995494218839881873e-01 3.079868407433794530e-01 1.000000000000000000e+00
1.132072981572042059e-01 7.354041712055170432e-02 0.000000000000000000e+00
3.764992339776596086e-01 8.943061612774441116e-01 0.000000000000000000e+00
5.502389347687657306e-01 9.557602966667917421e-01 0.000000000000000000e+00
9.601525633262072423e-01 9.173896194333853726e-01 0.000000000000000000e+00
9.266204438253600184e-01 3.015786424538924315e-01 0.000000000000000000e+00
1.246438438519773539e-01 3.626880741149196563e-02 0.000000000000000000e+00
4.668767691351796145e-01 2.515264599820071778e-01 0.000000000000000000e+00
4.335707888779176677e-01 6.894940896646091222e-01 1.000000000000000000e+00
8.014544741873941280e-02 6.868523477765346996e-01 1.000000000000000000e+00
2.245521024546143218e-01 2.223786688132961542e-01 0.000000000000000000e+00
8.592207232621001944e-01 4.090333531678502776e-02 0.000000000000000000e+00
3.898163765914860468e-01 2.069125609939388433e-01 0.000000000000000000e+00
2.467446994395490201e-01 8.014498677489633183e-01 0.000000000000000000e+00
8.329053845239196008e-01 9.581491806108571874e-01 0.000000000000000000e+00
5.376258714643700198e-01 9.104716068498004411e-01 1.000000000000000000e+00
8.683927707183409783e-01 5.818183766376371358e-01 1.000000000000000000e+00
8.536580066188448335e-01 4.519213228317674469e-01 0.000000000000000000e+00
6.666512502121381134e-01 6.372888890740804335e-01 1.000000000000000000e+00
6.234226851420849869e-01 2.645760369878487062e-01 1.000000000000000000e+00
2.378993243338528574e-01 4.944823401325383339e-01 0.000000000000000000e+00
2.071430323791780825e-01 5.411550948845709197e-01 0.000000000000000000e+00
9.816382953701806580e-01 4.721906092891492435e-02 0.000000000000000000e+00
4.520495702699672824e-01 9.565882375105105861e-02 0.000000000000000000e+00
2.314242925895734215e-01 3.529601879534334241e-01 0.000000000000000000e+00
8.405082600815128036e-01 9.794088567454515282e-01 0.000000000000000000e+00
8.796577334392795544e-01 7.140662936920432191e-01 0.000000000000000000e+00
9.130228122040451311e-01 1.248649062264574061e-01 0.000000000000000000e+00
9.514422813025736891e-01 7.713133250479312641e-01 0.000000000000000000e+00
9.072534159965869316e-01 8.702443401391175559e-01 0.000000000000000000e+00
9.309128749786573787e-01 1.756287152578943633e-01 0.000000000000000000e+00
2.900943966752201897e-01 5.155994178898677394e-01 1.000000000000000000e+00
2.094721549311984177e-01 6.403979271711837118e-01 0.000000000000000000e+00
5.194929973140860469e-02 4.749171412963656413e-01 1.000000000000000000e+00
6.895118782194755713e-01 8.319885246986480354e-01 1.000000000000000000e+00
3.413592892755737962e-01 1.068306787839342631e-01 0.000000000000000000e+00
6.492721057705360677e-01 6.533080183686195141e-01 1.000000000000000000e+00
7.301238885238008347e-01 6.471074053330139186e-02 0.000000000000000000e+00
5.608314187539945594e-01 8.789446655672873421e-01 1.000000000000000000e+00
4.333605284733569318e-01 2.704899392684571025e-01 0.000000000000000000e+00
5.734816679984756638e-01 2.060234110904076710e-01 0.000000000000000000e+00
4.670642214774622936e-01 6.279651634708405261e-02 1.000000000000000000e+00
9.089501312749659334e-02 9.548410655674526293e-01 0.000000000000000000e+00
3.477222230824056348e-01 2.668302665864695777e-01 0.000000000000000000e+00
2.885088686398589175e-01 4.303040712176291471e-01 0.000000000000000000e+00
5.109214940744843947e-02 7.617610433366194256e-01 0.000000000000000000e+00
9.074069432092638499e-01 4.295106350694506414e-01 0.000000000000000000e+00
8.586022706945115601e-01 8.105193126171728046e-01 0.000000000000000000e+00
7.934893320754485835e-01 5.706761459517584179e-02 0.000000000000000000e+00
6.478412867702749711e-01 3.632060071707032822e-01 1.000000000000000000e+00
1.278573568052546738e-01 6.139734101195128968e-01 1.000000000000000000e+00
2.358813844916329838e-02 6.645100847349945106e-01 1.000000000000000000e+00
2.759924822092881813e-01 4.969229087702522474e-01 0.000000000000000000e+00
1.710120786359661249e-01 7.141051311445671956e-01 0.000000000000000000e+00
8.047156325157414081e-01 4.666418473548989976e-01 1.000000000000000000e+00
2.479379534331610513e-01 2.988717861571399403e-01 0.000000000000000000e+00
4.403683621989484820e-01 6.521925950961489082e-01 1.000000000000000000e+00
3.507862029095103473e-01 1.293118667125836563e-02 0.000000000000000000e+00
6.726523886147537379e-01 5.454431686005513091e-01 1.000000000000000000e+00
4.922254169526065759e-01 2.140852610833029468e-01 0.000000000000000000e+00
3.583637737520947164e-01 1.516986445247350268e-01 0.000000000000000000e+00
4.730962330816209649e-01 1.490743730316428373e-01 0.000000000000000000e+00
2.552176001142797412e-01 3.930026883022078588e-01 0.000000000000000000e+00
6.260371577282586308e-01 5.984906727554029082e-03 1.000000000000000000e+00
2.463339472653740536e-01 8.108361118858568029e-01 0.000000000000000000e+00
3.635462861768415932e-01 9.507664065364369588e-01 0.000000000000000000e+00
5.371665437312034275e-02 5.712569191488250375e-01 1.000000000000000000e+00
3.392170958967891670e-01 7.996400202172319061e-01 0.000000000000000000e+00
4.396912396591747818e-01 1.078412052852950609e-01 0.000000000000000000e+00
7.717312081678392444e-01 1.742951265932433103e-01 0.000000000000000000e+00
1.828454408828121824e-01 4.486389737044265136e-01 0.000000000000000000e+00
6.550558701856431520e-01 8.412796784588902899e-01 1.000000000000000000e+00
7.036861895695755154e-01 2.300335410268122827e-01 0.000000000000000000e+00
7.813853483068550210e-01 9.362580980703567590e-01 0.000000000000000000e+00
1.869856482399341324e-01 2.583994166443992491e-01 0.000000000000000000e+00
1.202921949853127392e-01 8.280058291082161848e-01 0.000000000000000000e+00
7.551043562567890666e-01 9.247459559374923144e-01 0.000000000000000000e+00
7.351958385871080193e-01 2.114555392698067582e-01 0.000000000000000000e+00
9.442315284559070765e-01 9.862947680289912977e-02 0.000000000000000000e+00
9.966912978212886243e-01 7.006938258018328147e-01 0.000000000000000000e+00
8.314874207004152584e-01 3.520575335323899990e-01 0.000000000000000000e+00
5.661115684670716686e-01 7.515734735478083461e-01 1.000000000000000000e+00
9.702609144867528901e-01 1.289268110642822762e-01 0.000000000000000000e+00
9.911711295969023450e-01 9.614152489397457257e-01 0.000000000000000000e+00
8.792162947635657755e-01 7.751484333804770088e-01 0.000000000000000000e+00
7.307399147809605644e-01 9.622068574169426736e-01 0.000000000000000000e+00
5.004558153430194167e-01 4.736556198222969805e-01 1.000000000000000000e+00
1.429482929987609952e-01 3.118207061019429016e-02 0.000000000000000000e+00
2.538071691123852114e-01 8.767435089951485239e-01 0.000000000000000000e+00
4.445158606444277183e-02 9.836477900672890851e-01 0.000000000000000000e+00
2.263466475679254408e-02 2.140653476825202794e-01 0.000000000000000000e+00
2.795636277072282017e-01 6.471719560942966742e-01 1.000000000000000000e+00
7.892411020985040659e-01 3.974295275362108582e-01 1.000000000000000000e+00
2.258419698681725096e-01 3.223427219260414089e-01 0.000000000000000000e+00
5.163788995665109516e-01 3.464559787523583401e-01 1.000000000000000000e+00
6.592730205704931956e-01 8.907926131865424590e-01 1.000000000000000000e+00
5.075458158993759739e-01 8.622266393599451462e-01 1.000000000000000000e+00
6.591364086814992529e-01 4.991986338689942126e-01 1.000000000000000000e+00
4.358520030308070670e-01 1.813405848282715338e-01 0.000000000000000000e+00
9.255457930254575860e-01 4.544370227760934355e-01 0.000000000000000000e+00
8.026451838845176656e-01 6.371549521794803717e-01 1.000000000000000000e+00
4.214130675310888696e-01 5.922010720508362747e-01 1.000000000000000000e+00
2.364691052159454410e-01 3.560271465179654093e-01 0.000000000000000000e+00
2.736314331584476234e-01 2.367118540985255759e-01 0.000000000000000000e+00
7.685609947492993976e-01 8.904949110785836952e-01 0.000000000000000000e+00
6.392146130834348572e-01 6.140754999829849403e-01 1.000000000000000000e+00
2.788208413250025108e-01 9.086411952201406406e-01 0.000000000000000000e+00
7.793210653202881089e-01 9.689917826345350038e-01 0.000000000000000000e+00
9.785097465233695280e-01 1.255187539720615808e-01 0.000000000000000000e+00
1.549869341179457294e-01 4.173717468467205149e-01 0.000000000000000000e+00
5.663735465349045706e-01 2.747792413955321145e-01 1.000000000000000000e+00
5.048210619676130051e-02 9.378075006380178769e-01 0.000000000000000000e+00
6.870305232484956726e-01 7.313416336331757250e-03 1.000000000000000000e+00
9.221827658980034093e-01 2.927161351171806425e-01 0.000000000000000000e+00
5.814259699566307615e-01 7.426641315624684658e-01 1.000000000000000000e+00
2.057906032796356088e-01 6.277846957486534762e-01 0.000000000000000000e+00
6.323438323282158935e-01 6.891448175918913899e-01 1.000000000000000000e+00
5.344905139883501244e-01 8.627931529655160636e-01 1.000000000000000000e+00
8.581615800763399138e-01 8.325305039953498909e-01 0.000000000000000000e+00
4.455467511498226729e-01 4.414387527847598580e-01 1.000000000000000000e+00
9.628689733623873037e-01 6.977215513828497473e-01 0.000000000000000000e+00
1.378454899461493133e-01 5.276017017204402970e-01 0.000000000000000000e+00
8.999146973123186566e-01 5.088968647500068387e-01 1.000000000000000000e+00
6.790612867340019010e-01 7.763876750850627895e-01 1.000000000000000000e+00
2.284407838599548102e-01 2.943048045774698807e-01 0.000000000000000000e+00
4.791026169734520224e-01 1.880591533851955210e-01 0.000000000000000000e+00
8.200511902479511450e-01 7.553685710439554946e-01 0.000000000000000000e+00
1.410967225418435778e-01 5.344526272694051228e-01 1.000000000000000000e+00
4.380357456529226923e-02 1.290830694423266145e-01 0.000000000000000000e+00
6.125936550594696106e-01 6.551389617103690055e-01 1.000000000000000000e+00
7.717018263327398708e-01 7.289922778176889384e-01 1.000000000000000000e+00
8.304598788664858677e-01 2.357869016181667332e-01 0.000000000000000000e+00
3.697972587692081037e-01 1.700627180227329838e-01 0.000000000000000000e+00
8.611751674930682166e-01 6.096459417704469530e-01 1.000000000000000000e+00
1.972718531896229255e-01 9.891923805082636356e-01 0.000000000000000000e+00
6.086680817865940396e-01 4.067467102959928527e-01 1.000000000000000000e+00
3.069686629239494202e-01 2.374972933890037163e-01 0.000000000000000000e+00
9.544346818943767463e-01 9.680647872450010016e-01 0.000000000000000000e+00
5.758566568027572163e-01 8.334971244635429599e-01 1.000000000000000000e+00
2.465771750956522457e-01 7.701538064143579332e-01 0.000000000000000000e+00
9.264089251338065711e-01 6.860487925954478206e-01 0.000000000000000000e+00
2.827451189900082040e-01 9.488547547382137903e-01 0.000000000000000000e+00
1.283507442416700339e-01 6.394804480407678682e-02 0.000000000000000000e+00
2.967956870660972690e-01 4.584634461506759129e-01 0.000000000000000000e+00
4.165439090841138725e-02 8.661767610892908698e-01 0.000000000000000000e+00
1.631432820151332841e-01 4.467134219411595941e-01 0.000000000000000000e+00
1.675247982494820764e-01 2.532292649489817915e-01 0.000000000000000000e+00
8.696512442887232019e-01 5.005477684459073151e-01 1.000000000000000000e+00
7.693333440877400120e-01 9.439145884620525617e-02 0.000000000000000000e+00
4.565132844949291169e-01 3.010819274336006268e-01 0.000000000000000000e+00
9.757316533723958685e-01 7.438564956966814412e-01 0.000000000000000000e+00
9.083390752381952371e-01 7.557786498474774461e-01 0.000000000000000000e+00
7.943234639311096412e-01 4.516852018295579585e-01 1.000000000000000000e+00
5.789736552951492143e-01 3.540971670621581024e-01 1.000000000000000000e+00
8.052240980609763898e-01 3.966252508478198546e-01 0.000000000000000000e+00
5.715238646134924716e-01 2.544074033154352099e-01 1.000000000000000000e+00
6.021669144443988486e-01 8.770255384381402397e-01 1.000000000000000000e+00
3.367786431203454445e-01 4.987120073635676887e-01 1.000000000000000000e+00
5.258896415939763314e-01 5.432910610085417424e-02 1.000000000000000000e+00
1.326585208271331418e-01 2.848214780868031371e-01 0.000000000000000000e+00
5.424859569252291625e-01 3.949773041045492317e-01 1.000000000000000000e+00
6.646218358833065887e-01 4.828555322920594639e-01 1.000000000000000000e+00
9.864824408796223354e-01 7.364755688696134062e-02 0.000000000000000000e+00
9.524684462811232599e-01 7.227649345674117543e-01 0.000000000000000000e+00
2.996926460980351425e-01 6.639500651002518961e-01 1.000000000000000000e+00
7.917538824840830713e-01 1.711392869024254137e-01 0.000000000000000000e+00
6.694045535656982793e-01 5.857351154923944314e-01 1.000000000000000000e+00
6.816365785817294354e-01 2.551404370421677115e-01 0.000000000000000000e+00
9.472581903617460775e-01 5.013134031649000288e-01 0.000000000000000000e+00
7.362354483650481729e-01 1.236133815365209054e-01 0.000000000000000000e+00
9.312367790497513287e-01 9.338065081999887829e-01 0.000000000000000000e+00
7.416067959103045393e-02 2.562519772791661543e-01 0.000000000000000000e+00
9.298803304035816453e-01 1.576759264923921489e-02 0.000000000000000000e+00
4.713473825374676629e-01 8.588626113423716291e-01 1.000000000000000000e+00
5.999632615023298143e-01 2.893815277802103125e-01 1.000000000000000000e+00
2.998552091760231519e-01 2.397412856837286554e-01 0.000000000000000000e+00
7.465766709663882450e-01 8.173851782350058937e-01 1.000000000000000000e+00
8.123299717243818163e-01 7.673350700481692543e-01 0.000000000000000000e+00
3.635972817517484357e-01 4.666112686485488492e-01 1.000000000000000000e+00
6.623665416574139320e-01 4.369213449450624065e-01 1.000000000000000000e+00
3.653844866208832975e-01 9.438286321264408585e-01 0.000000000000000000e+00
5.382528567110012041e-01 4.876534286977128874e-01 1.000000000000000000e+00
4.736927465510160085e-01 8.679484317684942329e-01 0.000000000000000000e+00
6.891734770295776524e-02 3.527590629797793254e-01 0.000000000000000000e+00
7.455747883863453884e-01 5.305326709159826626e-01 1.000000000000000000e+00
9.441405890830416592e-01 7.754566318118812918e-01 0.000000000000000000e+00
1.080153481010648342e-01 4.430273612571867803e-01 0.000000000000000000e+00
1.434288511332170168e-01 8.672381926547704234e-01 0.000000000000000000e+00
4.680081168447558504e-01 4.105731519463089452e-01 1.000000000000000000e+00
8.850474197481504879e-01 6.286029341347754151e-02 0.000000000000000000e+00
6.059028976610270067e-02 3.316224667292149153e-01 0.000000000000000000e+00
5.894709772766899558e-01 1.104193235850209343e-01 1.000000000000000000e+00
6.443246004691330908e-01 8.783570081008678088e-01 1.000000000000000000e+00
4.148259746850812002e-01 6.653185441362248209e-01 1.000000000000000000e+00
